{
  "type": "corpus",
  "project": "obmc",
  "source": "http://oracc.org/obmc",
  "license": "This data is released under the CC0 license",
  "license-url": "https://creativecommons.org/publicdomain/zero/1.0/",
  "more-info": "http://oracc.org/doc/opendata/",
  "UTC-timestamp": "2019-02-04T17:10:56",
  "members": {
    "P200932": "corpusjson/P200932.json",
    "P227962": "corpusjson/P227962.json",
    "P227988": "corpusjson/P227988.json",
    "P228140": "corpusjson/P228140.json",
    "P228991": "corpusjson/P228991.json",
    "P229038": "corpusjson/P229038.json",
    "P229216": "corpusjson/P229216.json",
    "P229278": "corpusjson/P229278.json",
    "P229318": "corpusjson/P229318.json",
    "P229411": "corpusjson/P229411.json",
    "P229564": "corpusjson/P229564.json",
    "P229621": "corpusjson/P229621.json",
    "P229699": "corpusjson/P229699.json",
    "P229702": "corpusjson/P229702.json",
    "P229743": "corpusjson/P229743.json",
    "P229764": "corpusjson/P229764.json",
    "P229931": "corpusjson/P229931.json",
    "P229940": "corpusjson/P229940.json",
    "P229969": "corpusjson/P229969.json",
    "P229997": "corpusjson/P229997.json",
    "P230144": "corpusjson/P230144.json",
    "P230212": "corpusjson/P230212.json",
    "P230280": "corpusjson/P230280.json",
    "P230420": "corpusjson/P230420.json",
    "P230428": "corpusjson/P230428.json",
    "P230464": "corpusjson/P230464.json",
    "P230558": "corpusjson/P230558.json",
    "P230580": "corpusjson/P230580.json",
    "P230591": "corpusjson/P230591.json",
    "P230618": "corpusjson/P230618.json",
    "P230620": "corpusjson/P230620.json",
    "P230624": "corpusjson/P230624.json",
    "P230625": "corpusjson/P230625.json",
    "P230627": "corpusjson/P230627.json",
    "P230632": "corpusjson/P230632.json",
    "P230634": "corpusjson/P230634.json",
    "P230642": "corpusjson/P230642.json",
    "P230643": "corpusjson/P230643.json",
    "P230644": "corpusjson/P230644.json",
    "P230649": "corpusjson/P230649.json",
    "P230651": "corpusjson/P230651.json",
    "P230659": "corpusjson/P230659.json",
    "P230661": "corpusjson/P230661.json",
    "P230662": "corpusjson/P230662.json",
    "P230664": "corpusjson/P230664.json",
    "P230665": "corpusjson/P230665.json",
    "P230667": "corpusjson/P230667.json",
    "P230676": "corpusjson/P230676.json",
    "P230677": "corpusjson/P230677.json",
    "P230698": "corpusjson/P230698.json",
    "P230711": "corpusjson/P230711.json",
    "P230713": "corpusjson/P230713.json",
    "P230715": "corpusjson/P230715.json",
    "P230721": "corpusjson/P230721.json",
    "P230722": "corpusjson/P230722.json",
    "P230723": "corpusjson/P230723.json",
    "P230726": "corpusjson/P230726.json",
    "P230727": "corpusjson/P230727.json",
    "P230728": "corpusjson/P230728.json",
    "P230734": "corpusjson/P230734.json",
    "P230746": "corpusjson/P230746.json",
    "P230751": "corpusjson/P230751.json",
    "P230753": "corpusjson/P230753.json",
    "P230754": "corpusjson/P230754.json",
    "P230765": "corpusjson/P230765.json",
    "P230775": "corpusjson/P230775.json",
    "P230776": "corpusjson/P230776.json",
    "P230793": "corpusjson/P230793.json",
    "P230794": "corpusjson/P230794.json",
    "P230801": "corpusjson/P230801.json",
    "P230806": "corpusjson/P230806.json",
    "P231446": "corpusjson/P231446.json",
    "P231448": "corpusjson/P231448.json",
    "P231449": "corpusjson/P231449.json",
    "P231450": "corpusjson/P231450.json",
    "P231451": "corpusjson/P231451.json",
    "P248006": "corpusjson/P248006.json",
    "P250815": "corpusjson/P250815.json",
    "P251516": "corpusjson/P251516.json",
    "P251517": "corpusjson/P251517.json",
    "P251564": "corpusjson/P251564.json",
    "P251568": "corpusjson/P251568.json",
    "P252010": "corpusjson/P252010.json",
    "P252249": "corpusjson/P252249.json",
    "P252260": "corpusjson/P252260.json",
    "P252262": "corpusjson/P252262.json",
    "P252271": "corpusjson/P252271.json",
    "P252274": "corpusjson/P252274.json",
    "P252280": "corpusjson/P252280.json",
    "P252290": "corpusjson/P252290.json",
    "P252326": "corpusjson/P252326.json",
    "P253216": "corpusjson/P253216.json",
    "P253576": "corpusjson/P253576.json",
    "P254010": "corpusjson/P254010.json",
    "P255081": "corpusjson/P255081.json",
    "P273797": "corpusjson/P273797.json",
    "P273878": "corpusjson/P273878.json",
    "P289409": "corpusjson/P289409.json",
    "P342643": "corpusjson/P342643.json",
    "P342646": "corpusjson/P342646.json",
    "P368906": "corpusjson/P368906.json",
    "P368911": "corpusjson/P368911.json",
    "P388287": "corpusjson/P388287.json",
    "P388288": "corpusjson/P388288.json",
    "P388305": "corpusjson/P388305.json",
    "P388376": "corpusjson/P388376.json",
    "P388377": "corpusjson/P388377.json",
    "P388580": "corpusjson/P388580.json",
    "P390404": "corpusjson/P390404.json",
    "P411563": "corpusjson/P411563.json",
    "P459215": "corpusjson/P459215.json",
    "X000001": "corpusjson/X000001.json",
    "X000002": "corpusjson/X000002.json",
    "X000007": "corpusjson/X000007.json",
    "X000008": "corpusjson/X000008.json",
    "X000011": "corpusjson/X000011.json",
    "X000012": "corpusjson/X000012.json",
    "X000013": "corpusjson/X000013.json"
  }
}
