{
  "type": "glossary",
  "project": "obmc",
  "source": "http://oracc.org/obmc",
  "license": "This data is released under the CC0 license",
  "license-url": "https://creativecommons.org/publicdomain/zero/1.0/",
  "more-info": "http://oracc.org/doc/opendata/",
  "UTC-timestamp": "2019-01-31T16:13:23",
  "lang": "qpn-x-temple",
  "entries": [
    {
      "headword": "Ubšuʾunkenak[1]TN",
      "id": "qpn-x-temple.x0000000",
      "icount": "1",
      "ipct": "100",
      "xis": "qpn.r000001",
      "dc_title": "obmc/qpn-x-temple/Ubšuʾunkenak[1]",
      "cf": "Ubšuʾunkenak",
      "gw": "1",
      "pos": "TN",
      "forms": [
        {
          "type": "form",
          "id": "qpn-x-temple.x0000001",
          "n": "ub-šu-unken-na-ka",
          "icount": "1",
          "ipct": "100",
          "xis": "qpn.r000001"
        }
      ],
      "norms": [
        {
          "id": "qpn-x-temple.x0000002",
          "icount": "1",
          "ipct": "100",
          "xis": "qpn.r000001",
          "n": "Ubšuʾunkenak,a",
          "forms": [
            {
              "type": "normform",
              "id": "qpn-x-temple.x0000003",
              "ref": "qpn-x-temple.x0000001",
              "icount": "1",
              "ipct": "100",
              "xis": "qpn.r000001"
            }
          ]
        }
      ],
      "bases": [
        {
          "type": "base",
          "id": "qpn-x-temple.x0000004",
          "n": "ub-šu-unken-na",
          "icount": "1",
          "ipct": "100",
          "xis": "qpn.r000001"
        }
      ],
      "morphs": [
        {
          "type": "morph",
          "id": "qpn-x-temple.x0000005",
          "n": "~,a",
          "icount": "1",
          "ipct": "100",
          "xis": "qpn.r000001"
        }
      ],
      "senses": [
        {
          "type": "sense",
          "id": "qpn-x-temple.x0000006",
          "n": "Ubšuʾunkenak[1//1]TN'TN",
          "icount": "1",
          "ipct": "100",
          "xis": "qpn.r000001",
          "num": "1.",
          "pos": "TN",
          "mng": "1",
          "forms": [
            {
              "type": "form",
              "id": "qpn-x-temple.x0000007",
              "n": "ub-šu-unken-na-ka",
              "ref": "qpn-x-temple.x0000001",
              "icount": "1",
              "ipct": "100",
              "xis": "qpn.r000001"
            }
          ],
          "norms": [
            {
              "id": "qpn-x-temple.x0000008",
              "n": "Ubšuʾunkenak,a",
              "icount": "1",
              "ipct": "100",
              "xis": "qpn.r000001"
            }
          ],
          "bases": [
            {
              "type": "base",
              "id": "qpn-x-temple.x0000009",
              "n": "ub-šu-unken-na",
              "icount": "1",
              "ipct": "100",
              "xis": "qpn.r000001"
            }
          ],
          "morphs": [
            {
              "type": "morph",
              "id": "qpn-x-temple.x0000010",
              "n": "~,a",
              "icount": "1",
              "ipct": "100",
              "xis": "qpn.r000001"
            }
          ],
          "sigs": [
            {
              "type": "sig",
              "id": "qpn-x-temple.x0000011",
              "sig": "@obmc%sux:ub-šu-unken-na-ka=Ubšuʾunkenak[1//1]TN'TN$Ubšuʾunkenak,a/ub-šu-unken-na#~,a",
              "icount": "1",
              "ipct": "100",
              "xis": "qpn.r000001"
            }
          ]
        }
      ],
      "periods": [
        {
          "p": "Old Babylonian",
          "icount": "1",
          "ipct": "100",
          "xis": "qpn.r000001.p.s000"
        }
      ]
    }
  ],
  "instances": {
    "qpn.r000001": [
      "obmc:P342643.195.1"
    ],
    "qpn.r000001.p.s000": [
      "obmc:P342643.195.1"
    ]
  },
  "summaries": {
    "qpn-x-temple.x0000000": "<p class=\"summary\" id=\"qpn-x-temple.x0000000\"><span class=\"summary\"><span class=\"summary-headword\"><a href=\"javascript:p3Article('/obmc/cbd/qpn-x-temple/qpn-x-temple.x0000000.html')\"><span class=\"cf\">Ubšuʾunkenak</span> [<span class=\"gw\">1</span>] <span class=\"cf\">TN</span></a> (1x) </span>Old Babylonian  wr. <span class=\"wr\"><span class=\"w \" id=\"\"><span x=\"3\" class=\"sux\">ub</span>-<span x=\"3\" class=\"sux\">šu</span>-<span x=\"3\" class=\"sux\">unken</span>-<span x=\"3\" class=\"sux\">na</span></span></span> \"1\"</span></p>"
  }
}
