{
  "type": "glossary",
  "project": "obmc",
  "source": "http://oracc.org/obmc",
  "license": "This data is released under the CC0 license",
  "license-url": "https://creativecommons.org/publicdomain/zero/1.0/",
  "more-info": "http://oracc.org/doc/opendata/",
  "UTC-timestamp": "2019-01-31T16:13:23",
  "lang": "qpn-x-places",
  "entries": [
    {
      "headword": "Apiak[1]GN",
      "id": "qpn-x-places.x0000000",
      "icount": "1",
      "ipct": "100",
      "xis": "qpn.r000001",
      "dc_title": "obmc/qpn-x-places/Apiak[1]",
      "cf": "Apiak",
      "gw": "1",
      "pos": "GN",
      "forms": [
        {
          "type": "form",
          "id": "qpn-x-places.x0000001",
          "n": "a-bi₂-ak",
          "icount": "1",
          "ipct": "100",
          "xis": "qpn.r000001"
        }
      ],
      "norms": [
        {
          "id": "qpn-x-places.x0000002",
          "icount": "1",
          "ipct": "100",
          "xis": "qpn.r000001",
          "n": "Apiak",
          "forms": [
            {
              "type": "normform",
              "id": "qpn-x-places.x0000003",
              "ref": "qpn-x-places.x0000001",
              "icount": "1",
              "ipct": "100",
              "xis": "qpn.r000001"
            }
          ]
        }
      ],
      "bases": [
        {
          "type": "base",
          "id": "qpn-x-places.x0000004",
          "n": "a-bi₂-ak",
          "icount": "1",
          "ipct": "100",
          "xis": "qpn.r000001"
        }
      ],
      "morphs": [
        {
          "type": "morph",
          "id": "qpn-x-places.x0000005",
          "n": "~",
          "icount": "1",
          "ipct": "100",
          "xis": "qpn.r000001"
        }
      ],
      "senses": [
        {
          "type": "sense",
          "id": "qpn-x-places.x0000006",
          "n": "Apiak[1//1]GN'GN",
          "icount": "1",
          "ipct": "100",
          "xis": "qpn.r000001",
          "num": "1.",
          "pos": "GN",
          "mng": "1",
          "forms": [
            {
              "type": "form",
              "id": "qpn-x-places.x0000007",
              "n": "a-bi₂-ak",
              "ref": "qpn-x-places.x0000001",
              "icount": "1",
              "ipct": "100",
              "xis": "qpn.r000001"
            }
          ],
          "norms": [
            {
              "id": "qpn-x-places.x0000008",
              "n": "Apiak",
              "icount": "1",
              "ipct": "100",
              "xis": "qpn.r000001"
            }
          ],
          "bases": [
            {
              "type": "base",
              "id": "qpn-x-places.x0000009",
              "n": "a-bi₂-ak",
              "icount": "1",
              "ipct": "100",
              "xis": "qpn.r000001"
            }
          ],
          "morphs": [
            {
              "type": "morph",
              "id": "qpn-x-places.x0000010",
              "n": "~",
              "icount": "1",
              "ipct": "100",
              "xis": "qpn.r000001"
            }
          ],
          "sigs": [
            {
              "type": "sig",
              "id": "qpn-x-places.x0000011",
              "sig": "@obmc%sux:a-bi₂-ak=Apiak[1//1]GN'GN$Apiak/a-bi₂-ak#~",
              "icount": "1",
              "ipct": "100",
              "xis": "qpn.r000001"
            }
          ]
        }
      ],
      "periods": [
        {
          "p": "Old Babylonian",
          "icount": "1",
          "ipct": "100",
          "xis": "qpn.r000001.p.s000"
        }
      ]
    },
    {
      "headword": "Babilu[1]GN",
      "id": "qpn-x-places.x0000012",
      "icount": "2",
      "ipct": "100",
      "xis": "qpn.r000002",
      "dc_title": "obmc/qpn-x-places/Babilu[1]",
      "cf": "Babilu",
      "gw": "1",
      "pos": "GN",
      "forms": [
        {
          "type": "form",
          "id": "qpn-x-places.x0000013",
          "n": "TIN.TIR{ki}",
          "icount": "2",
          "ipct": "100",
          "xis": "qpn.r000002"
        }
      ],
      "norms": [
        {
          "id": "qpn-x-places.x0000014",
          "icount": "2",
          "ipct": "100",
          "xis": "qpn.r000002",
          "n": "Babilu",
          "forms": [
            {
              "type": "normform",
              "id": "qpn-x-places.x0000015",
              "ref": "qpn-x-places.x0000013",
              "icount": "2",
              "ipct": "100",
              "xis": "qpn.r000002"
            }
          ]
        }
      ],
      "bases": [
        {
          "type": "base",
          "id": "qpn-x-places.x0000016",
          "n": "TIN.TIR{ki}",
          "icount": "2",
          "ipct": "100",
          "xis": "qpn.r000002"
        }
      ],
      "morphs": [
        {
          "type": "morph",
          "id": "qpn-x-places.x0000017",
          "n": "~",
          "icount": "2",
          "ipct": "100",
          "xis": "qpn.r000002"
        }
      ],
      "senses": [
        {
          "type": "sense",
          "id": "qpn-x-places.x0000018",
          "n": "Babilu[1//1]GN'GN",
          "icount": "2",
          "ipct": "100",
          "xis": "qpn.r000002",
          "num": "1.",
          "pos": "GN",
          "mng": "1",
          "forms": [
            {
              "type": "form",
              "id": "qpn-x-places.x0000019",
              "n": "TIN.TIR{ki}",
              "ref": "qpn-x-places.x0000013",
              "icount": "2",
              "ipct": "100",
              "xis": "qpn.r000002"
            }
          ],
          "norms": [
            {
              "id": "qpn-x-places.x0000020",
              "n": "Babilu",
              "icount": "2",
              "ipct": "100",
              "xis": "qpn.r000002"
            }
          ],
          "bases": [
            {
              "type": "base",
              "id": "qpn-x-places.x0000021",
              "n": "TIN.TIR{ki}",
              "icount": "2",
              "ipct": "100",
              "xis": "qpn.r000002"
            }
          ],
          "morphs": [
            {
              "type": "morph",
              "id": "qpn-x-places.x0000022",
              "n": "~",
              "icount": "2",
              "ipct": "100",
              "xis": "qpn.r000002"
            }
          ],
          "sigs": [
            {
              "type": "sig",
              "id": "qpn-x-places.x0000023",
              "sig": "@obmc%sux:TIN.TIR{ki}=Babilu[1//1]GN'GN$Babilu/TIN.TIR{ki}#~",
              "icount": "2",
              "ipct": "100",
              "xis": "qpn.r000002"
            }
          ]
        }
      ],
      "periods": [
        {
          "p": "Old Babylonian",
          "icount": "2",
          "ipct": "100",
          "xis": "qpn.r000002.p.s000"
        }
      ]
    },
    {
      "headword": "Bit-Sin[1]GN",
      "id": "qpn-x-places.x0000024",
      "icount": "1",
      "ipct": "100",
      "xis": "qpn.r000003",
      "dc_title": "obmc/qpn-x-places/Bit-Sin[1]",
      "cf": "Bit-Sin",
      "gw": "1",
      "pos": "GN",
      "forms": [
        {
          "type": "form",
          "id": "qpn-x-places.x0000025",
          "n": "e₂-{d}suen{ki}-še₃",
          "icount": "1",
          "ipct": "100",
          "xis": "qpn.r000003"
        }
      ],
      "norms": [
        {
          "id": "qpn-x-places.x0000026",
          "icount": "1",
          "ipct": "100",
          "xis": "qpn.r000003",
          "n": "Bit-Sin,eše",
          "forms": [
            {
              "type": "normform",
              "id": "qpn-x-places.x0000027",
              "ref": "qpn-x-places.x0000025",
              "icount": "1",
              "ipct": "100",
              "xis": "qpn.r000003"
            }
          ]
        }
      ],
      "bases": [
        {
          "type": "base",
          "id": "qpn-x-places.x0000028",
          "n": "e₂-{d}suen{ki}",
          "icount": "1",
          "ipct": "100",
          "xis": "qpn.r000003"
        }
      ],
      "morphs": [
        {
          "type": "morph",
          "id": "qpn-x-places.x0000029",
          "n": "~,eše",
          "icount": "1",
          "ipct": "100",
          "xis": "qpn.r000003"
        }
      ],
      "senses": [
        {
          "type": "sense",
          "id": "qpn-x-places.x0000030",
          "n": "Bit-Sin[1//1]GN'GN",
          "icount": "1",
          "ipct": "100",
          "xis": "qpn.r000003",
          "num": "1.",
          "pos": "GN",
          "mng": "1",
          "forms": [
            {
              "type": "form",
              "id": "qpn-x-places.x0000031",
              "n": "e₂-{d}suen{ki}-še₃",
              "ref": "qpn-x-places.x0000025",
              "icount": "1",
              "ipct": "100",
              "xis": "qpn.r000003"
            }
          ],
          "norms": [
            {
              "id": "qpn-x-places.x0000032",
              "n": "Bit-Sin,eše",
              "icount": "1",
              "ipct": "100",
              "xis": "qpn.r000003"
            }
          ],
          "bases": [
            {
              "type": "base",
              "id": "qpn-x-places.x0000033",
              "n": "e₂-{d}suen{ki}",
              "icount": "1",
              "ipct": "100",
              "xis": "qpn.r000003"
            }
          ],
          "morphs": [
            {
              "type": "morph",
              "id": "qpn-x-places.x0000034",
              "n": "~,eše",
              "icount": "1",
              "ipct": "100",
              "xis": "qpn.r000003"
            }
          ],
          "sigs": [
            {
              "type": "sig",
              "id": "qpn-x-places.x0000035",
              "sig": "@obmc%sux:e₂-{d}suen{ki}-še₃=Bit-Sin[1//1]GN'GN$Bit-Sin,eše/e₂-{d}suen{ki}#~,eše",
              "icount": "1",
              "ipct": "100",
              "xis": "qpn.r000003"
            }
          ]
        }
      ],
      "periods": [
        {
          "p": "Old Babylonian",
          "icount": "1",
          "ipct": "100",
          "xis": "qpn.r000003.p.s000"
        }
      ]
    },
    {
      "headword": "Ibrat[1]GN",
      "id": "qpn-x-places.x0000036",
      "icount": "1",
      "ipct": "100",
      "xis": "qpn.r000005",
      "dc_title": "obmc/qpn-x-places/Ibrat[1]",
      "cf": "Ibrat",
      "gw": "1",
      "pos": "GN",
      "forms": [
        {
          "type": "form",
          "id": "qpn-x-places.x0000037",
          "n": "ib-ra-at{ki}",
          "icount": "1",
          "ipct": "100",
          "xis": "qpn.r000005"
        }
      ],
      "norms": [
        {
          "id": "qpn-x-places.x0000038",
          "icount": "1",
          "ipct": "100",
          "xis": "qpn.r000005",
          "n": "Ibrat",
          "forms": [
            {
              "type": "normform",
              "id": "qpn-x-places.x0000039",
              "ref": "qpn-x-places.x0000037",
              "icount": "1",
              "ipct": "100",
              "xis": "qpn.r000005"
            }
          ]
        }
      ],
      "bases": [
        {
          "type": "base",
          "id": "qpn-x-places.x0000040",
          "n": "ib-ra-at{ki}",
          "icount": "1",
          "ipct": "100",
          "xis": "qpn.r000005"
        }
      ],
      "morphs": [
        {
          "type": "morph",
          "id": "qpn-x-places.x0000041",
          "n": "~",
          "icount": "1",
          "ipct": "100",
          "xis": "qpn.r000005"
        }
      ],
      "senses": [
        {
          "type": "sense",
          "id": "qpn-x-places.x0000042",
          "n": "Ibrat[1//1]GN'GN",
          "icount": "1",
          "ipct": "100",
          "xis": "qpn.r000005",
          "num": "1.",
          "pos": "GN",
          "mng": "1",
          "forms": [
            {
              "type": "form",
              "id": "qpn-x-places.x0000043",
              "n": "ib-ra-at{ki}",
              "ref": "qpn-x-places.x0000037",
              "icount": "1",
              "ipct": "100",
              "xis": "qpn.r000005"
            }
          ],
          "norms": [
            {
              "id": "qpn-x-places.x0000044",
              "n": "Ibrat",
              "icount": "1",
              "ipct": "100",
              "xis": "qpn.r000005"
            }
          ],
          "bases": [
            {
              "type": "base",
              "id": "qpn-x-places.x0000045",
              "n": "ib-ra-at{ki}",
              "icount": "1",
              "ipct": "100",
              "xis": "qpn.r000005"
            }
          ],
          "morphs": [
            {
              "type": "morph",
              "id": "qpn-x-places.x0000046",
              "n": "~",
              "icount": "1",
              "ipct": "100",
              "xis": "qpn.r000005"
            }
          ],
          "sigs": [
            {
              "type": "sig",
              "id": "qpn-x-places.x0000047",
              "sig": "@obmc%sux:ib-ra-at{ki}=Ibrat[1//1]GN'GN$Ibrat/ib-ra-at{ki}#~",
              "icount": "1",
              "ipct": "100",
              "xis": "qpn.r000005"
            }
          ]
        }
      ],
      "periods": [
        {
          "p": "Old Babylonian",
          "icount": "1",
          "ipct": "100",
          "xis": "qpn.r000005.p.s000"
        }
      ]
    },
    {
      "headword": "IM[1]SN",
      "id": "qpn-x-places.x0000048",
      "icount": "2",
      "ipct": "100",
      "xis": "qpn.r000004",
      "dc_title": "obmc/qpn-x-places/IM[1]",
      "cf": "IM",
      "gw": "1",
      "pos": "SN",
      "forms": [
        {
          "type": "form",
          "id": "qpn-x-places.x0000049",
          "n": "IM{ki}",
          "icount": "2",
          "ipct": "100",
          "xis": "qpn.r000004"
        }
      ],
      "norms": [
        {
          "id": "qpn-x-places.x0000050",
          "icount": "2",
          "ipct": "100",
          "xis": "qpn.r000004",
          "n": "IM",
          "forms": [
            {
              "type": "normform",
              "id": "qpn-x-places.x0000051",
              "ref": "qpn-x-places.x0000049",
              "icount": "2",
              "ipct": "100",
              "xis": "qpn.r000004"
            }
          ]
        }
      ],
      "bases": [
        {
          "type": "base",
          "id": "qpn-x-places.x0000052",
          "n": "IM{ki}",
          "icount": "2",
          "ipct": "100",
          "xis": "qpn.r000004"
        }
      ],
      "morphs": [
        {
          "type": "morph",
          "id": "qpn-x-places.x0000053",
          "n": "~",
          "icount": "2",
          "ipct": "100",
          "xis": "qpn.r000004"
        }
      ],
      "senses": [
        {
          "type": "sense",
          "id": "qpn-x-places.x0000054",
          "n": "IM[1//1]SN'SN",
          "icount": "2",
          "ipct": "100",
          "xis": "qpn.r000004",
          "num": "1.",
          "pos": "SN",
          "mng": "1",
          "forms": [
            {
              "type": "form",
              "id": "qpn-x-places.x0000055",
              "n": "IM{ki}",
              "ref": "qpn-x-places.x0000049",
              "icount": "2",
              "ipct": "100",
              "xis": "qpn.r000004"
            }
          ],
          "norms": [
            {
              "id": "qpn-x-places.x0000056",
              "n": "IM",
              "icount": "2",
              "ipct": "100",
              "xis": "qpn.r000004"
            }
          ],
          "bases": [
            {
              "type": "base",
              "id": "qpn-x-places.x0000057",
              "n": "IM{ki}",
              "icount": "2",
              "ipct": "100",
              "xis": "qpn.r000004"
            }
          ],
          "morphs": [
            {
              "type": "morph",
              "id": "qpn-x-places.x0000058",
              "n": "~",
              "icount": "2",
              "ipct": "100",
              "xis": "qpn.r000004"
            }
          ],
          "sigs": [
            {
              "type": "sig",
              "id": "qpn-x-places.x0000059",
              "sig": "@obmc%sux:IM{ki}=IM[1//1]SN'SN$IM/IM{ki}#~",
              "icount": "2",
              "ipct": "100",
              "xis": "qpn.r000004"
            }
          ]
        }
      ],
      "periods": [
        {
          "p": "Old Babylonian",
          "icount": "2",
          "ipct": "100",
          "xis": "qpn.r000004.p.s000"
        }
      ]
    },
    {
      "headword": "Nibru[1]SN",
      "id": "qpn-x-places.x0000060",
      "icount": "4",
      "ipct": "100",
      "xis": "qpn.r000006",
      "dc_title": "obmc/qpn-x-places/Nibru[1]",
      "cf": "Nibru",
      "gw": "1",
      "pos": "SN",
      "forms": [
        {
          "type": "form",
          "id": "qpn-x-places.x0000061",
          "n": "nibru{ki}-ka",
          "icount": "3",
          "ipct": "75",
          "xis": "qpn.r000007"
        },
        {
          "type": "form",
          "id": "qpn-x-places.x0000062",
          "n": "nibru{ki}-ta",
          "icount": "1",
          "ipct": "25",
          "xis": "qpn.r000008"
        }
      ],
      "norms": [
        {
          "id": "qpn-x-places.x0000063",
          "icount": "3",
          "ipct": "75",
          "xis": "qpn.r000007",
          "n": "Nibru,ak.a",
          "forms": [
            {
              "type": "normform",
              "id": "qpn-x-places.x0000064",
              "ref": "qpn-x-places.x0000061",
              "icount": "3",
              "ipct": "75",
              "xis": "qpn.r000007"
            }
          ]
        },
        {
          "id": "qpn-x-places.x0000065",
          "icount": "1",
          "ipct": "25",
          "xis": "qpn.r000008",
          "n": "Nibru,ta",
          "forms": [
            {
              "type": "normform",
              "id": "qpn-x-places.x0000066",
              "ref": "qpn-x-places.x0000062",
              "icount": "1",
              "ipct": "25",
              "xis": "qpn.r000008"
            }
          ]
        }
      ],
      "bases": [
        {
          "type": "base",
          "id": "qpn-x-places.x0000067",
          "n": "nibru{ki}",
          "icount": "4",
          "ipct": "100",
          "xis": "qpn.r000006"
        }
      ],
      "morphs": [
        {
          "type": "morph",
          "id": "qpn-x-places.x0000068",
          "n": "~,ak.a",
          "icount": "3",
          "ipct": "75",
          "xis": "qpn.r000007"
        },
        {
          "type": "morph",
          "id": "qpn-x-places.x0000069",
          "n": "~,ta",
          "icount": "1",
          "ipct": "25",
          "xis": "qpn.r000008"
        }
      ],
      "senses": [
        {
          "type": "sense",
          "id": "qpn-x-places.x0000070",
          "n": "Nibru[1//1]SN'SN",
          "icount": "4",
          "ipct": "100",
          "xis": "qpn.r000006",
          "num": "1.",
          "pos": "SN",
          "mng": "1",
          "forms": [
            {
              "type": "form",
              "id": "qpn-x-places.x0000071",
              "n": "nibru{ki}-ka",
              "ref": "qpn-x-places.x0000061",
              "icount": "3",
              "ipct": "75",
              "xis": "qpn.r000007"
            },
            {
              "type": "form",
              "id": "qpn-x-places.x0000072",
              "n": "nibru{ki}-ta",
              "ref": "qpn-x-places.x0000062",
              "icount": "1",
              "ipct": "25",
              "xis": "qpn.r000008"
            }
          ],
          "norms": [
            {
              "id": "qpn-x-places.x0000073",
              "n": "Nibru,ak.a",
              "icount": "3",
              "ipct": "75",
              "xis": "qpn.r000007"
            },
            {
              "id": "qpn-x-places.x0000074",
              "n": "Nibru,ta",
              "icount": "1",
              "ipct": "25",
              "xis": "qpn.r000008"
            }
          ],
          "bases": [
            {
              "type": "base",
              "id": "qpn-x-places.x0000075",
              "n": "nibru{ki}",
              "icount": "4",
              "ipct": "100",
              "xis": "qpn.r000006"
            }
          ],
          "morphs": [
            {
              "type": "morph",
              "id": "qpn-x-places.x0000076",
              "n": "~,ak.a",
              "icount": "3",
              "ipct": "75",
              "xis": "qpn.r000007"
            },
            {
              "type": "morph",
              "id": "qpn-x-places.x0000077",
              "n": "~,ta",
              "icount": "1",
              "ipct": "25",
              "xis": "qpn.r000008"
            }
          ],
          "sigs": [
            {
              "type": "sig",
              "id": "qpn-x-places.x0000078",
              "sig": "@obmc%sux:nibru{ki}-ka=Nibru[1//1]SN'SN$Nibru,ak.a/nibru{ki}#~,ak.a",
              "icount": "3",
              "ipct": "75",
              "xis": "qpn.r000007"
            },
            {
              "type": "sig",
              "id": "qpn-x-places.x0000079",
              "sig": "@obmc%sux:nibru{ki}-ta=Nibru[1//1]SN'SN$Nibru,ta/nibru{ki}#~,ta",
              "icount": "1",
              "ipct": "25",
              "xis": "qpn.r000008"
            }
          ]
        }
      ],
      "periods": [
        {
          "p": "Old Babylonian",
          "icount": "4",
          "ipct": "100",
          "xis": "qpn.r000006.p.s000"
        }
      ]
    },
    {
      "headword": "Nukar[1]GN",
      "id": "qpn-x-places.x0000080",
      "icount": "1",
      "ipct": "100",
      "xis": "qpn.r000009",
      "dc_title": "obmc/qpn-x-places/Nukar[1]",
      "cf": "Nukar",
      "gw": "1",
      "pos": "GN",
      "forms": [
        {
          "type": "form",
          "id": "qpn-x-places.x0000081",
          "n": "nu-kar₂{ki}",
          "icount": "1",
          "ipct": "100",
          "xis": "qpn.r000009"
        }
      ],
      "norms": [
        {
          "id": "qpn-x-places.x0000082",
          "icount": "1",
          "ipct": "100",
          "xis": "qpn.r000009",
          "n": "Nukar",
          "forms": [
            {
              "type": "normform",
              "id": "qpn-x-places.x0000083",
              "ref": "qpn-x-places.x0000081",
              "icount": "1",
              "ipct": "100",
              "xis": "qpn.r000009"
            }
          ]
        }
      ],
      "bases": [
        {
          "type": "base",
          "id": "qpn-x-places.x0000084",
          "n": "nu-kar₂{ki}",
          "icount": "1",
          "ipct": "100",
          "xis": "qpn.r000009"
        }
      ],
      "morphs": [
        {
          "type": "morph",
          "id": "qpn-x-places.x0000085",
          "n": "~",
          "icount": "1",
          "ipct": "100",
          "xis": "qpn.r000009"
        }
      ],
      "senses": [
        {
          "type": "sense",
          "id": "qpn-x-places.x0000086",
          "n": "Nukar[1//1]GN'GN",
          "icount": "1",
          "ipct": "100",
          "xis": "qpn.r000009",
          "num": "1.",
          "pos": "GN",
          "mng": "1",
          "forms": [
            {
              "type": "form",
              "id": "qpn-x-places.x0000087",
              "n": "nu-kar₂{ki}",
              "ref": "qpn-x-places.x0000081",
              "icount": "1",
              "ipct": "100",
              "xis": "qpn.r000009"
            }
          ],
          "norms": [
            {
              "id": "qpn-x-places.x0000088",
              "n": "Nukar",
              "icount": "1",
              "ipct": "100",
              "xis": "qpn.r000009"
            }
          ],
          "bases": [
            {
              "type": "base",
              "id": "qpn-x-places.x0000089",
              "n": "nu-kar₂{ki}",
              "icount": "1",
              "ipct": "100",
              "xis": "qpn.r000009"
            }
          ],
          "morphs": [
            {
              "type": "morph",
              "id": "qpn-x-places.x0000090",
              "n": "~",
              "icount": "1",
              "ipct": "100",
              "xis": "qpn.r000009"
            }
          ],
          "sigs": [
            {
              "type": "sig",
              "id": "qpn-x-places.x0000091",
              "sig": "@obmc%sux:nu-kar₂{ki}=Nukar[1//1]GN'GN$Nukar/nu-kar₂{ki}#~",
              "icount": "1",
              "ipct": "100",
              "xis": "qpn.r000009"
            }
          ]
        }
      ],
      "periods": [
        {
          "p": "Old Babylonian",
          "icount": "1",
          "ipct": "100",
          "xis": "qpn.r000009.p.s000"
        }
      ]
    },
    {
      "headword": "Tur-Ugulla[1]GN",
      "id": "qpn-x-places.x0000092",
      "icount": "1",
      "ipct": "100",
      "xis": "qpn.r00000a",
      "dc_title": "obmc/qpn-x-places/Tur-Ugulla[1]",
      "cf": "Tur-Ugulla",
      "gw": "1",
      "pos": "GN",
      "forms": [
        {
          "type": "form",
          "id": "qpn-x-places.x0000093",
          "n": "bad₃-u₃-gul-la{ki}",
          "icount": "1",
          "ipct": "100",
          "xis": "qpn.r00000a"
        }
      ],
      "norms": [
        {
          "id": "qpn-x-places.x0000094",
          "icount": "1",
          "ipct": "100",
          "xis": "qpn.r00000a",
          "n": "Tur-Ugulla",
          "forms": [
            {
              "type": "normform",
              "id": "qpn-x-places.x0000095",
              "ref": "qpn-x-places.x0000093",
              "icount": "1",
              "ipct": "100",
              "xis": "qpn.r00000a"
            }
          ]
        }
      ],
      "bases": [
        {
          "type": "base",
          "id": "qpn-x-places.x0000096",
          "n": "bad₃-u₃-gul-la{ki}",
          "icount": "1",
          "ipct": "100",
          "xis": "qpn.r00000a"
        }
      ],
      "morphs": [
        {
          "type": "morph",
          "id": "qpn-x-places.x0000097",
          "n": "~",
          "icount": "1",
          "ipct": "100",
          "xis": "qpn.r00000a"
        }
      ],
      "senses": [
        {
          "type": "sense",
          "id": "qpn-x-places.x0000098",
          "n": "Tur-Ugulla[1//1]GN'GN",
          "icount": "1",
          "ipct": "100",
          "xis": "qpn.r00000a",
          "num": "1.",
          "pos": "GN",
          "mng": "1",
          "forms": [
            {
              "type": "form",
              "id": "qpn-x-places.x0000099",
              "n": "bad₃-u₃-gul-la{ki}",
              "ref": "qpn-x-places.x0000093",
              "icount": "1",
              "ipct": "100",
              "xis": "qpn.r00000a"
            }
          ],
          "norms": [
            {
              "id": "qpn-x-places.x0000100",
              "n": "Tur-Ugulla",
              "icount": "1",
              "ipct": "100",
              "xis": "qpn.r00000a"
            }
          ],
          "bases": [
            {
              "type": "base",
              "id": "qpn-x-places.x0000101",
              "n": "bad₃-u₃-gul-la{ki}",
              "icount": "1",
              "ipct": "100",
              "xis": "qpn.r00000a"
            }
          ],
          "morphs": [
            {
              "type": "morph",
              "id": "qpn-x-places.x0000102",
              "n": "~",
              "icount": "1",
              "ipct": "100",
              "xis": "qpn.r00000a"
            }
          ],
          "sigs": [
            {
              "type": "sig",
              "id": "qpn-x-places.x0000103",
              "sig": "@obmc%sux:bad₃-u₃-gul-la{ki}=Tur-Ugulla[1//1]GN'GN$Tur-Ugulla/bad₃-u₃-gul-la{ki}#~",
              "icount": "1",
              "ipct": "100",
              "xis": "qpn.r00000a"
            }
          ]
        }
      ],
      "periods": [
        {
          "p": "Old Babylonian",
          "icount": "1",
          "ipct": "100",
          "xis": "qpn.r00000a.p.s000"
        }
      ]
    }
  ],
  "instances": {
    "qpn.r000001": [
      "obmc:X000011.481.1"
    ],
    "qpn.r000002": [
      "obmc:P251564.153.3",
      "obmc:P251564.379.1"
    ],
    "qpn.r000003": [
      "obmc:P251564.365.2"
    ],
    "qpn.r000004": [
      "obmc:P231448.138.4",
      "obmc:P254010.24.3"
    ],
    "qpn.r000005": [
      "obmc:P251564.288.2"
    ],
    "qpn.r000006": [
      "obmc:P229940.84.2",
      "obmc:P231450.17.2",
      "obmc:P231450.21.2",
      "obmc:X000001.21.2"
    ],
    "qpn.r000009": [
      "obmc:P251564.54.3"
    ],
    "qpn.r00000a": [
      "obmc:P251564.30.2"
    ],
    "qpn.r000007": [
      "obmc:P229940.84.2",
      "obmc:P231450.17.2",
      "obmc:P231450.21.2"
    ],
    "qpn.r000008": [
      "obmc:X000001.21.2"
    ],
    "qpn.r000001.p.s000": [
      "obmc:X000011.481.1"
    ],
    "qpn.r000002.p.s000": [
      "obmc:P251564.153.3",
      "obmc:P251564.379.1"
    ],
    "qpn.r000003.p.s000": [
      "obmc:P251564.365.2"
    ],
    "qpn.r000004.p.s000": [
      "obmc:P254010.24.3",
      "obmc:P231448.138.4"
    ],
    "qpn.r000005.p.s000": [
      "obmc:P251564.288.2"
    ],
    "qpn.r000006.p.s000": [
      "obmc:X000001.21.2",
      "obmc:P231450.17.2",
      "obmc:P231450.21.2",
      "obmc:P229940.84.2"
    ],
    "qpn.r000009.p.s000": [
      "obmc:P251564.54.3"
    ],
    "qpn.r00000a.p.s000": [
      "obmc:P251564.30.2"
    ],
    "qpn.r000007.p.s000": [
      "obmc:P231450.17.2",
      "obmc:P231450.21.2",
      "obmc:P229940.84.2"
    ],
    "qpn.r000008.p.s000": [
      "obmc:X000001.21.2"
    ]
  },
  "summaries": {
    "qpn-x-places.x0000000": "<p class=\"summary\" id=\"qpn-x-places.x0000000\"><span class=\"summary\"><span class=\"summary-headword\"><a href=\"javascript:p3Article('/obmc/cbd/qpn-x-places/qpn-x-places.x0000000.html')\"><span class=\"cf\">Apiak</span> [<span class=\"gw\">1</span>] <span class=\"cf\">GN</span></a> (1x) </span>Old Babylonian  wr. <span class=\"wr\"><span class=\"w \" id=\"\"><span x=\"3\" class=\"sux\">a</span>-<span x=\"3\" class=\"sux\">bi₂</span>-<span x=\"3\" class=\"sux\">ak</span></span></span> \"1\"</span></p>",
    "qpn-x-places.x0000012": "<p class=\"summary\" id=\"qpn-x-places.x0000012\"><span class=\"summary\"><span class=\"summary-headword\"><a href=\"javascript:p3Article('/obmc/cbd/qpn-x-places/qpn-x-places.x0000012.html')\"><span class=\"cf\">Babilu</span> [<span class=\"gw\">1</span>] <span class=\"cf\">GN</span></a> (2x) </span>Old Babylonian  wr. <span class=\"wr\"><span class=\"w \" id=\"\"><span class=\"sign \">TIN</span>.<span class=\"sign \">TIR</span><sup>ki</sup></span></span> \"1\"</span></p>",
    "qpn-x-places.x0000024": "<p class=\"summary\" id=\"qpn-x-places.x0000024\"><span class=\"summary\"><span class=\"summary-headword\"><a href=\"javascript:p3Article('/obmc/cbd/qpn-x-places/qpn-x-places.x0000024.html')\"><span class=\"cf\">Bit-Sin</span> [<span class=\"gw\">1</span>] <span class=\"cf\">GN</span></a> (1x) </span>Old Babylonian  wr. <span class=\"wr\"><span class=\"w \" id=\"\"><span x=\"3\" class=\"sux\">e₂</span>-<sup>d</sup><span x=\"3\" class=\"sux\">suen</span><sup>ki</sup></span></span> \"1\"</span></p>",
    "qpn-x-places.x0000036": "<p class=\"summary\" id=\"qpn-x-places.x0000036\"><span class=\"summary\"><span class=\"summary-headword\"><a href=\"javascript:p3Article('/obmc/cbd/qpn-x-places/qpn-x-places.x0000036.html')\"><span class=\"cf\">Ibrat</span> [<span class=\"gw\">1</span>] <span class=\"cf\">GN</span></a> (1x) </span>Old Babylonian  wr. <span class=\"wr\"><span class=\"w \" id=\"\"><span x=\"3\" class=\"sux\">ib</span>-<span x=\"3\" class=\"sux\">ra</span>-<span x=\"3\" class=\"sux\">at</span><sup>ki</sup></span></span> \"1\"</span></p>",
    "qpn-x-places.x0000048": "<p class=\"summary\" id=\"qpn-x-places.x0000048\"><span class=\"summary\"><span class=\"summary-headword\"><a href=\"javascript:p3Article('/obmc/cbd/qpn-x-places/qpn-x-places.x0000048.html')\"><span class=\"cf\">IM</span> [<span class=\"gw\">1</span>] <span class=\"cf\">SN</span></a> (2x) </span>Old Babylonian  wr. <span class=\"wr\"><span class=\"w \" id=\"\"><span class=\"sign \">IM</span><sup>ki</sup></span></span> \"1\"</span></p>",
    "qpn-x-places.x0000060": "<p class=\"summary\" id=\"qpn-x-places.x0000060\"><span class=\"summary\"><span class=\"summary-headword\"><a href=\"javascript:p3Article('/obmc/cbd/qpn-x-places/qpn-x-places.x0000060.html')\"><span class=\"cf\">Nibru</span> [<span class=\"gw\">1</span>] <span class=\"cf\">SN</span></a> (4x) </span>Old Babylonian  wr. <span class=\"wr\"><span class=\"w \" id=\"\"><span x=\"3\" class=\"sux\">nibru</span><sup>ki</sup></span></span> \"1\"</span></p>",
    "qpn-x-places.x0000080": "<p class=\"summary\" id=\"qpn-x-places.x0000080\"><span class=\"summary\"><span class=\"summary-headword\"><a href=\"javascript:p3Article('/obmc/cbd/qpn-x-places/qpn-x-places.x0000080.html')\"><span class=\"cf\">Nukar</span> [<span class=\"gw\">1</span>] <span class=\"cf\">GN</span></a> (1x) </span>Old Babylonian  wr. <span class=\"wr\"><span class=\"w \" id=\"\"><span x=\"3\" class=\"sux\">nu</span>-<span x=\"3\" class=\"sux\">kar₂</span><sup>ki</sup></span></span> \"1\"</span></p>",
    "qpn-x-places.x0000092": "<p class=\"summary\" id=\"qpn-x-places.x0000092\"><span class=\"summary\"><span class=\"summary-headword\"><a href=\"javascript:p3Article('/obmc/cbd/qpn-x-places/qpn-x-places.x0000092.html')\"><span class=\"cf\">Tur-Ugulla</span> [<span class=\"gw\">1</span>] <span class=\"cf\">GN</span></a> (1x) </span>Old Babylonian  wr. <span class=\"wr\"><span class=\"w \" id=\"\"><span x=\"3\" class=\"sux\">bad₃</span>-<span x=\"3\" class=\"sux\">u₃</span>-<span x=\"3\" class=\"sux\">gul</span>-<span x=\"3\" class=\"sux\">la</span><sup>ki</sup></span></span> \"1\"</span></p>"
  }
}
