{
  "type": "index",
  "project": "obmc",
  "source": "http://oracc.org/obmc",
  "license": "This data is released under the CC0 license",
  "license-url": "https://creativecommons.org/publicdomain/zero/1.0/",
  "more-info": "http://oracc.org/doc/opendata/",
  "UTC-timestamp": "2019-02-04T17:11:11",
  "name": "cbd/qpn-x-temple",
  "keys": [
    {
      "key": "1",
      "count": "2",
      "instances": [
        "qpn-x-temple.x000000",
        "qpn-x-temple.x000000"
      ]
    },
    {
      "key": "a",
      "count": "1",
      "instances": [
        "qpn-x-temple.x000000"
      ]
    },
    {
      "key": "ka",
      "count": "2",
      "instances": [
        "qpn-x-temple.x000000",
        "qpn-x-temple.x000000"
      ]
    },
    {
      "key": "na",
      "count": "4",
      "instances": [
        "qpn-x-temple.x000000",
        "qpn-x-temple.x000000",
        "qpn-x-temple.x000000",
        "qpn-x-temple.x000000"
      ]
    },
    {
      "key": "ub",
      "count": "4",
      "instances": [
        "qpn-x-temple.x000000",
        "qpn-x-temple.x000000",
        "qpn-x-temple.x000000",
        "qpn-x-temple.x000000"
      ]
    },
    {
      "key": "ubšuʾunkenak",
      "count": "2",
      "instances": [
        "qpn-x-temple.x000000",
        "qpn-x-temple.x000000"
      ]
    },
    {
      "key": "šu",
      "count": "4",
      "instances": [
        "qpn-x-temple.x000000",
        "qpn-x-temple.x000000",
        "qpn-x-temple.x000000",
        "qpn-x-temple.x000000"
      ]
    },
    {
      "key": "Ubšuʾunkenak[1]",
      "count": "1",
      "instances": [
        "qpn-x-temple.x000000"
      ]
    },
    {
      "key": "unken",
      "count": "4",
      "instances": [
        "qpn-x-temple.x000000",
        "qpn-x-temple.x000000",
        "qpn-x-temple.x000000",
        "qpn-x-temple.x000000"
      ]
    }
  ],
  "map": {
    "Ubšuʾunkenak": "ubšuʾunkenak"
  }
}
