{
  "type": "cdl",
  "project": "obmc",
  "source": "http://oracc.org/obmc",
  "license": "This data is released under the CC0 license",
  "license-url": "https://creativecommons.org/publicdomain/zero/1.0/",
  "more-info": "http://oracc.org/doc/opendata/",
  "UTC-timestamp": "2019-02-04T17:10:31",
  "textid": "P227962",
  "cdl": [
    {
      "node": "c",
      "type": "text",
      "id": "P227962.U0",
      "cdl": [
        {
          "node": "d",
          "subtype": "tablet",
          "type": "tablet",
          "ref": "P227962.x1.1",
          "label": "x1"
        },
        {
          "node": "d",
          "type": "surface",
          "ref": ""
        },
        {
          "node": "d",
          "subtype": "column 1'",
          "type": "column",
          "ref": "P227962.i_.2",
          "n": "1",
          "label": "i'"
        },
        {
          "node": "c",
          "type": "discourse",
          "subtype": "body",
          "id": "P227962.U1",
          "cdl": [
            {
              "node": "c",
              "type": "sentence",
              "implicit": "yes",
              "id": "P227962.U2",
              "label": "i' 1' - iii' 10'",
              "cdl": [
                {
                  "node": "d",
                  "type": "line-start",
                  "ref": "P227962.3",
                  "n": "1'",
                  "label": "i' 1'"
                },
                {
                  "node": "l",
                  "frag": "[ba]-⸢an-tum₃-mu⸣",
                  "id": "P227962.l00011",
                  "ref": "P227962.3.1",
                  "inst": "tum[to bring]V/t",
                  "sig": "@obmc%sux:ba-an-tum₃-mu=tum[bring//to bring]V/t'V/t$ba.n:tum;e/tum₃#ba.n:~;e",
                  "f": {
                    "lang": "sux",
                    "form": "ba-an-tum₃-mu",
                    "gdl": [
                      {
                        "v": "ba",
                        "id": "P227962.3.1.0",
                        "breakStart": "1",
                        "o": "]",
                        "break": "missing",
                        "breakEnd": "P227962.3.1.0",
                        "delim": "-"
                      },
                      {
                        "v": "an",
                        "id": "P227962.3.1.1",
                        "break": "damaged",
                        "ho": "1",
                        "delim": "-"
                      },
                      {
                        "v": "tum₃",
                        "id": "P227962.3.1.2",
                        "break": "damaged",
                        "delim": "-"
                      },
                      {
                        "v": "mu",
                        "id": "P227962.3.1.3",
                        "break": "damaged",
                        "hc": "1"
                      }
                    ],
                    "cf": "tum",
                    "gw": "bring",
                    "sense": "to bring",
                    "norm0": "ba.n:tum;e",
                    "pos": "V/t",
                    "epos": "V/t",
                    "base": "tum₃",
                    "morph": "ba.n:~;e"
                  }
                },
                {
                  "node": "d",
                  "type": "nonx",
                  "ref": "P227962.4",
                  "strict": "1",
                  "extent": "2",
                  "scope": "line",
                  "state": "ruling"
                },
                {
                  "node": "d",
                  "type": "line-start",
                  "ref": "P227962.5",
                  "n": "2'",
                  "label": "i' 2'"
                },
                {
                  "node": "l",
                  "frag": "[x]",
                  "id": "P227962.l00012",
                  "ref": "P227962.5.1",
                  "inst": "u",
                  "f": {
                    "lang": "sux",
                    "form": "x",
                    "delim": "",
                    "gdl": [
                      {
                        "v": "x",
                        "id": "P227962.5.1.0",
                        "breakStart": "1",
                        "o": "]",
                        "break": "missing",
                        "breakEnd": "P227962.5.1.0"
                      }
                    ],
                    "pos": "u"
                  }
                },
                {
                  "node": "l",
                  "frag": "še",
                  "id": "P227962.l00013",
                  "ref": "P227962.5.2",
                  "inst": "še[barley]N",
                  "sig": "@obmc%sux:še=še[barley//barley]N'N$še/še#~",
                  "f": {
                    "lang": "sux",
                    "form": "še",
                    "delim": "",
                    "gdl": [
                      {
                        "v": "še",
                        "id": "P227962.5.2.0"
                      }
                    ],
                    "cf": "še",
                    "gw": "barley",
                    "sense": "barley",
                    "norm0": "še",
                    "pos": "N",
                    "epos": "N",
                    "base": "še",
                    "morph": "~"
                  }
                },
                {
                  "node": "l",
                  "frag": "gur",
                  "id": "P227962.l00014",
                  "ref": "P227962.5.3",
                  "inst": "gur[unit of capacity]N",
                  "sig": "@obmc%sux:gur=gur[unit//unit of capacity]N'N$gur/gur#~",
                  "f": {
                    "lang": "sux",
                    "form": "gur",
                    "gdl": [
                      {
                        "v": "gur",
                        "id": "P227962.5.3.0"
                      }
                    ],
                    "cf": "gur",
                    "gw": "unit",
                    "sense": "unit of capacity",
                    "norm0": "gur",
                    "pos": "N",
                    "epos": "N",
                    "base": "gur",
                    "morph": "~"
                  }
                },
                {
                  "node": "d",
                  "type": "line-start",
                  "ref": "P227962.6",
                  "n": "3'",
                  "label": "i' 3'"
                },
                {
                  "node": "l",
                  "frag": "⸢šag₄⸣",
                  "id": "P227962.l00015",
                  "ref": "P227962.6.1",
                  "inst": "šag[in, inside]N",
                  "sig": "@obmc%sux:šag₄=šag[heart//in, inside]N'N$šag/šag₄#~",
                  "f": {
                    "lang": "sux",
                    "form": "šag₄",
                    "delim": "",
                    "gdl": [
                      {
                        "v": "šag₄",
                        "id": "P227962.6.1.0",
                        "break": "damaged",
                        "ho": "1",
                        "hc": "1"
                      }
                    ],
                    "cf": "šag",
                    "gw": "heart",
                    "sense": "in, inside",
                    "norm0": "šag",
                    "pos": "N",
                    "epos": "N",
                    "base": "šag₄",
                    "morph": "~"
                  }
                },
                {
                  "node": "l",
                  "frag": "kišib",
                  "id": "P227962.l00016",
                  "ref": "P227962.6.2",
                  "inst": "kišib[seal]N",
                  "sig": "@obmc%sux:kišib=kišib[seal//seal]N'N$kišib/kišib#~",
                  "f": {
                    "lang": "sux",
                    "form": "kišib",
                    "delim": "",
                    "gdl": [
                      {
                        "v": "kišib",
                        "id": "P227962.6.2.0"
                      }
                    ],
                    "cf": "kišib",
                    "gw": "seal",
                    "sense": "seal",
                    "norm0": "kišib",
                    "pos": "N",
                    "epos": "N",
                    "base": "kišib",
                    "morph": "~"
                  }
                },
                {
                  "node": "l",
                  "frag": "2(u)",
                  "id": "P227962.l00017",
                  "ref": "P227962.6.3",
                  "inst": "n",
                  "f": {
                    "lang": "sux",
                    "form": "2(u)",
                    "delim": "",
                    "gdl": [
                      {
                        "n": "n",
                        "form": "2(u)",
                        "id": "P227962.6.3.0",
                        "seq": [
                          {
                            "r": "2"
                          },
                          {
                            "v": "u"
                          }
                        ]
                      }
                    ],
                    "pos": "n"
                  }
                },
                {
                  "node": "l",
                  "frag": "še",
                  "id": "P227962.l00018",
                  "ref": "P227962.6.4",
                  "inst": "še[barley]N",
                  "sig": "@obmc%sux:še=še[barley//barley]N'N$še/še#~",
                  "f": {
                    "lang": "sux",
                    "form": "še",
                    "delim": "",
                    "gdl": [
                      {
                        "v": "še",
                        "id": "P227962.6.4.0"
                      }
                    ],
                    "cf": "še",
                    "gw": "barley",
                    "sense": "barley",
                    "norm0": "še",
                    "pos": "N",
                    "epos": "N",
                    "base": "še",
                    "morph": "~"
                  }
                },
                {
                  "node": "l",
                  "frag": "gur",
                  "id": "P227962.l00019",
                  "ref": "P227962.6.5",
                  "inst": "gur[unit of capacity]N",
                  "sig": "@obmc%sux:gur=gur[unit//unit of capacity]N'N$gur/gur#~",
                  "f": {
                    "lang": "sux",
                    "form": "gur",
                    "gdl": [
                      {
                        "v": "gur",
                        "id": "P227962.6.5.0"
                      }
                    ],
                    "cf": "gur",
                    "gw": "unit",
                    "sense": "unit of capacity",
                    "norm0": "gur",
                    "pos": "N",
                    "epos": "N",
                    "base": "gur",
                    "morph": "~"
                  }
                },
                {
                  "node": "d",
                  "type": "line-start",
                  "ref": "P227962.7",
                  "n": "4'",
                  "label": "i' 4'"
                },
                {
                  "node": "l",
                  "frag": "mu-DU",
                  "id": "P227962.l0001a",
                  "ref": "P227962.7.1",
                  "inst": "mu.DU[delivery]N",
                  "sig": "@obmc%sux:mu-DU=mu.DU[delivery//delivery]N'N$mu.DU/mu-DU#~",
                  "f": {
                    "lang": "sux",
                    "form": "mu-DU",
                    "delim": "",
                    "gdl": [
                      {
                        "v": "mu",
                        "id": "P227962.7.1.0",
                        "delim": "-"
                      },
                      {
                        "s": "DU",
                        "id": "P227962.7.1.1"
                      }
                    ],
                    "cf": "mu.DU",
                    "gw": "delivery",
                    "sense": "delivery",
                    "norm0": "mu.DU",
                    "pos": "N",
                    "epos": "N",
                    "base": "mu-DU",
                    "morph": "~"
                  }
                },
                {
                  "node": "l",
                  "frag": "e₂-lu₂-ti",
                  "id": "P227962.l0001b",
                  "ref": "P227962.7.2",
                  "inst": "Eluti[1]PN",
                  "sig": "@obmc%sux:e₂-lu₂-ti=Eluti[1//1]PN'PN$Eluti/e₂-lu₂-ti#~",
                  "f": {
                    "lang": "sux",
                    "form": "e₂-lu₂-ti",
                    "gdl": [
                      {
                        "v": "e₂",
                        "id": "P227962.7.2.0",
                        "delim": "-"
                      },
                      {
                        "v": "lu₂",
                        "id": "P227962.7.2.1",
                        "delim": "-"
                      },
                      {
                        "v": "ti",
                        "id": "P227962.7.2.2"
                      }
                    ],
                    "cf": "Eluti",
                    "gw": "1",
                    "sense": "1",
                    "norm0": "Eluti",
                    "pos": "PN",
                    "epos": "PN",
                    "base": "e₂-lu₂-ti",
                    "morph": "~"
                  }
                },
                {
                  "node": "d",
                  "type": "line-start",
                  "ref": "P227962.8",
                  "n": "5'",
                  "label": "i' 5'"
                },
                {
                  "node": "l",
                  "frag": "{m}lu₂-{d}nanna-ra",
                  "id": "P227962.l0001c",
                  "ref": "P227962.8.1",
                  "inst": "+Lu-Nanna[]PN/{m}lu₂-{d}nanna#~,ra",
                  "sig": "@obmc%sux:{m}lu₂-{d}nanna-ra=Lu-Nanna[1//1]PN'PN$Lu-Nanna,ra/{m}lu₂-{d}nanna#~,ra",
                  "f": {
                    "lang": "sux",
                    "form": "{m}lu₂-{d}nanna-ra",
                    "gdl": [
                      {
                        "det": "semantic",
                        "pos": "pre",
                        "seq": [
                          {
                            "v": "m",
                            "id": "P227962.8.1.0"
                          }
                        ]
                      },
                      {
                        "v": "lu₂",
                        "id": "P227962.8.1.1",
                        "delim": "-"
                      },
                      {
                        "det": "semantic",
                        "pos": "pre",
                        "seq": [
                          {
                            "v": "d",
                            "id": "P227962.8.1.2"
                          }
                        ]
                      },
                      {
                        "v": "nanna",
                        "id": "P227962.8.1.3",
                        "delim": "-"
                      },
                      {
                        "v": "ra",
                        "id": "P227962.8.1.4"
                      }
                    ],
                    "cf": "Lu-Nanna",
                    "gw": "1",
                    "sense": "1",
                    "norm0": "Lu-Nanna,ra",
                    "pos": "PN",
                    "epos": "PN",
                    "base": "{m}lu₂-{d}nanna",
                    "morph": "~,ra"
                  }
                },
                {
                  "node": "d",
                  "type": "line-start",
                  "ref": "P227962.9",
                  "n": "6'",
                  "label": "i' 6'"
                },
                {
                  "node": "l",
                  "frag": "[in]-na-ra-[su-su]",
                  "id": "P227962.l0001d",
                  "ref": "P227962.9.1",
                  "inst": "sug[replace]V/t",
                  "sig": "@obmc%sux:in-na-ra-su-su=sug[replace//replace]V/t'V/t$V.na.ta:sug/sug₆-sug₆#V.na.ta:~",
                  "f": {
                    "lang": "sux",
                    "form": "in-na-ra-su-su",
                    "gdl": [
                      {
                        "v": "in",
                        "id": "P227962.9.1.0",
                        "breakStart": "1",
                        "o": "]",
                        "break": "missing",
                        "breakEnd": "P227962.9.1.0",
                        "delim": "-"
                      },
                      {
                        "v": "na",
                        "id": "P227962.9.1.1",
                        "delim": "-"
                      },
                      {
                        "v": "ra",
                        "id": "P227962.9.1.2",
                        "queried": "1",
                        "delim": "-"
                      },
                      {
                        "v": "su",
                        "id": "P227962.9.1.3",
                        "breakStart": "1",
                        "o": "[",
                        "break": "missing",
                        "delim": "-"
                      },
                      {
                        "v": "su",
                        "id": "P227962.9.1.4",
                        "break": "missing",
                        "o": "]",
                        "breakEnd": "P227962.9.1.3"
                      }
                    ],
                    "cf": "sug",
                    "gw": "replace",
                    "sense": "replace",
                    "norm0": "V.na.ta:sug",
                    "pos": "V/t",
                    "epos": "V/t",
                    "base": "sug₆-sug₆",
                    "morph": "V.na.ta:~"
                  }
                },
                {
                  "node": "d",
                  "subtype": "column 2'",
                  "type": "column",
                  "ref": "P227962.ii_.10",
                  "n": "2",
                  "label": "ii'"
                },
                {
                  "node": "d",
                  "type": "line-start",
                  "ref": "P227962.11",
                  "n": "1'",
                  "label": "ii' 1'"
                },
                {
                  "node": "l",
                  "frag": "[...]-⸢x-x⸣",
                  "id": "P227962.l0001e",
                  "ref": "P227962.11.1",
                  "inst": "u",
                  "f": {
                    "lang": "sux",
                    "form": "x-x-x",
                    "gdl": [
                      {
                        "x": "ellipsis",
                        "id": "P227962.11.1.0",
                        "breakStart": "1",
                        "break": "missing",
                        "o": "]",
                        "breakEnd": "P227962.11.1.0",
                        "delim": "-"
                      },
                      {
                        "v": "x",
                        "id": "P227962.11.1.1",
                        "break": "damaged",
                        "ho": "1",
                        "delim": "-"
                      },
                      {
                        "v": "x",
                        "id": "P227962.11.1.2",
                        "break": "damaged",
                        "hc": "1"
                      }
                    ],
                    "pos": "u"
                  }
                },
                {
                  "node": "d",
                  "type": "line-start",
                  "ref": "P227962.12",
                  "n": "2'",
                  "label": "ii' 2'"
                },
                {
                  "node": "c",
                  "type": "phrase",
                  "tag": "phr",
                  "id": "P227962.U4",
                  "ref": "P227962.ls00000",
                  "cdl": [
                    {
                      "node": "l",
                      "frag": "[šu",
                      "id": "P227962.l0001f",
                      "ref": "P227962.12.1",
                      "inst": "šu[hand]N",
                      "sig": "@obmc%sux:šu=šu[hand//hand]N'N$šu/šu#~",
                      "f": {
                        "lang": "sux",
                        "form": "šu",
                        "delim": "",
                        "gdl": [
                          {
                            "v": "šu",
                            "id": "P227962.12.1.0",
                            "breakStart": "1",
                            "o": "[",
                            "break": "missing"
                          }
                        ],
                        "cf": "šu",
                        "gw": "hand",
                        "sense": "hand",
                        "norm0": "šu",
                        "pos": "N",
                        "epos": "N",
                        "base": "šu",
                        "morph": "~"
                      }
                    },
                    {
                      "node": "l",
                      "frag": "ba]-⸢an⸣-ti",
                      "id": "P227962.l00020",
                      "ref": "P227962.12.2",
                      "inst": "teŋ[approach]V/i",
                      "sig": "@obmc%sux:ba-an-ti=teŋ[approach//approach]V/i'V/i$ba.n:teŋ/teŋ₄#ba.n:~",
                      "f": {
                        "lang": "sux",
                        "form": "ba-an-ti",
                        "gdl": [
                          {
                            "v": "ba",
                            "id": "P227962.12.2.0",
                            "break": "missing",
                            "o": "]",
                            "breakEnd": "P227962.12.1.0",
                            "delim": "-"
                          },
                          {
                            "v": "an",
                            "id": "P227962.12.2.1",
                            "break": "damaged",
                            "ho": "1",
                            "delim": "-",
                            "hc": "1"
                          },
                          {
                            "v": "ti",
                            "id": "P227962.12.2.2"
                          }
                        ],
                        "cf": "teŋ",
                        "gw": "approach",
                        "sense": "approach",
                        "norm0": "ba.n:teŋ",
                        "pos": "V/i",
                        "epos": "V/i",
                        "base": "teŋ₄",
                        "morph": "ba.n:~"
                      }
                    }
                  ]
                },
                {
                  "node": "d",
                  "type": "line-start",
                  "ref": "P227962.13",
                  "n": "3'",
                  "label": "ii' 3'"
                },
                {
                  "node": "l",
                  "frag": "ki",
                  "id": "P227962.l00021",
                  "ref": "P227962.13.1",
                  "inst": "ki[place]N",
                  "sig": "@obmc%sux:ki=ki[place//place]N'N$ki/ki#~",
                  "f": {
                    "lang": "sux",
                    "form": "ki",
                    "delim": "",
                    "gdl": [
                      {
                        "v": "ki",
                        "id": "P227962.13.1.0"
                      }
                    ],
                    "cf": "ki",
                    "gw": "place",
                    "sense": "place",
                    "norm0": "ki",
                    "pos": "N",
                    "epos": "N",
                    "base": "ki",
                    "morph": "~"
                  }
                },
                {
                  "node": "l",
                  "frag": "⸢uludin⸣-<bi>-še₃",
                  "id": "P227962.l00022",
                  "ref": "P227962.13.2",
                  "inst": "uludin[form]N",
                  "sig": "@obmc%sux:uludin-bi-še₃=uludin[form//form]N'N$uludin,bi.eše/uludin#~,bi.eše",
                  "f": {
                    "lang": "sux",
                    "form": "uludin-bi-še₃",
                    "gdl": [
                      {
                        "v": "uludin",
                        "id": "P227962.13.2.0",
                        "break": "damaged",
                        "ho": "1",
                        "delim": "-",
                        "hc": "1"
                      },
                      {
                        "v": "bi",
                        "id": "P227962.13.2.1",
                        "statusStart": "P227962.13.2.1",
                        "o": ">",
                        "delim": "-"
                      },
                      {
                        "v": "še₃",
                        "id": "P227962.13.2.2"
                      }
                    ],
                    "cf": "uludin",
                    "gw": "form",
                    "sense": "form",
                    "norm0": "uludin,bi.eše",
                    "pos": "N",
                    "epos": "N",
                    "base": "uludin",
                    "morph": "~,bi.eše"
                  }
                },
                {
                  "node": "d",
                  "type": "line-start",
                  "ref": "P227962.14",
                  "n": "4'",
                  "label": "ii' 4'"
                },
                {
                  "node": "l",
                  "frag": "gur-⸢ru⸣-dam",
                  "id": "P227962.l00023",
                  "ref": "P227962.14.1",
                  "inst": "gur[to return]'V/t",
                  "sig": "@obmc%sux:gur-ru-dam=gur[turn//to return]V/i'V/t$gur;ed.am/gur+-ru=r.u#~;ed.am",
                  "f": {
                    "lang": "sux",
                    "form": "gur-ru-dam",
                    "gdl": [
                      {
                        "v": "gur",
                        "id": "P227962.14.1.0",
                        "delim": "-"
                      },
                      {
                        "v": "ru",
                        "id": "P227962.14.1.1",
                        "break": "damaged",
                        "ho": "1",
                        "delim": "-",
                        "hc": "1"
                      },
                      {
                        "v": "dam",
                        "id": "P227962.14.1.2"
                      }
                    ],
                    "cf": "gur",
                    "gw": "turn",
                    "sense": "to return",
                    "norm0": "gur;ed.am",
                    "pos": "V/i",
                    "epos": "V/t",
                    "base": "gur",
                    "cont": "-ru=r.u",
                    "morph": "~;ed.am"
                  }
                },
                {
                  "node": "d",
                  "type": "line-start",
                  "ref": "P227962.15",
                  "n": "5'",
                  "label": "ii' 5'"
                },
                {
                  "node": "l",
                  "frag": "tukum-bi",
                  "id": "P227962.l00024",
                  "ref": "P227962.15.1",
                  "inst": "tukumbi[if]CNJ",
                  "sig": "@obmc%sux:tukum-bi=tukumbi[if//if]CNJ'CNJ$tukumbi/tukum-bi#~",
                  "f": {
                    "lang": "sux",
                    "form": "tukum-bi",
                    "gdl": [
                      {
                        "v": "tukum",
                        "id": "P227962.15.1.0",
                        "delim": "-"
                      },
                      {
                        "v": "bi",
                        "id": "P227962.15.1.1"
                      }
                    ],
                    "cf": "tukumbi",
                    "gw": "if",
                    "sense": "if",
                    "norm0": "tukumbi",
                    "pos": "CNJ",
                    "epos": "CNJ",
                    "base": "tukum-bi",
                    "morph": "~"
                  }
                },
                {
                  "node": "d",
                  "type": "line-start",
                  "ref": "P227962.16",
                  "n": "6'",
                  "label": "ii' 6'"
                },
                {
                  "node": "l",
                  "frag": "ki",
                  "id": "P227962.l00025",
                  "ref": "P227962.16.1",
                  "inst": "ki[place]N",
                  "sig": "@obmc%sux:ki=ki[place//place]N'N$ki/ki#~",
                  "f": {
                    "lang": "sux",
                    "form": "ki",
                    "delim": "",
                    "gdl": [
                      {
                        "v": "ki",
                        "id": "P227962.16.1.0"
                      }
                    ],
                    "cf": "ki",
                    "gw": "place",
                    "sense": "place",
                    "norm0": "ki",
                    "pos": "N",
                    "epos": "N",
                    "base": "ki",
                    "morph": "~"
                  }
                },
                {
                  "node": "l",
                  "frag": "uludin-<bi>-še₃",
                  "id": "P227962.l00026",
                  "ref": "P227962.16.2",
                  "inst": "uludin[form]N",
                  "sig": "@obmc%sux:uludin-bi-še₃=uludin[form//form]N'N$uludin,bi.eše/uludin#~,bi.eše",
                  "f": {
                    "lang": "sux",
                    "form": "uludin-bi-še₃",
                    "gdl": [
                      {
                        "v": "uludin",
                        "id": "P227962.16.2.0",
                        "delim": "-"
                      },
                      {
                        "v": "bi",
                        "id": "P227962.16.2.1",
                        "statusStart": "P227962.16.2.1",
                        "o": ">",
                        "delim": "-"
                      },
                      {
                        "v": "še₃",
                        "id": "P227962.16.2.2"
                      }
                    ],
                    "cf": "uludin",
                    "gw": "form",
                    "sense": "form",
                    "norm0": "uludin,bi.eše",
                    "pos": "N",
                    "epos": "N",
                    "base": "uludin",
                    "morph": "~,bi.eše"
                  }
                },
                {
                  "node": "d",
                  "type": "line-start",
                  "ref": "P227962.17",
                  "n": "7'",
                  "label": "ii' 7'"
                },
                {
                  "node": "l",
                  "frag": "⸢la⸣-[ba]-an-gur",
                  "id": "P227962.l00027",
                  "ref": "P227962.17.1",
                  "inst": "gur[to return]'V/t",
                  "sig": "@obmc%sux:la-ba-an-gur=gur[turn//to return]V/i'V/t$nu.ba.n:gur/gur#nu.ba.n:~",
                  "f": {
                    "lang": "sux",
                    "form": "la-ba-an-gur",
                    "gdl": [
                      {
                        "v": "la",
                        "id": "P227962.17.1.0",
                        "break": "damaged",
                        "ho": "1",
                        "delim": "-",
                        "hc": "1"
                      },
                      {
                        "v": "ba",
                        "id": "P227962.17.1.1",
                        "breakStart": "1",
                        "o": "]",
                        "break": "missing",
                        "breakEnd": "P227962.17.1.1",
                        "delim": "-"
                      },
                      {
                        "v": "an",
                        "id": "P227962.17.1.2",
                        "delim": "-"
                      },
                      {
                        "v": "gur",
                        "id": "P227962.17.1.3"
                      }
                    ],
                    "cf": "gur",
                    "gw": "turn",
                    "sense": "to return",
                    "norm0": "nu.ba.n:gur",
                    "pos": "V/i",
                    "epos": "V/t",
                    "base": "gur",
                    "morph": "nu.ba.n:~"
                  }
                },
                {
                  "node": "d",
                  "type": "line-start",
                  "ref": "P227962.18",
                  "n": "8'",
                  "label": "ii' 8'"
                },
                {
                  "node": "l",
                  "frag": "[še",
                  "id": "P227962.l00028",
                  "ref": "P227962.18.1",
                  "inst": "še[barley]N",
                  "sig": "@obmc%sux:še=še[barley//barley]N'N$še/še#~",
                  "f": {
                    "lang": "sux",
                    "form": "še",
                    "delim": "",
                    "gdl": [
                      {
                        "v": "še",
                        "id": "P227962.18.1.0",
                        "breakStart": "1",
                        "o": "[",
                        "break": "missing"
                      }
                    ],
                    "cf": "še",
                    "gw": "barley",
                    "sense": "barley",
                    "norm0": "še",
                    "pos": "N",
                    "epos": "N",
                    "base": "še",
                    "morph": "~"
                  }
                },
                {
                  "node": "l",
                  "frag": "maš₂",
                  "id": "P227962.l00029",
                  "ref": "P227962.18.2",
                  "inst": "maš[interest (on a loan)]N",
                  "sig": "@obmc%sux:maš₂=maš[interest//interest (on a loan)]N'N$maš/maš₂#~",
                  "f": {
                    "lang": "sux",
                    "form": "maš₂",
                    "delim": "",
                    "gdl": [
                      {
                        "v": "maš₂",
                        "id": "P227962.18.2.0",
                        "break": "missing"
                      }
                    ],
                    "cf": "maš",
                    "gw": "interest",
                    "sense": "interest (on a loan)",
                    "norm0": "maš",
                    "pos": "N",
                    "epos": "N",
                    "base": "maš₂",
                    "morph": "~"
                  }
                },
                {
                  "node": "l",
                  "frag": "ŋa₂]-ŋa₂-⸢dam⸣",
                  "id": "P227962.l0002a",
                  "ref": "P227962.18.3",
                  "inst": "ŋar[to place on, put on]V/t",
                  "sig": "@obmc%sux:ŋa₂-ŋa₂-dam=ŋar[place//to place on, put on]V/t'V/t$ŋar;de,am/ŋa₂-ŋa₂#~;de,am",
                  "f": {
                    "lang": "sux",
                    "form": "ŋa₂-ŋa₂-dam",
                    "gdl": [
                      {
                        "v": "ŋa₂",
                        "id": "P227962.18.3.0",
                        "break": "missing",
                        "o": "]",
                        "breakEnd": "P227962.18.1.0",
                        "delim": "-"
                      },
                      {
                        "v": "ŋa₂",
                        "id": "P227962.18.3.1",
                        "delim": "-"
                      },
                      {
                        "v": "dam",
                        "id": "P227962.18.3.2",
                        "break": "damaged",
                        "queried": "1",
                        "ho": "1",
                        "hc": "1"
                      }
                    ],
                    "cf": "ŋar",
                    "gw": "place",
                    "sense": "to place on, put on",
                    "norm0": "ŋar;de,am",
                    "pos": "V/t",
                    "epos": "V/t",
                    "base": "ŋa₂-ŋa₂",
                    "morph": "~;de,am"
                  }
                },
                {
                  "node": "d",
                  "subtype": "column 3'",
                  "type": "column",
                  "ref": "P227962.iii_.19",
                  "n": "3",
                  "label": "iii'"
                },
                {
                  "node": "d",
                  "type": "line-start",
                  "ref": "P227962.20",
                  "n": "1'",
                  "label": "iii' 1'"
                },
                {
                  "node": "l",
                  "frag": "{[iti}gud-si-su-ka]",
                  "id": "P227962.l0002b",
                  "ref": "P227962.20.1",
                  "inst": "Gud-sisa[1]MN",
                  "sig": "@obmc%sux:{iti}gud-si-su-ka=Gud-sisa[1//1]MN'MN$Gud-sisa,ak.a/{iti}gud-si-su#~,ak.a",
                  "f": {
                    "lang": "sux",
                    "form": "{iti}gud-si-su-ka",
                    "gdl": [
                      {
                        "det": "semantic",
                        "pos": "pre",
                        "seq": [
                          {
                            "v": "iti",
                            "id": "P227962.20.1.0",
                            "breakStart": "1",
                            "o": "[",
                            "break": "missing"
                          }
                        ]
                      },
                      {
                        "v": "gud",
                        "id": "P227962.20.1.1",
                        "break": "missing",
                        "delim": "-"
                      },
                      {
                        "v": "si",
                        "id": "P227962.20.1.2",
                        "break": "missing",
                        "delim": "-"
                      },
                      {
                        "v": "su",
                        "id": "P227962.20.1.3",
                        "break": "missing",
                        "delim": "-"
                      },
                      {
                        "v": "ka",
                        "id": "P227962.20.1.4",
                        "break": "missing",
                        "o": "]",
                        "breakEnd": "P227962.20.1.0"
                      }
                    ],
                    "cf": "Gud-sisa",
                    "gw": "1",
                    "sense": "1",
                    "norm0": "Gud-sisa,ak.a",
                    "pos": "MN",
                    "epos": "MN",
                    "base": "{iti}gud-si-su",
                    "morph": "~,ak.a"
                  }
                },
                {
                  "node": "d",
                  "type": "line-start",
                  "ref": "P227962.21",
                  "n": "2'",
                  "label": "iii' 2'"
                },
                {
                  "node": "l",
                  "frag": "še",
                  "id": "P227962.l0002c",
                  "ref": "P227962.21.1",
                  "inst": "še[barley]N",
                  "sig": "@obmc%sux:še=še[barley//barley]N'N$še/še#~",
                  "f": {
                    "lang": "sux",
                    "form": "še",
                    "delim": "",
                    "gdl": [
                      {
                        "v": "še",
                        "id": "P227962.21.1.0"
                      }
                    ],
                    "cf": "še",
                    "gw": "barley",
                    "sense": "barley",
                    "norm0": "še",
                    "pos": "N",
                    "epos": "N",
                    "base": "še",
                    "morph": "~"
                  }
                },
                {
                  "node": "l",
                  "frag": "⸢i₃⸣-[aŋ₂-e]",
                  "id": "P227962.l0002d",
                  "ref": "P227962.21.2",
                  "inst": "aŋ[to measure]V/t",
                  "sig": "@obmc%sux:i₃-aŋ₂-e=aŋ[measure//to measure]V/t'V/t$V:aŋ;e/aŋ₂#V:~;e",
                  "f": {
                    "lang": "sux",
                    "form": "i₃-aŋ₂-e",
                    "gdl": [
                      {
                        "v": "i₃",
                        "id": "P227962.21.2.0",
                        "break": "damaged",
                        "ho": "1",
                        "delim": "-",
                        "hc": "1"
                      },
                      {
                        "v": "aŋ₂",
                        "id": "P227962.21.2.1",
                        "breakStart": "1",
                        "o": "[",
                        "break": "missing",
                        "delim": "-"
                      },
                      {
                        "v": "e",
                        "id": "P227962.21.2.2",
                        "break": "missing",
                        "o": "]",
                        "breakEnd": "P227962.21.2.1"
                      }
                    ],
                    "cf": "aŋ",
                    "gw": "measure",
                    "sense": "to measure",
                    "norm0": "V:aŋ;e",
                    "pos": "V/t",
                    "epos": "V/t",
                    "base": "aŋ₂",
                    "morph": "V:~;e"
                  }
                },
                {
                  "node": "d",
                  "type": "line-start",
                  "ref": "P227962.22",
                  "n": "3'",
                  "label": "iii' 3'"
                },
                {
                  "node": "l",
                  "frag": "⸢tukum⸣-[bi]",
                  "id": "P227962.l0002e",
                  "ref": "P227962.22.1",
                  "inst": "tukumbi[if]CNJ",
                  "sig": "@obmc%sux:tukum-bi=tukumbi[if//if]CNJ'CNJ$tukumbi/tukum-bi#~",
                  "f": {
                    "lang": "sux",
                    "form": "tukum-bi",
                    "gdl": [
                      {
                        "v": "tukum",
                        "id": "P227962.22.1.0",
                        "break": "damaged",
                        "ho": "1",
                        "delim": "-",
                        "hc": "1"
                      },
                      {
                        "v": "bi",
                        "id": "P227962.22.1.1",
                        "breakStart": "1",
                        "o": "]",
                        "break": "missing",
                        "breakEnd": "P227962.22.1.1"
                      }
                    ],
                    "cf": "tukumbi",
                    "gw": "if",
                    "sense": "if",
                    "norm0": "tukumbi",
                    "pos": "CNJ",
                    "epos": "CNJ",
                    "base": "tukum-bi",
                    "morph": "~"
                  }
                },
                {
                  "node": "d",
                  "type": "line-start",
                  "ref": "P227962.23",
                  "n": "4'",
                  "label": "iii' 4'"
                },
                {
                  "node": "l",
                  "frag": "{iti}gud-⸢si⸣-[su-ka]",
                  "id": "P227962.l0002f",
                  "ref": "P227962.23.1",
                  "inst": "Gud-sisa[1]MN",
                  "sig": "@obmc%sux:{iti}gud-si-su-ka=Gud-sisa[1//1]MN'MN$Gud-sisa,ak.a/{iti}gud-si-su#~,ak.a",
                  "f": {
                    "lang": "sux",
                    "form": "{iti}gud-si-su-ka",
                    "gdl": [
                      {
                        "det": "semantic",
                        "pos": "pre",
                        "seq": [
                          {
                            "v": "iti",
                            "id": "P227962.23.1.0"
                          }
                        ]
                      },
                      {
                        "v": "gud",
                        "id": "P227962.23.1.1",
                        "delim": "-"
                      },
                      {
                        "v": "si",
                        "id": "P227962.23.1.2",
                        "break": "damaged",
                        "ho": "1",
                        "delim": "-",
                        "hc": "1"
                      },
                      {
                        "v": "su",
                        "id": "P227962.23.1.3",
                        "breakStart": "1",
                        "o": "[",
                        "break": "missing",
                        "delim": "-"
                      },
                      {
                        "v": "ka",
                        "id": "P227962.23.1.4",
                        "break": "missing",
                        "o": "]",
                        "breakEnd": "P227962.23.1.3"
                      }
                    ],
                    "cf": "Gud-sisa",
                    "gw": "1",
                    "sense": "1",
                    "norm0": "Gud-sisa,ak.a",
                    "pos": "MN",
                    "epos": "MN",
                    "base": "{iti}gud-si-su",
                    "morph": "~,ak.a"
                  }
                },
                {
                  "node": "d",
                  "type": "line-start",
                  "ref": "P227962.24",
                  "n": "5'",
                  "label": "iii' 5'"
                },
                {
                  "node": "l",
                  "frag": "⸢x⸣",
                  "id": "P227962.l00030",
                  "ref": "P227962.24.1",
                  "inst": "u",
                  "f": {
                    "lang": "sux",
                    "form": "x",
                    "delim": "",
                    "gdl": [
                      {
                        "v": "x",
                        "id": "P227962.24.1.0",
                        "break": "damaged",
                        "ho": "1",
                        "hc": "1"
                      }
                    ],
                    "pos": "u"
                  }
                },
                {
                  "node": "l",
                  "frag": "a",
                  "id": "P227962.l00031",
                  "ref": "P227962.24.2",
                  "inst": "u",
                  "f": {
                    "lang": "sux",
                    "form": "a",
                    "delim": "",
                    "gdl": [
                      {
                        "v": "a",
                        "id": "P227962.24.2.0"
                      }
                    ],
                    "pos": "u"
                  }
                },
                {
                  "node": "l",
                  "frag": "⸢x⸣",
                  "id": "P227962.l00032",
                  "ref": "P227962.24.3",
                  "inst": "u",
                  "f": {
                    "lang": "sux",
                    "form": "x",
                    "delim": "",
                    "gdl": [
                      {
                        "v": "x",
                        "id": "P227962.24.3.0",
                        "break": "damaged",
                        "ho": "1",
                        "hc": "1"
                      }
                    ],
                    "pos": "u"
                  }
                },
                {
                  "node": "l",
                  "frag": "[...]",
                  "id": "P227962.l00033",
                  "ref": "P227962.24.4",
                  "inst": "u",
                  "f": {
                    "lang": "sux",
                    "form": "x",
                    "gdl": [
                      {
                        "x": "ellipsis",
                        "id": "P227962.24.4.0",
                        "breakStart": "1",
                        "break": "missing",
                        "o": "]",
                        "breakEnd": "P227962.24.4.0"
                      }
                    ],
                    "pos": "u"
                  }
                },
                {
                  "node": "d",
                  "type": "line-start",
                  "ref": "P227962.25",
                  "n": "6'",
                  "label": "iii' 6'"
                },
                {
                  "node": "l",
                  "frag": "⸢še⸣-bi",
                  "id": "P227962.l00034",
                  "ref": "P227962.25.1",
                  "inst": "še[barley]N",
                  "sig": "@obmc%sux:še-bi=še[barley//barley]N'N$še,bi/še#~,bi",
                  "f": {
                    "lang": "sux",
                    "form": "še-bi",
                    "delim": "",
                    "gdl": [
                      {
                        "v": "še",
                        "id": "P227962.25.1.0",
                        "break": "damaged",
                        "ho": "1",
                        "delim": "-",
                        "hc": "1"
                      },
                      {
                        "v": "bi",
                        "id": "P227962.25.1.1"
                      }
                    ],
                    "cf": "še",
                    "gw": "barley",
                    "sense": "barley",
                    "norm0": "še,bi",
                    "pos": "N",
                    "epos": "N",
                    "base": "še",
                    "morph": "~,bi"
                  }
                },
                {
                  "node": "l",
                  "frag": "⸢la⸣-[ba-an-aŋ₂]",
                  "id": "P227962.l00035",
                  "ref": "P227962.25.2",
                  "inst": "aŋ[to measure]V/t",
                  "sig": "@obmc%sux:la-ba-an-aŋ₂=aŋ[measure//to measure]V/t'V/t$nu.ba.n:aŋ/aŋ₂#nu.ba.n:~",
                  "f": {
                    "lang": "sux",
                    "form": "la-ba-an-aŋ₂",
                    "gdl": [
                      {
                        "v": "la",
                        "id": "P227962.25.2.0",
                        "break": "damaged",
                        "ho": "1",
                        "delim": "-",
                        "hc": "1"
                      },
                      {
                        "v": "ba",
                        "id": "P227962.25.2.1",
                        "breakStart": "1",
                        "o": "[",
                        "break": "missing",
                        "delim": "-"
                      },
                      {
                        "v": "an",
                        "id": "P227962.25.2.2",
                        "break": "missing",
                        "delim": "-"
                      },
                      {
                        "v": "aŋ₂",
                        "id": "P227962.25.2.3",
                        "break": "missing",
                        "o": "]",
                        "breakEnd": "P227962.25.2.1"
                      }
                    ],
                    "cf": "aŋ",
                    "gw": "measure",
                    "sense": "to measure",
                    "norm0": "nu.ba.n:aŋ",
                    "pos": "V/t",
                    "epos": "V/t",
                    "base": "aŋ₂",
                    "morph": "nu.ba.n:~"
                  }
                },
                {
                  "node": "d",
                  "type": "line-start",
                  "ref": "P227962.26",
                  "n": "7'",
                  "label": "iii' 7'"
                },
                {
                  "node": "l",
                  "frag": "maš₂",
                  "id": "P227962.l00036",
                  "ref": "P227962.26.1",
                  "inst": "maš[interest (on a loan)]N",
                  "sig": "@obmc%sux:maš₂=maš[interest//interest (on a loan)]N'N$maš/maš₂#~",
                  "f": {
                    "lang": "sux",
                    "form": "maš₂",
                    "delim": "",
                    "gdl": [
                      {
                        "v": "maš₂",
                        "id": "P227962.26.1.0"
                      }
                    ],
                    "cf": "maš",
                    "gw": "interest",
                    "sense": "interest (on a loan)",
                    "norm0": "maš",
                    "pos": "N",
                    "epos": "N",
                    "base": "maš₂",
                    "morph": "~"
                  }
                },
                {
                  "node": "l",
                  "frag": "1(aš)",
                  "id": "P227962.l00037",
                  "ref": "P227962.26.2",
                  "inst": "aš[one]NU",
                  "sig": "@obmc%sux:1(aš)=aš[one//one]NU'NU$aš/aš#~",
                  "f": {
                    "lang": "sux",
                    "form": "1(aš)",
                    "delim": "",
                    "gdl": [
                      {
                        "n": "n",
                        "form": "1(aš)",
                        "id": "P227962.26.2.0",
                        "seq": [
                          {
                            "r": "1"
                          },
                          {
                            "v": "aš"
                          }
                        ]
                      }
                    ],
                    "cf": "aš",
                    "gw": "one",
                    "sense": "one",
                    "norm0": "aš",
                    "pos": "NU",
                    "epos": "NU",
                    "base": "aš",
                    "morph": "~"
                  }
                },
                {
                  "node": "l",
                  "frag": "⸢gur⸣",
                  "id": "P227962.l00038",
                  "ref": "P227962.26.3",
                  "inst": "gur[unit of capacity]N",
                  "sig": "@obmc%sux:gur=gur[unit//unit of capacity]N'N$gur/gur#~",
                  "f": {
                    "lang": "sux",
                    "form": "gur",
                    "delim": "",
                    "gdl": [
                      {
                        "v": "gur",
                        "id": "P227962.26.3.0",
                        "break": "damaged",
                        "ho": "1",
                        "hc": "1"
                      }
                    ],
                    "cf": "gur",
                    "gw": "unit",
                    "sense": "unit of capacity",
                    "norm0": "gur",
                    "pos": "N",
                    "epos": "N",
                    "base": "gur",
                    "morph": "~"
                  }
                },
                {
                  "node": "l",
                  "frag": "1(barig)",
                  "id": "P227962.l00039",
                  "ref": "P227962.26.4",
                  "inst": "n",
                  "f": {
                    "lang": "sux",
                    "form": "1(barig)",
                    "delim": "",
                    "gdl": [
                      {
                        "n": "n",
                        "form": "1(barig)",
                        "id": "P227962.26.4.0",
                        "breakStart": "1",
                        "o": "[",
                        "break": "missing",
                        "seq": [
                          {
                            "r": "1"
                          },
                          {
                            "v": "barig"
                          }
                        ]
                      }
                    ],
                    "pos": "n"
                  }
                },
                {
                  "node": "l",
                  "frag": "4(ban₂)",
                  "id": "P227962.l0003a",
                  "ref": "P227962.26.5",
                  "inst": "n",
                  "f": {
                    "lang": "sux",
                    "form": "4(ban₂)",
                    "delim": "",
                    "gdl": [
                      {
                        "n": "n",
                        "form": "4(ban₂)",
                        "id": "P227962.26.5.0",
                        "break": "missing",
                        "seq": [
                          {
                            "r": "4"
                          },
                          {
                            "v": "ban₂"
                          }
                        ]
                      }
                    ],
                    "pos": "n"
                  }
                },
                {
                  "node": "l",
                  "frag": "še-ta-am₃]",
                  "id": "P227962.l0003b",
                  "ref": "P227962.26.6",
                  "inst": "še[barley]N",
                  "sig": "@obmc%sux:še-ta-am₃=še[barley//barley]N'N$še,ta.am/še#~,ta.am",
                  "f": {
                    "lang": "sux",
                    "form": "še-ta-am₃",
                    "gdl": [
                      {
                        "v": "še",
                        "id": "P227962.26.6.0",
                        "break": "missing",
                        "delim": "-"
                      },
                      {
                        "v": "ta",
                        "id": "P227962.26.6.1",
                        "break": "missing",
                        "delim": "-"
                      },
                      {
                        "v": "am₃",
                        "id": "P227962.26.6.2",
                        "break": "missing",
                        "o": "]",
                        "breakEnd": "P227962.26.4.0"
                      }
                    ],
                    "cf": "še",
                    "gw": "barley",
                    "sense": "barley",
                    "norm0": "še,ta.am",
                    "pos": "N",
                    "epos": "N",
                    "base": "še",
                    "morph": "~,ta.am"
                  }
                },
                {
                  "node": "d",
                  "type": "line-start",
                  "ref": "P227962.27",
                  "n": "8'",
                  "label": "iii' 8'"
                },
                {
                  "node": "l",
                  "frag": "bi₂-ib-tah-[e]",
                  "id": "P227962.l0003c",
                  "ref": "P227962.27.1",
                  "inst": "tah[to add, increase]V/t",
                  "sig": "@obmc%sux:bi₂-ib-tah-e=tah[add//to add, increase]V/t'V/t$ba.i.b:tah;e/tah#ba.i.b:~;e",
                  "f": {
                    "lang": "sux",
                    "form": "bi₂-ib-tah-e",
                    "gdl": [
                      {
                        "v": "bi₂",
                        "id": "P227962.27.1.0",
                        "queried": "1",
                        "delim": "-"
                      },
                      {
                        "v": "ib",
                        "id": "P227962.27.1.1",
                        "delim": "-"
                      },
                      {
                        "v": "tah",
                        "id": "P227962.27.1.2",
                        "delim": "-"
                      },
                      {
                        "v": "e",
                        "id": "P227962.27.1.3",
                        "breakStart": "1",
                        "o": "]",
                        "break": "missing",
                        "breakEnd": "P227962.27.1.3"
                      }
                    ],
                    "cf": "tah",
                    "gw": "add",
                    "sense": "to add, increase",
                    "norm0": "ba.i.b:tah;e",
                    "pos": "V/t",
                    "epos": "V/t",
                    "base": "tah",
                    "morph": "ba.i.b:~;e"
                  }
                },
                {
                  "node": "d",
                  "type": "nonx",
                  "ref": "P227962.28",
                  "strict": "1",
                  "extent": "2",
                  "scope": "line",
                  "state": "ruling"
                },
                {
                  "node": "d",
                  "type": "line-start",
                  "ref": "P227962.29",
                  "n": "9'",
                  "label": "iii' 9'"
                },
                {
                  "node": "l",
                  "frag": "2(aš)",
                  "id": "P227962.l0003d",
                  "ref": "P227962.29.1",
                  "inst": "n",
                  "f": {
                    "lang": "sux",
                    "form": "2(aš)",
                    "delim": "",
                    "gdl": [
                      {
                        "n": "n",
                        "form": "2(aš)",
                        "id": "P227962.29.1.0",
                        "seq": [
                          {
                            "r": "2"
                          },
                          {
                            "v": "aš"
                          }
                        ]
                      }
                    ],
                    "pos": "n"
                  }
                },
                {
                  "node": "l",
                  "frag": "[...",
                  "id": "P227962.l0003e",
                  "ref": "P227962.29.2",
                  "inst": "u",
                  "f": {
                    "lang": "sux",
                    "form": "x",
                    "delim": "",
                    "gdl": [
                      {
                        "x": "ellipsis",
                        "id": "P227962.29.2.0",
                        "breakStart": "1",
                        "break": "missing",
                        "o": "["
                      }
                    ],
                    "pos": "u"
                  }
                },
                {
                  "node": "l",
                  "frag": "še",
                  "id": "P227962.l0003f",
                  "ref": "P227962.29.3",
                  "inst": "še[barley]N",
                  "sig": "@obmc%sux:še=še[barley//barley]N'N$še/še#~",
                  "f": {
                    "lang": "sux",
                    "form": "še",
                    "delim": "",
                    "gdl": [
                      {
                        "v": "še",
                        "id": "P227962.29.3.0",
                        "break": "missing"
                      }
                    ],
                    "cf": "še",
                    "gw": "barley",
                    "sense": "barley",
                    "norm0": "še",
                    "pos": "N",
                    "epos": "N",
                    "base": "še",
                    "morph": "~"
                  }
                },
                {
                  "node": "l",
                  "frag": "gur]",
                  "id": "P227962.l00040",
                  "ref": "P227962.29.4",
                  "inst": "gur[unit of capacity]N",
                  "sig": "@obmc%sux:gur=gur[unit//unit of capacity]N'N$gur/gur#~",
                  "f": {
                    "lang": "sux",
                    "form": "gur",
                    "gdl": [
                      {
                        "v": "gur",
                        "id": "P227962.29.4.0",
                        "break": "missing",
                        "o": "]",
                        "breakEnd": "P227962.29.2.0"
                      }
                    ],
                    "cf": "gur",
                    "gw": "unit",
                    "sense": "unit of capacity",
                    "norm0": "gur",
                    "pos": "N",
                    "epos": "N",
                    "base": "gur",
                    "morph": "~"
                  }
                },
                {
                  "node": "d",
                  "type": "line-start",
                  "ref": "P227962.30",
                  "n": "10'",
                  "label": "iii' 10'"
                },
                {
                  "node": "l",
                  "frag": "maš₂",
                  "id": "P227962.l00041",
                  "ref": "P227962.30.1",
                  "inst": "maš[interest (on a loan)]N",
                  "sig": "@obmc%sux:maš₂=maš[interest//interest (on a loan)]N'N$maš/maš₂#~",
                  "f": {
                    "lang": "sux",
                    "form": "maš₂",
                    "delim": "",
                    "gdl": [
                      {
                        "v": "maš₂",
                        "id": "P227962.30.1.0"
                      }
                    ],
                    "cf": "maš",
                    "gw": "interest",
                    "sense": "interest (on a loan)",
                    "norm0": "maš",
                    "pos": "N",
                    "epos": "N",
                    "base": "maš₂",
                    "morph": "~"
                  }
                },
                {
                  "node": "l",
                  "frag": "[...]",
                  "id": "P227962.l00042",
                  "ref": "P227962.30.2",
                  "inst": "u",
                  "f": {
                    "lang": "sux",
                    "form": "x",
                    "gdl": [
                      {
                        "x": "ellipsis",
                        "id": "P227962.30.2.0",
                        "breakStart": "1",
                        "break": "missing",
                        "o": "]",
                        "breakEnd": "P227962.30.2.0"
                      }
                    ],
                    "pos": "u"
                  }
                },
                {
                  "node": "d",
                  "type": "nonx",
                  "ref": "P227962.31",
                  "strict": "1",
                  "extent": "rest",
                  "scope": "column",
                  "state": "missing"
                }
              ]
            }
          ]
        }
      ]
    },
    {
      "linkbase": [
        {
          "type": "linkset",
          "xlink_title": "šu teŋ[accept//to accept]V/t'V/t",
          "id": "P227962.ls00000",
          "xlink_type": "extended",
          "xlink_role": "psu",
          "sig": "{šu ba-an-ti = šu[hand]N teŋ[approach]V/i += šu teŋ[accept//to accept]V/t'V/t}::@obmc%sux:šu=šu[hand//hand]N'N$šu/šu#~++@obmc%sux:ba-an-ti=teŋ[approach//to approach]V/i'V/i$ba.n:teŋ/teŋ₄#ba.n:~",
          "links": [
            {
              "type": "link",
              "xlink_title": "šu",
              "xlink_type": "locator",
              "xlink_href": "#P227962.l0001f",
              "xlink_role": "elt"
            },
            {
              "type": "link",
              "xlink_title": "teŋ",
              "xlink_type": "locator",
              "xlink_href": "#P227962.l00020",
              "xlink_role": "elt"
            }
          ]
        }
      ]
    }
  ]
}
