{
  "type": "cdl",
  "project": "obmc",
  "source": "http://oracc.org/obmc",
  "license": "This data is released under the CC0 license",
  "license-url": "https://creativecommons.org/publicdomain/zero/1.0/",
  "more-info": "http://oracc.org/doc/opendata/",
  "UTC-timestamp": "2019-02-04T17:10:33",
  "textid": "P229764",
  "cdl": [
    {
      "node": "c",
      "type": "text",
      "id": "P229764.U0",
      "cdl": [
        {
          "node": "d",
          "subtype": "tablet",
          "type": "tablet",
          "ref": "P229764.x12.1",
          "label": "x12"
        },
        {
          "node": "d",
          "subtype": "obverse",
          "type": "obverse",
          "ref": "P229764.o.2",
          "label": "o"
        },
        {
          "node": "d",
          "subtype": "column 1o",
          "type": "column",
          "ref": "P229764.o.i.3",
          "n": "1",
          "label": "o i"
        },
        {
          "node": "c",
          "type": "discourse",
          "subtype": "body",
          "id": "P229764.U1",
          "cdl": [
            {
              "node": "c",
              "type": "sentence",
              "implicit": "yes",
              "id": "P229764.U2",
              "label": "o i 1 - o i 11",
              "cdl": [
                {
                  "node": "d",
                  "type": "line-start",
                  "ref": "P229764.4",
                  "n": "1",
                  "label": "o i 1"
                },
                {
                  "node": "l",
                  "frag": "n",
                  "id": "P229764.l0022e",
                  "ref": "P229764.4.1",
                  "inst": "n",
                  "f": {
                    "lang": "sux",
                    "form": "n",
                    "delim": "",
                    "gdl": [
                      {
                        "n": "n",
                        "form": "n",
                        "id": "P229764.4.1.0",
                        "breakStart": "1",
                        "o": "[",
                        "break": "missing",
                        "seq": [
                          {
                            "r": "n"
                          }
                        ]
                      }
                    ],
                    "pos": "n"
                  }
                },
                {
                  "node": "l",
                  "frag": "sar",
                  "id": "P229764.l0022f",
                  "ref": "P229764.4.2",
                  "inst": "sar[a unit of area]N",
                  "sig": "@obmc%sux:sar=sar[garden//a unit of area]N'N$sar/sar#~",
                  "f": {
                    "lang": "sux",
                    "form": "sar",
                    "delim": "",
                    "gdl": [
                      {
                        "v": "sar",
                        "id": "P229764.4.2.0",
                        "break": "missing"
                      }
                    ],
                    "cf": "sar",
                    "gw": "garden",
                    "sense": "a unit of area",
                    "norm0": "sar",
                    "pos": "N",
                    "epos": "N",
                    "base": "sar",
                    "morph": "~"
                  }
                },
                {
                  "node": "l",
                  "frag": "e₂]",
                  "id": "P229764.l00230",
                  "ref": "P229764.4.3",
                  "inst": "e[house]N",
                  "sig": "@obmc%sux:e₂=e[house//house]N'N$e/e₂#~",
                  "f": {
                    "lang": "sux",
                    "form": "e₂",
                    "delim": "",
                    "gdl": [
                      {
                        "v": "e₂",
                        "id": "P229764.4.3.0",
                        "break": "missing",
                        "o": "]",
                        "breakEnd": "P229764.4.1.0"
                      }
                    ],
                    "cf": "e",
                    "gw": "house",
                    "sense": "house",
                    "norm0": "e",
                    "pos": "N",
                    "epos": "N",
                    "base": "e₂",
                    "morph": "~"
                  }
                },
                {
                  "node": "l",
                  "frag": "kislah",
                  "id": "P229764.l00231",
                  "ref": "P229764.4.4",
                  "inst": "kislah[empty house lot]N",
                  "sig": "@obmc%sux:kislah=kislah[land//empty house lot]N'N$kislah/kislah#~",
                  "f": {
                    "lang": "sux",
                    "form": "kislah",
                    "gdl": [
                      {
                        "v": "kislah",
                        "id": "P229764.4.4.0"
                      }
                    ],
                    "cf": "kislah",
                    "gw": "land",
                    "sense": "empty house lot",
                    "norm0": "kislah",
                    "pos": "N",
                    "epos": "N",
                    "base": "kislah",
                    "morph": "~"
                  }
                },
                {
                  "node": "d",
                  "type": "line-start",
                  "ref": "P229764.5",
                  "n": "2",
                  "label": "o i 2"
                },
                {
                  "node": "l",
                  "frag": "[da",
                  "id": "P229764.l00232",
                  "ref": "P229764.5.1",
                  "inst": "da[line, edge, side]N",
                  "sig": "@obmc%sux:da=da[line//line, edge, side]N'N$da/da#~",
                  "f": {
                    "lang": "sux",
                    "form": "da",
                    "delim": "",
                    "gdl": [
                      {
                        "v": "da",
                        "id": "P229764.5.1.0",
                        "breakStart": "1",
                        "o": "[",
                        "break": "missing"
                      }
                    ],
                    "cf": "da",
                    "gw": "line",
                    "sense": "line, edge, side",
                    "norm0": "da",
                    "pos": "N",
                    "epos": "N",
                    "base": "da",
                    "morph": "~"
                  }
                },
                {
                  "node": "l",
                  "frag": "e₂]",
                  "id": "P229764.l00233",
                  "ref": "P229764.5.2",
                  "inst": "e[house]N",
                  "sig": "@obmc%sux:e₂=e[house//house]N'N$e/e₂#~",
                  "f": {
                    "lang": "sux",
                    "form": "e₂",
                    "delim": "",
                    "gdl": [
                      {
                        "v": "e₂",
                        "id": "P229764.5.2.0",
                        "break": "missing",
                        "o": "]",
                        "breakEnd": "P229764.5.1.0"
                      }
                    ],
                    "cf": "e",
                    "gw": "house",
                    "sense": "house",
                    "norm0": "e",
                    "pos": "N",
                    "epos": "N",
                    "base": "e₂",
                    "morph": "~"
                  }
                },
                {
                  "node": "l",
                  "frag": "⸢ip-qu₂⸣-{d}en-lil₂",
                  "id": "P229764.l00234",
                  "ref": "P229764.5.3",
                  "inst": "+Ipqu-Enlil[]PN/ip-qu₂-{d}en-lil₂#~",
                  "sig": "@obmc%sux:ip-qu₂-{d}en-lil₂=Ipqu-Enlil[1//1]PN'PN$Ipqu-Enlil/ip-qu₂-{d}en-lil₂#~",
                  "f": {
                    "lang": "sux",
                    "form": "ip-qu₂-{d}en-lil₂",
                    "gdl": [
                      {
                        "v": "ip",
                        "id": "P229764.5.3.0",
                        "break": "damaged",
                        "ho": "1",
                        "delim": "-"
                      },
                      {
                        "v": "qu₂",
                        "id": "P229764.5.3.1",
                        "break": "damaged",
                        "delim": "-",
                        "hc": "1"
                      },
                      {
                        "det": "semantic",
                        "pos": "pre",
                        "seq": [
                          {
                            "v": "d",
                            "id": "P229764.5.3.2"
                          }
                        ]
                      },
                      {
                        "v": "en",
                        "id": "P229764.5.3.3",
                        "delim": "-"
                      },
                      {
                        "v": "lil₂",
                        "id": "P229764.5.3.4"
                      }
                    ],
                    "cf": "Ipqu-Enlil",
                    "gw": "1",
                    "sense": "1",
                    "norm0": "Ipqu-Enlil",
                    "pos": "PN",
                    "epos": "PN",
                    "base": "ip-qu₂-{d}en-lil₂",
                    "morph": "~"
                  }
                },
                {
                  "node": "d",
                  "type": "line-start",
                  "ref": "P229764.6",
                  "n": "3",
                  "label": "o i 3"
                },
                {
                  "node": "l",
                  "frag": "[e₂]",
                  "id": "P229764.l00235",
                  "ref": "P229764.6.1",
                  "inst": "e[house]N",
                  "sig": "@obmc%sux:e₂=e[house//house]N'N$e/e₂#~",
                  "f": {
                    "lang": "sux",
                    "form": "e₂",
                    "delim": "",
                    "gdl": [
                      {
                        "v": "e₂",
                        "id": "P229764.6.1.0",
                        "breakStart": "1",
                        "o": "]",
                        "break": "missing",
                        "breakEnd": "P229764.6.1.0"
                      }
                    ],
                    "cf": "e",
                    "gw": "house",
                    "sense": "house",
                    "norm0": "e",
                    "pos": "N",
                    "epos": "N",
                    "base": "e₂",
                    "morph": "~"
                  }
                },
                {
                  "node": "l",
                  "frag": "⸢nin⸣-ku₃-zu",
                  "id": "P229764.l00236",
                  "ref": "P229764.6.2",
                  "inst": "Ninkuzu[]PN/nin-ku₃-zu#~",
                  "sig": "@obmc%sux:nin-ku₃-zu=Ninkuzu[1//1]PN'PN$Ninkuzu/nin-ku₃-zu#~",
                  "f": {
                    "lang": "sux",
                    "form": "nin-ku₃-zu",
                    "delim": "",
                    "gdl": [
                      {
                        "v": "nin",
                        "id": "P229764.6.2.0",
                        "break": "damaged",
                        "ho": "1",
                        "delim": "-",
                        "hc": "1"
                      },
                      {
                        "v": "ku₃",
                        "id": "P229764.6.2.1",
                        "delim": "-"
                      },
                      {
                        "v": "zu",
                        "id": "P229764.6.2.2"
                      }
                    ],
                    "cf": "Ninkuzu",
                    "gw": "1",
                    "sense": "1",
                    "norm0": "Ninkuzu",
                    "pos": "PN",
                    "epos": "PN",
                    "base": "nin-ku₃-zu",
                    "morph": "~"
                  }
                },
                {
                  "node": "l",
                  "frag": "lukur",
                  "id": "P229764.l00237",
                  "ref": "P229764.6.3",
                  "inst": "lukur[(junior) wife of a deified king]N",
                  "sig": "@obmc%sux:lukur=lukur[priestess//(junior) wife of a deified king]N'N$lukur/lukur#~",
                  "f": {
                    "lang": "sux",
                    "form": "lukur",
                    "delim": "",
                    "gdl": [
                      {
                        "v": "lukur",
                        "id": "P229764.6.3.0"
                      }
                    ],
                    "cf": "lukur",
                    "gw": "priestess",
                    "sense": "(junior) wife of a deified king",
                    "norm0": "lukur",
                    "pos": "N",
                    "epos": "N",
                    "base": "lukur",
                    "morph": "~"
                  }
                },
                {
                  "node": "l",
                  "frag": "{d}nin-urta",
                  "id": "P229764.l00238",
                  "ref": "P229764.6.4",
                  "inst": "Ninurtak[1]DN",
                  "sig": "@obmc%sux:{d}nin-urta=Ninurtak[1//1]DN'DN$Ninurtak/{d}nin-urta#~",
                  "f": {
                    "lang": "sux",
                    "form": "{d}nin-urta",
                    "delim": "",
                    "gdl": [
                      {
                        "det": "semantic",
                        "pos": "pre",
                        "seq": [
                          {
                            "v": "d",
                            "id": "P229764.6.4.0"
                          }
                        ]
                      },
                      {
                        "v": "nin",
                        "id": "P229764.6.4.1",
                        "delim": "-"
                      },
                      {
                        "v": "urta",
                        "id": "P229764.6.4.2"
                      }
                    ],
                    "cf": "Ninurtak",
                    "gw": "1",
                    "sense": "1",
                    "norm0": "Ninurtak",
                    "pos": "DN",
                    "epos": "DN",
                    "base": "{d}nin-urta",
                    "morph": "~"
                  }
                },
                {
                  "node": "d",
                  "frag": "/",
                  "type": "punct",
                  "ref": "P229764.6.5",
                  "lang": "sux",
                  "delim": ""
                },
                {
                  "node": "l",
                  "frag": "⸢dumu⸣-munus",
                  "id": "P229764.l00239",
                  "ref": "P229764.6.6",
                  "inst": "dumumunus[daughter]N",
                  "sig": "@obmc%sux:dumu-munus=dumumunus[daughter//daughter]N'N$dumumunus/dumu-munus#~",
                  "f": {
                    "lang": "sux",
                    "form": "dumu-munus",
                    "delim": "",
                    "gdl": [
                      {
                        "v": "dumu",
                        "id": "P229764.6.6.0",
                        "break": "damaged",
                        "ho": "1",
                        "delim": "-",
                        "hc": "1"
                      },
                      {
                        "v": "munus",
                        "id": "P229764.6.6.1"
                      }
                    ],
                    "cf": "dumumunus",
                    "gw": "daughter",
                    "sense": "daughter",
                    "norm0": "dumumunus",
                    "pos": "N",
                    "epos": "N",
                    "base": "dumu-munus",
                    "morph": "~"
                  }
                },
                {
                  "node": "l",
                  "frag": "a-li₂-AN",
                  "id": "P229764.l0023a",
                  "ref": "P229764.6.7",
                  "inst": "Ali-ilum[]PN/a-li₂-AN#~",
                  "sig": "@obmc%sux:a-li₂-AN=Ali-ilum[1//1]PN'PN$Ali-ilum/a-li₂-AN#~",
                  "f": {
                    "lang": "sux",
                    "form": "a-li₂-AN",
                    "gdl": [
                      {
                        "v": "a",
                        "id": "P229764.6.7.0",
                        "delim": "-"
                      },
                      {
                        "v": "li₂",
                        "id": "P229764.6.7.1",
                        "delim": "-"
                      },
                      {
                        "s": "AN",
                        "id": "P229764.6.7.2"
                      }
                    ],
                    "cf": "Ali-ilum",
                    "gw": "1",
                    "sense": "1",
                    "norm0": "Ali-ilum",
                    "pos": "PN",
                    "epos": "PN",
                    "base": "a-li₂-AN",
                    "morph": "~"
                  }
                },
                {
                  "node": "d",
                  "type": "line-start",
                  "ref": "P229764.7",
                  "n": "4",
                  "label": "o i 4"
                },
                {
                  "node": "l",
                  "frag": "[ki]",
                  "id": "P229764.l0023b",
                  "ref": "P229764.7.1",
                  "inst": "ki[place]N",
                  "sig": "@obmc%sux:ki=ki[place//place]N'N$ki/ki#~",
                  "f": {
                    "lang": "sux",
                    "form": "ki",
                    "delim": "",
                    "gdl": [
                      {
                        "v": "ki",
                        "id": "P229764.7.1.0",
                        "breakStart": "1",
                        "o": "]",
                        "break": "missing",
                        "breakEnd": "P229764.7.1.0"
                      }
                    ],
                    "cf": "ki",
                    "gw": "place",
                    "sense": "place",
                    "norm0": "ki",
                    "pos": "N",
                    "epos": "N",
                    "base": "ki",
                    "morph": "~"
                  }
                },
                {
                  "node": "l",
                  "frag": "⸢nin⸣-ku₃-⸢zu⸣",
                  "id": "P229764.l0023c",
                  "ref": "P229764.7.2",
                  "inst": "Ninkuzu[1]PN",
                  "sig": "@obmc%sux:nin-ku₃-zu=Ninkuzu[1//1]PN'PN$Ninkuzu/nin-ku₃-zu#~",
                  "f": {
                    "lang": "sux",
                    "form": "nin-ku₃-zu",
                    "gdl": [
                      {
                        "v": "nin",
                        "id": "P229764.7.2.0",
                        "break": "damaged",
                        "ho": "1",
                        "delim": "-",
                        "hc": "1"
                      },
                      {
                        "v": "ku₃",
                        "id": "P229764.7.2.1",
                        "delim": "-"
                      },
                      {
                        "v": "zu",
                        "id": "P229764.7.2.2",
                        "break": "damaged",
                        "ho": "1",
                        "hc": "1"
                      }
                    ],
                    "cf": "Ninkuzu",
                    "gw": "1",
                    "sense": "1",
                    "norm0": "Ninkuzu",
                    "pos": "PN",
                    "epos": "PN",
                    "base": "nin-ku₃-zu",
                    "morph": "~"
                  }
                },
                {
                  "node": "d",
                  "type": "line-start",
                  "ref": "P229764.8",
                  "n": "5",
                  "label": "o i 5"
                },
                {
                  "node": "l",
                  "frag": "{[m}im]-⸢gur⸣-{d}suen-ke₄",
                  "id": "P229764.l0023d",
                  "ref": "P229764.8.1",
                  "inst": "+Imgur-Sin[]PN/{m}im-gur-{d}suen#~,ak.e",
                  "sig": "@obmc%sux:{m}im-gur-{d}suen-ke₄=Imgur-Sin[1//1]PN'PN$Imgur-Sin,ak.e/{m}im-gur-{d}suen#~,ak.e",
                  "f": {
                    "lang": "sux",
                    "form": "{m}im-gur-{d}suen-ke₄",
                    "gdl": [
                      {
                        "det": "semantic",
                        "pos": "pre",
                        "seq": [
                          {
                            "v": "m",
                            "id": "P229764.8.1.0",
                            "breakStart": "1",
                            "o": "[",
                            "break": "missing"
                          }
                        ]
                      },
                      {
                        "v": "im",
                        "id": "P229764.8.1.1",
                        "break": "missing",
                        "o": "]",
                        "breakEnd": "P229764.8.1.0",
                        "delim": "-"
                      },
                      {
                        "v": "gur",
                        "id": "P229764.8.1.2",
                        "break": "damaged",
                        "ho": "1",
                        "delim": "-",
                        "hc": "1"
                      },
                      {
                        "det": "semantic",
                        "pos": "pre",
                        "seq": [
                          {
                            "v": "d",
                            "id": "P229764.8.1.3"
                          }
                        ]
                      },
                      {
                        "v": "suen",
                        "id": "P229764.8.1.4",
                        "delim": "-"
                      },
                      {
                        "v": "ke₄",
                        "id": "P229764.8.1.5"
                      }
                    ],
                    "cf": "Imgur-Sin",
                    "gw": "1",
                    "sense": "1",
                    "norm0": "Imgur-Sin,ak.e",
                    "pos": "PN",
                    "epos": "PN",
                    "base": "{m}im-gur-{d}suen",
                    "morph": "~,ak.e"
                  }
                },
                {
                  "node": "d",
                  "type": "line-start",
                  "ref": "P229764.9",
                  "n": "6",
                  "label": "o i 6"
                },
                {
                  "node": "l",
                  "frag": "[nam]-⸢ga⸣-an-tuš-a",
                  "id": "P229764.l0023e",
                  "ref": "P229764.9.1",
                  "inst": "namgantuš[tenancy]N/nam-ga-an-tuš#~,a",
                  "sig": "@obmc%sux:nam-ga-an-tuš-a=namgantuš[tenancy//tenancy]N'N$namgantuš,a/nam-ga-an-tuš#~,a",
                  "f": {
                    "lang": "sux",
                    "form": "nam-ga-an-tuš-a",
                    "gdl": [
                      {
                        "v": "nam",
                        "id": "P229764.9.1.0",
                        "breakStart": "1",
                        "o": "]",
                        "break": "missing",
                        "breakEnd": "P229764.9.1.0",
                        "delim": "-"
                      },
                      {
                        "v": "ga",
                        "id": "P229764.9.1.1",
                        "break": "damaged",
                        "ho": "1",
                        "delim": "-",
                        "hc": "1"
                      },
                      {
                        "v": "an",
                        "id": "P229764.9.1.2",
                        "delim": "-"
                      },
                      {
                        "v": "tuš",
                        "id": "P229764.9.1.3",
                        "delim": "-"
                      },
                      {
                        "v": "a",
                        "id": "P229764.9.1.4"
                      }
                    ],
                    "cf": "namgantuš",
                    "gw": "tenancy",
                    "sense": "tenancy",
                    "norm0": "namgantuš,a",
                    "pos": "N",
                    "epos": "N",
                    "base": "nam-ga-an-tuš",
                    "morph": "~,a"
                  }
                },
                {
                  "node": "d",
                  "type": "line-start",
                  "ref": "P229764.10",
                  "n": "7",
                  "label": "o i 7"
                },
                {
                  "node": "l",
                  "frag": "⸢a₂⸣",
                  "id": "P229764.l0023f",
                  "ref": "P229764.10.1",
                  "inst": "a[wage]N",
                  "sig": "@obmc%sux:a₂=a[arm//wage]N'N$a/a₂#~",
                  "f": {
                    "lang": "sux",
                    "form": "a₂",
                    "delim": "",
                    "gdl": [
                      {
                        "v": "a₂",
                        "id": "P229764.10.1.0",
                        "break": "damaged",
                        "ho": "1",
                        "hc": "1"
                      }
                    ],
                    "cf": "a",
                    "gw": "arm",
                    "sense": "wage",
                    "norm0": "a",
                    "pos": "N",
                    "epos": "N",
                    "base": "a₂",
                    "morph": "~"
                  }
                },
                {
                  "node": "l",
                  "frag": "mu-⸢u₈⸣-<a>-še₃",
                  "id": "P229764.l00240",
                  "ref": "P229764.10.2",
                  "inst": "mu[year]N",
                  "sig": "@obmc%sux:mu-u₈-a-še₃=mu[year//year]N'N$mu,ak.eše/mu#~,ak.eše",
                  "f": {
                    "lang": "sux",
                    "form": "mu-u₈-a-še₃",
                    "gdl": [
                      {
                        "v": "mu",
                        "id": "P229764.10.2.0",
                        "delim": "-"
                      },
                      {
                        "v": "u₈",
                        "id": "P229764.10.2.1",
                        "break": "damaged",
                        "ho": "1",
                        "delim": "-",
                        "hc": "1"
                      },
                      {
                        "v": "a",
                        "id": "P229764.10.2.2",
                        "statusStart": "P229764.10.2.2",
                        "o": ">",
                        "delim": "-"
                      },
                      {
                        "v": "še₃",
                        "id": "P229764.10.2.3"
                      }
                    ],
                    "cf": "mu",
                    "gw": "year",
                    "sense": "year",
                    "norm0": "mu,ak.eše",
                    "pos": "N",
                    "epos": "N",
                    "base": "mu",
                    "morph": "~,ak.eše"
                  }
                },
                {
                  "node": "d",
                  "type": "line-start",
                  "ref": "P229764.11",
                  "n": "8",
                  "label": "o i 8"
                },
                {
                  "node": "l",
                  "frag": "[n]",
                  "id": "P229764.l00241",
                  "ref": "P229764.11.1",
                  "inst": "n",
                  "f": {
                    "lang": "sux",
                    "form": "n",
                    "delim": "",
                    "gdl": [
                      {
                        "v": "n",
                        "id": "P229764.11.1.0",
                        "breakStart": "1",
                        "o": "]",
                        "break": "missing",
                        "breakEnd": "P229764.11.1.0"
                      }
                    ],
                    "pos": "n"
                  }
                },
                {
                  "node": "l",
                  "frag": "giŋ₄",
                  "id": "P229764.l00242",
                  "ref": "P229764.11.2",
                  "inst": "giŋ[a unit of weight, shekel]N",
                  "sig": "@obmc%sux:giŋ₄=giŋ[unit//a unit of weight, shekel]N'N$giŋ/giŋ₄#~",
                  "f": {
                    "lang": "sux",
                    "form": "giŋ₄",
                    "delim": "",
                    "gdl": [
                      {
                        "v": "giŋ₄",
                        "id": "P229764.11.2.0"
                      }
                    ],
                    "cf": "giŋ",
                    "gw": "unit",
                    "sense": "a unit of weight, shekel",
                    "norm0": "giŋ",
                    "pos": "N",
                    "epos": "N",
                    "base": "giŋ₄",
                    "morph": "~"
                  }
                },
                {
                  "node": "l",
                  "frag": "kug-babbar",
                  "id": "P229764.l00243",
                  "ref": "P229764.11.3",
                  "inst": "kugbabbar[silver]N",
                  "sig": "@obmc%sux:kug-babbar=kugbabbar[silver//silver]N'N$kugbabbar/kug-babbar#~",
                  "f": {
                    "lang": "sux",
                    "form": "kug-babbar",
                    "gdl": [
                      {
                        "v": "kug",
                        "id": "P229764.11.3.0",
                        "delim": "-"
                      },
                      {
                        "v": "babbar",
                        "id": "P229764.11.3.1"
                      }
                    ],
                    "cf": "kugbabbar",
                    "gw": "silver",
                    "sense": "silver",
                    "norm0": "kugbabbar",
                    "pos": "N",
                    "epos": "N",
                    "base": "kug-babbar",
                    "morph": "~"
                  }
                },
                {
                  "node": "d",
                  "type": "line-start",
                  "ref": "P229764.12",
                  "n": "9",
                  "label": "o i 9"
                },
                {
                  "node": "l",
                  "frag": "⸢ib₂⸣-ta-an-e₃",
                  "id": "P229764.l00244",
                  "ref": "P229764.12.1",
                  "inst": "e[leave//to rent]V/i'V/t",
                  "sig": "@obmc%sux:ib₂-ta-an-e₃=e[leave//to rent]V/i'V/t$V.b.ta.n:e/e₃#V.b.ta.n:~",
                  "f": {
                    "lang": "sux",
                    "form": "ib₂-ta-an-e₃",
                    "gdl": [
                      {
                        "v": "ib₂",
                        "id": "P229764.12.1.0",
                        "break": "damaged",
                        "ho": "1",
                        "delim": "-",
                        "hc": "1"
                      },
                      {
                        "v": "ta",
                        "id": "P229764.12.1.1",
                        "delim": "-"
                      },
                      {
                        "v": "an",
                        "id": "P229764.12.1.2",
                        "delim": "-"
                      },
                      {
                        "v": "e₃",
                        "id": "P229764.12.1.3"
                      }
                    ],
                    "cf": "e",
                    "gw": "leave",
                    "sense": "to rent",
                    "norm0": "V.b.ta.n:e",
                    "pos": "V/i",
                    "epos": "V/t",
                    "base": "e₃",
                    "morph": "V.b.ta.n:~"
                  }
                },
                {
                  "node": "d",
                  "type": "line-start",
                  "ref": "P229764.13",
                  "n": "10",
                  "label": "o i 10"
                },
                {
                  "node": "l",
                  "frag": "[lu₂]",
                  "id": "P229764.l00245",
                  "ref": "P229764.13.1",
                  "inst": "lu[man]N",
                  "sig": "@obmc%sux:lu₂=lu[person//man]N'N$lu/lu₂#~",
                  "f": {
                    "lang": "sux",
                    "form": "lu₂",
                    "delim": "",
                    "gdl": [
                      {
                        "v": "lu₂",
                        "id": "P229764.13.1.0",
                        "breakStart": "1",
                        "o": "]",
                        "break": "missing",
                        "breakEnd": "P229764.13.1.0"
                      }
                    ],
                    "cf": "lu",
                    "gw": "person",
                    "sense": "man",
                    "norm0": "lu",
                    "pos": "N",
                    "epos": "N",
                    "base": "lu₂",
                    "morph": "~"
                  }
                },
                {
                  "node": "l",
                  "frag": "⸢ki⸣-inim-ma",
                  "id": "P229764.l00246",
                  "ref": "P229764.13.2",
                  "inst": "kiʾinimak[witness]N",
                  "sig": "@obmc%sux:ki-inim-ma=kiʾinimak[witness//witness]N'N$kiʾinimak/ki-inim-ma#~",
                  "f": {
                    "lang": "sux",
                    "form": "ki-inim-ma",
                    "gdl": [
                      {
                        "v": "ki",
                        "id": "P229764.13.2.0",
                        "break": "damaged",
                        "ho": "1",
                        "delim": "-",
                        "hc": "1"
                      },
                      {
                        "v": "inim",
                        "id": "P229764.13.2.1",
                        "delim": "-"
                      },
                      {
                        "v": "ma",
                        "id": "P229764.13.2.2"
                      }
                    ],
                    "cf": "kiʾinimak",
                    "gw": "witness",
                    "sense": "witness",
                    "norm0": "kiʾinimak",
                    "pos": "N",
                    "epos": "N",
                    "base": "ki-inim-ma",
                    "morph": "~"
                  }
                },
                {
                  "node": "d",
                  "type": "line-start",
                  "ref": "P229764.14",
                  "n": "11",
                  "label": "o i 11"
                },
                {
                  "node": "l",
                  "frag": "[itud-bi]",
                  "id": "P229764.l00247",
                  "ref": "P229764.14.1",
                  "inst": "itud[month]N",
                  "sig": "@obmc%sux:itud-bi=itud[moon//month]N'N$itud,bi/itud#~,bi",
                  "f": {
                    "lang": "sux",
                    "form": "itud-bi",
                    "delim": "",
                    "gdl": [
                      {
                        "v": "itud",
                        "id": "P229764.14.1.0",
                        "breakStart": "1",
                        "o": "[",
                        "break": "missing",
                        "delim": "-"
                      },
                      {
                        "v": "bi",
                        "id": "P229764.14.1.1",
                        "break": "missing",
                        "o": "]",
                        "breakEnd": "P229764.14.1.0"
                      }
                    ],
                    "cf": "itud",
                    "gw": "moon",
                    "sense": "month",
                    "norm0": "itud,bi",
                    "pos": "N",
                    "epos": "N",
                    "base": "itud",
                    "morph": "~,bi"
                  }
                },
                {
                  "node": "l",
                  "frag": "⸢mu-bi-im⸣",
                  "id": "P229764.l00248",
                  "ref": "P229764.14.2",
                  "inst": "mu[year]N",
                  "sig": "@obmc%sux:mu-bi-im=mu[year//year]N'N$mu/mu-bi-im#~",
                  "f": {
                    "lang": "sux",
                    "form": "mu-bi-im",
                    "gdl": [
                      {
                        "v": "mu",
                        "id": "P229764.14.2.0",
                        "break": "damaged",
                        "ho": "1",
                        "delim": "-"
                      },
                      {
                        "v": "bi",
                        "id": "P229764.14.2.1",
                        "break": "damaged",
                        "delim": "-"
                      },
                      {
                        "v": "im",
                        "id": "P229764.14.2.2",
                        "break": "damaged",
                        "hc": "1"
                      }
                    ],
                    "cf": "mu",
                    "gw": "year",
                    "sense": "year",
                    "norm0": "mu",
                    "pos": "N",
                    "epos": "N",
                    "base": "mu-bi-im",
                    "morph": "~"
                  }
                },
                {
                  "node": "d",
                  "type": "nonx",
                  "ref": "P229764.15",
                  "strict": "1",
                  "extent": "rest",
                  "scope": "line",
                  "state": "missing"
                }
              ]
            }
          ]
        }
      ]
    }
  ]
}
