{
  "type": "cdl",
  "project": "obmc",
  "source": "http://oracc.org/obmc",
  "license": "This data is released under the CC0 license",
  "license-url": "https://creativecommons.org/publicdomain/zero/1.0/",
  "more-info": "http://oracc.org/doc/opendata/",
  "UTC-timestamp": "2019-02-04T17:10:39",
  "textid": "P230727",
  "cdl": [
    {
      "node": "c",
      "type": "text",
      "id": "P230727.U0",
      "cdl": [
        {
          "node": "d",
          "subtype": "tablet",
          "type": "tablet",
          "ref": "P230727.x52.1",
          "label": "x52"
        },
        {
          "node": "d",
          "subtype": "obverse",
          "type": "obverse",
          "ref": "P230727.o.2",
          "label": "o"
        },
        {
          "node": "c",
          "type": "discourse",
          "subtype": "body",
          "id": "P230727.U1",
          "cdl": [
            {
              "node": "c",
              "type": "sentence",
              "implicit": "yes",
              "id": "P230727.U2",
              "label": "o 1 - o 7",
              "cdl": [
                {
                  "node": "d",
                  "type": "line-start",
                  "ref": "P230727.3",
                  "n": "1",
                  "label": "o 1"
                },
                {
                  "node": "l",
                  "frag": "1",
                  "id": "P230727.l00a3f",
                  "ref": "P230727.3.1",
                  "inst": "n",
                  "f": {
                    "lang": "sux",
                    "form": "1",
                    "delim": "",
                    "gdl": [
                      {
                        "n": "n",
                        "sexified": "1(diš)",
                        "form": "1",
                        "id": "P230727.3.1.0",
                        "break": "damaged",
                        "ho": "1",
                        "seq": [
                          {
                            "r": "1"
                          }
                        ]
                      }
                    ],
                    "pos": "n"
                  }
                },
                {
                  "node": "l",
                  "frag": "saŋ⸣-munus",
                  "id": "P230727.l00a40",
                  "ref": "P230727.3.2",
                  "inst": "saŋmunus[woman]N",
                  "sig": "@obmc%sux:saŋ-munus=saŋmunus[woman//woman]N'N$saŋmunus/saŋ-munus#~",
                  "f": {
                    "lang": "sux",
                    "form": "saŋ-munus",
                    "gdl": [
                      {
                        "v": "saŋ",
                        "id": "P230727.3.2.0",
                        "break": "damaged",
                        "delim": "-",
                        "hc": "1"
                      },
                      {
                        "v": "munus",
                        "id": "P230727.3.2.1"
                      }
                    ],
                    "cf": "saŋmunus",
                    "gw": "woman",
                    "sense": "woman",
                    "norm0": "saŋmunus",
                    "pos": "N",
                    "epos": "N",
                    "base": "saŋ-munus",
                    "morph": "~"
                  }
                },
                {
                  "node": "d",
                  "type": "line-start",
                  "ref": "P230727.4",
                  "n": "2",
                  "label": "o 2"
                },
                {
                  "node": "l",
                  "frag": "x-x-[x]",
                  "id": "P230727.l00a41",
                  "ref": "P230727.4.1",
                  "inst": "u",
                  "f": {
                    "lang": "sux",
                    "form": "x-x-x",
                    "delim": "",
                    "gdl": [
                      {
                        "v": "x",
                        "id": "P230727.4.1.0",
                        "delim": "-"
                      },
                      {
                        "v": "x",
                        "id": "P230727.4.1.1",
                        "delim": "-"
                      },
                      {
                        "v": "x",
                        "id": "P230727.4.1.2",
                        "breakStart": "1",
                        "o": "]",
                        "break": "missing",
                        "breakEnd": "P230727.4.1.2"
                      }
                    ],
                    "pos": "u"
                  }
                },
                {
                  "node": "l",
                  "frag": "mu-ni",
                  "id": "P230727.l00a42",
                  "ref": "P230727.4.2",
                  "inst": "mu[name]N",
                  "sig": "@obmc%sux:mu-ni=mu[name//name]N'N$mu,ani/mu#~,ani",
                  "f": {
                    "lang": "sux",
                    "form": "mu-ni",
                    "gdl": [
                      {
                        "v": "mu",
                        "id": "P230727.4.2.0",
                        "delim": "-"
                      },
                      {
                        "v": "ni",
                        "id": "P230727.4.2.1"
                      }
                    ],
                    "cf": "mu",
                    "gw": "name",
                    "sense": "name",
                    "norm0": "mu,ani",
                    "pos": "N",
                    "epos": "N",
                    "base": "mu",
                    "morph": "~,ani"
                  }
                },
                {
                  "node": "d",
                  "type": "line-start",
                  "ref": "P230727.5",
                  "n": "3",
                  "label": "o 3"
                },
                {
                  "node": "l",
                  "frag": "geme₂",
                  "id": "P230727.l00a43",
                  "ref": "P230727.5.1",
                  "inst": "geme[female servant, slave]N",
                  "sig": "@obmc%sux:geme₂=geme[worker//female servant, slave]N'N$geme/geme₂#~",
                  "f": {
                    "lang": "sux",
                    "form": "geme₂",
                    "delim": "",
                    "gdl": [
                      {
                        "v": "geme₂",
                        "id": "P230727.5.1.0"
                      }
                    ],
                    "cf": "geme",
                    "gw": "worker",
                    "sense": "female servant, slave",
                    "norm0": "geme",
                    "pos": "N",
                    "epos": "N",
                    "base": "geme₂",
                    "morph": "~"
                  }
                },
                {
                  "node": "l",
                  "frag": "a-a-x-kal-la",
                  "id": "P230727.l00a44",
                  "ref": "P230727.5.2",
                  "inst": "u",
                  "f": {
                    "lang": "sux",
                    "form": "a-a-x-kal-la",
                    "gdl": [
                      {
                        "v": "a",
                        "id": "P230727.5.2.0",
                        "delim": "-"
                      },
                      {
                        "v": "a",
                        "id": "P230727.5.2.1",
                        "delim": "-"
                      },
                      {
                        "v": "x",
                        "id": "P230727.5.2.2",
                        "queried": "1",
                        "delim": "-"
                      },
                      {
                        "v": "kal",
                        "id": "P230727.5.2.3",
                        "delim": "-"
                      },
                      {
                        "v": "la",
                        "id": "P230727.5.2.4"
                      }
                    ],
                    "pos": "u"
                  }
                },
                {
                  "node": "d",
                  "type": "line-start",
                  "ref": "P230727.6",
                  "n": "4",
                  "label": "o 4"
                },
                {
                  "node": "l",
                  "frag": "[a-a-x-kal]-⸢la⸣",
                  "id": "P230727.l00a45",
                  "ref": "P230727.6.1",
                  "inst": "u",
                  "f": {
                    "lang": "sux",
                    "form": "a-a-x-kal-la",
                    "delim": "",
                    "gdl": [
                      {
                        "v": "a",
                        "id": "P230727.6.1.0",
                        "breakStart": "1",
                        "o": "[",
                        "break": "missing",
                        "delim": "-"
                      },
                      {
                        "v": "a",
                        "id": "P230727.6.1.1",
                        "break": "missing",
                        "delim": "-"
                      },
                      {
                        "v": "x",
                        "id": "P230727.6.1.2",
                        "queried": "1",
                        "break": "missing",
                        "delim": "-"
                      },
                      {
                        "v": "kal",
                        "id": "P230727.6.1.3",
                        "break": "missing",
                        "o": "]",
                        "breakEnd": "P230727.6.1.0",
                        "delim": "-"
                      },
                      {
                        "v": "la",
                        "id": "P230727.6.1.4",
                        "break": "damaged",
                        "ho": "1",
                        "hc": "1"
                      }
                    ],
                    "pos": "u"
                  }
                },
                {
                  "node": "l",
                  "frag": "lugal-a-ni",
                  "id": "P230727.l00a46",
                  "ref": "P230727.6.2",
                  "inst": "lugal[owner]N",
                  "sig": "@obmc%sux:lugal-a-ni=lugal[king//owner]N'N$lugal,ani/lugal#~,ani",
                  "f": {
                    "lang": "sux",
                    "form": "lugal-a-ni",
                    "gdl": [
                      {
                        "v": "lugal",
                        "id": "P230727.6.2.0",
                        "delim": "-"
                      },
                      {
                        "v": "a",
                        "id": "P230727.6.2.1",
                        "delim": "-"
                      },
                      {
                        "v": "ni",
                        "id": "P230727.6.2.2"
                      }
                    ],
                    "cf": "lugal",
                    "gw": "king",
                    "sense": "owner",
                    "norm0": "lugal,ani",
                    "pos": "N",
                    "epos": "N",
                    "base": "lugal",
                    "morph": "~,ani"
                  }
                },
                {
                  "node": "d",
                  "type": "line-start",
                  "ref": "P230727.7",
                  "n": "5",
                  "label": "o 5"
                },
                {
                  "node": "l",
                  "frag": "[ama-ar-gi₄-ni]",
                  "id": "P230727.l00a47",
                  "ref": "P230727.7.1",
                  "inst": "amargi[reversion]N",
                  "sig": "@obmc%sux:ama-ar-gi₄-ni=amargi[reversion//reversion]N'N$amargi,ani/ama-ar-gi₄#~,ani",
                  "f": {
                    "lang": "sux",
                    "form": "ama-ar-gi₄-ni",
                    "delim": "",
                    "gdl": [
                      {
                        "v": "ama",
                        "id": "P230727.7.1.0",
                        "breakStart": "1",
                        "o": "[",
                        "break": "missing",
                        "delim": "-"
                      },
                      {
                        "v": "ar",
                        "id": "P230727.7.1.1",
                        "break": "missing",
                        "delim": "-"
                      },
                      {
                        "v": "gi₄",
                        "id": "P230727.7.1.2",
                        "break": "missing",
                        "delim": "-"
                      },
                      {
                        "v": "ni",
                        "id": "P230727.7.1.3",
                        "break": "missing",
                        "o": "]",
                        "breakEnd": "P230727.7.1.0"
                      }
                    ],
                    "cf": "amargi",
                    "gw": "reversion",
                    "sense": "reversion",
                    "norm0": "amargi,ani",
                    "pos": "N",
                    "epos": "N",
                    "base": "ama-ar-gi₄",
                    "morph": "~,ani"
                  }
                },
                {
                  "node": "l",
                  "frag": "⸢in⸣-ŋar",
                  "id": "P230727.l00a48",
                  "ref": "P230727.7.2",
                  "inst": "ŋar[to place on, put on]V/t",
                  "sig": "@obmc%sux:in-ŋar=ŋar[place//to place on, put on]V/t'V/t$V.n:ŋar/ŋar#V.n:~",
                  "f": {
                    "lang": "sux",
                    "form": "in-ŋar",
                    "gdl": [
                      {
                        "v": "in",
                        "id": "P230727.7.2.0",
                        "break": "damaged",
                        "ho": "1",
                        "delim": "-",
                        "hc": "1"
                      },
                      {
                        "v": "ŋar",
                        "id": "P230727.7.2.1"
                      }
                    ],
                    "cf": "ŋar",
                    "gw": "place",
                    "sense": "to place on, put on",
                    "norm0": "V.n:ŋar",
                    "pos": "V/t",
                    "epos": "V/t",
                    "base": "ŋar",
                    "morph": "V.n:~"
                  }
                },
                {
                  "node": "d",
                  "type": "line-start",
                  "ref": "P230727.8",
                  "n": "6",
                  "label": "o 6"
                },
                {
                  "node": "l",
                  "frag": "[saŋ-ki-ni",
                  "id": "P230727.l00a49",
                  "ref": "P230727.8.1",
                  "inst": "saŋki[forehead, brow]N",
                  "sig": "@obmc%sux:saŋ-ki-ni=saŋki[forehead//forehead, brow]N'N$saŋki,ani/saŋ-ki#~,ani",
                  "f": {
                    "lang": "sux",
                    "form": "saŋ-ki-ni",
                    "delim": "",
                    "gdl": [
                      {
                        "v": "saŋ",
                        "id": "P230727.8.1.0",
                        "breakStart": "1",
                        "o": "[",
                        "break": "missing",
                        "delim": "-"
                      },
                      {
                        "v": "ki",
                        "id": "P230727.8.1.1",
                        "break": "missing",
                        "delim": "-"
                      },
                      {
                        "v": "ni",
                        "id": "P230727.8.1.2",
                        "break": "missing"
                      }
                    ],
                    "cf": "saŋki",
                    "gw": "forehead",
                    "sense": "forehead, brow",
                    "norm0": "saŋki,ani",
                    "pos": "N",
                    "epos": "N",
                    "base": "saŋ-ki",
                    "morph": "~,ani"
                  }
                },
                {
                  "node": "l",
                  "frag": "in]-dadag",
                  "id": "P230727.l00a4a",
                  "ref": "P230727.8.2",
                  "inst": "dadag[bright]V/i",
                  "sig": "@obmc%sux:in-dadag=dadag[bright//bright]V/i'V/i$V.n:dadag/dadag#V.n:~",
                  "f": {
                    "lang": "sux",
                    "form": "in-dadag",
                    "gdl": [
                      {
                        "v": "in",
                        "id": "P230727.8.2.0",
                        "break": "missing",
                        "o": "]",
                        "breakEnd": "P230727.8.1.0",
                        "delim": "-"
                      },
                      {
                        "v": "dadag",
                        "id": "P230727.8.2.1"
                      }
                    ],
                    "cf": "dadag",
                    "gw": "bright",
                    "sense": "bright",
                    "norm0": "V.n:dadag",
                    "pos": "V/i",
                    "epos": "V/i",
                    "base": "dadag",
                    "morph": "V.n:~"
                  }
                },
                {
                  "node": "d",
                  "type": "line-start",
                  "ref": "P230727.9",
                  "n": "7",
                  "label": "o 7"
                },
                {
                  "node": "l",
                  "frag": "[dug",
                  "id": "P230727.l00a4b",
                  "ref": "P230727.9.1",
                  "inst": "dug[(clay) pot]N",
                  "sig": "@obmc%sux:dug=dug[pot//(clay) pot]N'N$dug/dug#~",
                  "f": {
                    "lang": "sux",
                    "form": "dug",
                    "delim": "",
                    "gdl": [
                      {
                        "v": "dug",
                        "id": "P230727.9.1.0",
                        "breakStart": "1",
                        "o": "[",
                        "break": "missing"
                      }
                    ],
                    "cf": "dug",
                    "gw": "pot",
                    "sense": "(clay) pot",
                    "norm0": "dug",
                    "pos": "N",
                    "epos": "N",
                    "base": "dug",
                    "morph": "~"
                  }
                },
                {
                  "node": "l",
                  "frag": "nam-geme₂-ni-še₃]",
                  "id": "P230727.l00a4c",
                  "ref": "P230727.9.2",
                  "inst": "namgeme[slavery]N",
                  "sig": "@obmc%sux:nam-geme₂-ni-še₃=namgeme[~worker//slavery]N'N$namgeme,ani.eše/nam-geme₂#~,ani.eše",
                  "f": {
                    "lang": "sux",
                    "form": "nam-geme₂-ni-še₃",
                    "delim": "",
                    "gdl": [
                      {
                        "v": "nam",
                        "id": "P230727.9.2.0",
                        "break": "missing",
                        "delim": "-"
                      },
                      {
                        "v": "geme₂",
                        "id": "P230727.9.2.1",
                        "break": "missing",
                        "delim": "-"
                      },
                      {
                        "v": "ni",
                        "id": "P230727.9.2.2",
                        "break": "missing",
                        "delim": "-"
                      },
                      {
                        "v": "še₃",
                        "id": "P230727.9.2.3",
                        "break": "missing",
                        "o": "]",
                        "breakEnd": "P230727.9.1.0"
                      }
                    ],
                    "cf": "namgeme",
                    "gw": "~worker",
                    "sense": "slavery",
                    "norm0": "namgeme,ani.eše",
                    "pos": "N",
                    "epos": "N",
                    "base": "nam-geme₂",
                    "morph": "~,ani.eše"
                  }
                },
                {
                  "node": "l",
                  "frag": "⸢in-gaz⸣",
                  "id": "P230727.l00a4d",
                  "ref": "P230727.9.3",
                  "inst": "gaz[smash]V/t",
                  "sig": "@obmc%sux:in-gaz=gaz[kill//to smash]V/t'V/t$V.n:gaz/gaz#V.n:~",
                  "f": {
                    "lang": "sux",
                    "form": "in-gaz",
                    "gdl": [
                      {
                        "v": "in",
                        "id": "P230727.9.3.0",
                        "break": "damaged",
                        "ho": "1",
                        "delim": "-"
                      },
                      {
                        "v": "gaz",
                        "id": "P230727.9.3.1",
                        "break": "damaged",
                        "hc": "1"
                      }
                    ],
                    "cf": "gaz",
                    "gw": "kill",
                    "sense": "to smash",
                    "norm0": "V.n:gaz",
                    "pos": "V/t",
                    "epos": "V/t",
                    "base": "gaz",
                    "morph": "V.n:~"
                  }
                },
                {
                  "node": "d",
                  "type": "nonx",
                  "ref": "P230727.10",
                  "strict": "1",
                  "extent": "rest",
                  "scope": "tablet",
                  "state": "missing"
                },
                {
                  "node": "d",
                  "type": "object",
                  "ref": ""
                },
                {
                  "node": "d",
                  "subtype": "reverse",
                  "type": "reverse",
                  "ref": "P230727.r.11",
                  "label": "r"
                },
                {
                  "node": "d",
                  "type": "nonx",
                  "ref": "P230727.12",
                  "strict": "1",
                  "extent": "end",
                  "scope": "reverse",
                  "state": "illegible"
                }
              ]
            }
          ]
        }
      ]
    }
  ]
}
