{
  "type": "cdl",
  "project": "obmc",
  "source": "http://oracc.org/obmc",
  "license": "This data is released under the CC0 license",
  "license-url": "https://creativecommons.org/publicdomain/zero/1.0/",
  "more-info": "http://oracc.org/doc/opendata/",
  "UTC-timestamp": "2019-02-04T17:10:39",
  "textid": "P230726",
  "cdl": [
    {
      "node": "c",
      "type": "text",
      "id": "P230726.U0",
      "cdl": [
        {
          "node": "d",
          "subtype": "tablet",
          "type": "tablet",
          "ref": "P230726.x51.1",
          "label": "x51"
        },
        {
          "node": "d",
          "subtype": "obverse",
          "type": "obverse",
          "ref": "P230726.o.2",
          "label": "o"
        },
        {
          "node": "d",
          "type": "nonx",
          "ref": "P230726.3",
          "strict": "1",
          "extent": "1",
          "scope": "line",
          "state": "missing"
        },
        {
          "node": "c",
          "type": "discourse",
          "subtype": "body",
          "id": "P230726.U1",
          "cdl": [
            {
              "node": "c",
              "type": "sentence",
              "implicit": "yes",
              "id": "P230726.U2",
              "label": "o 2 - o 15",
              "cdl": [
                {
                  "node": "d",
                  "type": "line-start",
                  "ref": "P230726.4",
                  "n": "2",
                  "label": "o 2"
                },
                {
                  "node": "l",
                  "frag": "maš₂",
                  "id": "P230726.l00a28",
                  "ref": "P230726.4.1",
                  "inst": "maš[interest (on a loan)]N",
                  "sig": "@obmc%sux:maš₂=maš[interest//interest (on a loan)]N'N$maš/maš₂#~",
                  "f": {
                    "lang": "sux",
                    "form": "maš₂",
                    "delim": "",
                    "gdl": [
                      {
                        "v": "maš₂",
                        "id": "P230726.4.1.0"
                      }
                    ],
                    "cf": "maš",
                    "gw": "interest",
                    "sense": "interest (on a loan)",
                    "norm0": "maš",
                    "pos": "N",
                    "epos": "N",
                    "base": "maš₂",
                    "morph": "~"
                  }
                },
                {
                  "node": "l",
                  "frag": "⸢nu-ub-tuku⸣",
                  "id": "P230726.l00a29",
                  "ref": "P230726.4.2",
                  "inst": "tuku[to acquire, get]V/t",
                  "sig": "@obmc%sux:nu-ub-tuku=tuku[acquire//to acquire, get]V/t'V/t$nu.V.b:tuku/tuku#nu.V.b:~",
                  "f": {
                    "lang": "sux",
                    "form": "nu-ub-tuku",
                    "gdl": [
                      {
                        "v": "nu",
                        "id": "P230726.4.2.0",
                        "break": "damaged",
                        "ho": "1",
                        "delim": "-"
                      },
                      {
                        "v": "ub",
                        "id": "P230726.4.2.1",
                        "break": "damaged",
                        "delim": "-"
                      },
                      {
                        "v": "tuku",
                        "id": "P230726.4.2.2",
                        "break": "damaged",
                        "hc": "1"
                      }
                    ],
                    "cf": "tuku",
                    "gw": "acquire",
                    "sense": "to acquire, get",
                    "norm0": "nu.V.b:tuku",
                    "pos": "V/t",
                    "epos": "V/t",
                    "base": "tuku",
                    "morph": "nu.V.b:~"
                  }
                },
                {
                  "node": "d",
                  "type": "line-start",
                  "ref": "P230726.5",
                  "n": "3",
                  "label": "o 3"
                },
                {
                  "node": "l",
                  "frag": "kaš",
                  "id": "P230726.l00a2a",
                  "ref": "P230726.5.1",
                  "inst": "kaš[alcoholic drink]N",
                  "sig": "@obmc%sux:kaš=kaš[beer//alcoholic drink]N'N$kaš/kaš#~",
                  "f": {
                    "lang": "sux",
                    "form": "kaš",
                    "delim": "",
                    "gdl": [
                      {
                        "v": "kaš",
                        "id": "P230726.5.1.0"
                      }
                    ],
                    "cf": "kaš",
                    "gw": "beer",
                    "sense": "alcoholic drink",
                    "norm0": "kaš",
                    "pos": "N",
                    "epos": "N",
                    "base": "kaš",
                    "morph": "~"
                  }
                },
                {
                  "node": "l",
                  "frag": "sa₁₀-sa₁₀-⸢de₃⸣",
                  "id": "P230726.l00a2b",
                  "ref": "P230726.5.2",
                  "inst": "sa[to be paid for, sell]V/t",
                  "sig": "@obmc%sux:sa₁₀-sa₁₀-de₃=sa[pay for//to be paid for, sell]V/t'V/t$sa;de/sa₁₀-sa₁₀#~;de",
                  "f": {
                    "lang": "sux",
                    "form": "sa₁₀-sa₁₀-de₃",
                    "gdl": [
                      {
                        "v": "sa₁₀",
                        "id": "P230726.5.2.0",
                        "delim": "-"
                      },
                      {
                        "v": "sa₁₀",
                        "id": "P230726.5.2.1",
                        "delim": "-"
                      },
                      {
                        "v": "de₃",
                        "id": "P230726.5.2.2",
                        "break": "damaged",
                        "ho": "1",
                        "hc": "1"
                      }
                    ],
                    "cf": "sa",
                    "gw": "pay for",
                    "sense": "to be paid for, sell",
                    "norm0": "sa;de",
                    "pos": "V/t",
                    "epos": "V/t",
                    "base": "sa₁₀-sa₁₀",
                    "morph": "~;de"
                  }
                },
                {
                  "node": "d",
                  "type": "line-start",
                  "ref": "P230726.6",
                  "n": "4",
                  "label": "o 4"
                },
                {
                  "node": "l",
                  "frag": "ki",
                  "id": "P230726.l00a2c",
                  "ref": "P230726.6.1",
                  "inst": "ki[place]N",
                  "sig": "@obmc%sux:ki=ki[place//place]N'N$ki/ki#~",
                  "f": {
                    "lang": "sux",
                    "form": "ki",
                    "delim": "",
                    "gdl": [
                      {
                        "v": "ki",
                        "id": "P230726.6.1.0"
                      }
                    ],
                    "cf": "ki",
                    "gw": "place",
                    "sense": "place",
                    "norm0": "ki",
                    "pos": "N",
                    "epos": "N",
                    "base": "ki",
                    "morph": "~"
                  }
                },
                {
                  "node": "l",
                  "frag": "{d}nin-urta-ta",
                  "id": "P230726.l00a2d",
                  "ref": "P230726.6.2",
                  "inst": "+Ninurtak[]DN/{d}nin-urta#~,ta",
                  "sig": "@obmc%sux:{d}nin-urta-ta=Ninurtak[1//1]DN'DN$Ninurtak,ta/{d}nin-urta#~,ta",
                  "f": {
                    "lang": "sux",
                    "form": "{d}nin-urta-ta",
                    "gdl": [
                      {
                        "det": "semantic",
                        "pos": "pre",
                        "seq": [
                          {
                            "v": "d",
                            "id": "P230726.6.2.0"
                          }
                        ]
                      },
                      {
                        "v": "nin",
                        "id": "P230726.6.2.1",
                        "queried": "1",
                        "delim": "-"
                      },
                      {
                        "v": "urta",
                        "id": "P230726.6.2.2",
                        "delim": "-"
                      },
                      {
                        "v": "ta",
                        "id": "P230726.6.2.3"
                      }
                    ],
                    "cf": "Ninurtak",
                    "gw": "1",
                    "sense": "1",
                    "norm0": "Ninurtak,ta",
                    "pos": "DN",
                    "epos": "DN",
                    "base": "{d}nin-urta",
                    "morph": "~,ta"
                  }
                },
                {
                  "node": "d",
                  "type": "line-start",
                  "ref": "P230726.7",
                  "n": "5",
                  "label": "o 5"
                },
                {
                  "node": "l",
                  "frag": "{m}lu₂-gid₂-gid₂",
                  "id": "P230726.l00a2e",
                  "ref": "P230726.7.1",
                  "inst": "+Lu-gidgid[]PN/{m}lu₂-gid₂-gid₂#~",
                  "sig": "@obmc%sux:{m}lu₂-gid₂-gid₂=Lu-gidgid[1//1]PN'PN$Lu-gidgid/{m}lu₂-gid₂-gid₂#~",
                  "f": {
                    "lang": "sux",
                    "form": "{m}lu₂-gid₂-gid₂",
                    "gdl": [
                      {
                        "det": "semantic",
                        "pos": "pre",
                        "seq": [
                          {
                            "v": "m",
                            "id": "P230726.7.1.0"
                          }
                        ]
                      },
                      {
                        "v": "lu₂",
                        "id": "P230726.7.1.1",
                        "delim": "-"
                      },
                      {
                        "v": "gid₂",
                        "id": "P230726.7.1.2",
                        "delim": "-"
                      },
                      {
                        "v": "gid₂",
                        "id": "P230726.7.1.3"
                      }
                    ],
                    "cf": "Lu-gidgid",
                    "gw": "1",
                    "sense": "1",
                    "norm0": "Lu-gidgid",
                    "pos": "PN",
                    "epos": "PN",
                    "base": "{m}lu₂-gid₂-gid₂",
                    "morph": "~"
                  }
                },
                {
                  "node": "d",
                  "type": "line-start",
                  "ref": "P230726.8",
                  "n": "6",
                  "label": "o 6"
                },
                {
                  "node": "l",
                  "frag": "{m}ur-{d}suen",
                  "id": "P230726.l00a2f",
                  "ref": "P230726.8.1",
                  "inst": "+Ur-Sin[]PN/{m}ur-{d}suen#~",
                  "sig": "@obmc%sux:{m}ur-{d}suen=Ur-Sin[1//1]PN'PN$Ur-Sin/{m}ur-{d}suen#~",
                  "f": {
                    "lang": "sux",
                    "form": "{m}ur-{d}suen",
                    "gdl": [
                      {
                        "det": "semantic",
                        "pos": "pre",
                        "seq": [
                          {
                            "v": "m",
                            "id": "P230726.8.1.0"
                          }
                        ]
                      },
                      {
                        "v": "ur",
                        "id": "P230726.8.1.1",
                        "delim": "-"
                      },
                      {
                        "det": "semantic",
                        "pos": "pre",
                        "seq": [
                          {
                            "v": "d",
                            "id": "P230726.8.1.2"
                          }
                        ]
                      },
                      {
                        "v": "suen",
                        "id": "P230726.8.1.3"
                      }
                    ],
                    "cf": "Ur-Sin",
                    "gw": "1",
                    "sense": "1",
                    "norm0": "Ur-Sin",
                    "pos": "PN",
                    "epos": "PN",
                    "base": "{m}ur-{d}suen",
                    "morph": "~"
                  }
                },
                {
                  "node": "d",
                  "type": "line-start",
                  "ref": "P230726.9",
                  "n": "7",
                  "label": "o 7"
                },
                {
                  "node": "l",
                  "frag": "u₃",
                  "id": "P230726.l00a30",
                  "ref": "P230726.9.1",
                  "inst": "u[and]CNJ",
                  "sig": "@obmc%sux:u₃=u[and//and]CNJ'CNJ$u/u₃#~",
                  "f": {
                    "lang": "sux",
                    "form": "u₃",
                    "delim": "",
                    "gdl": [
                      {
                        "v": "u₃",
                        "id": "P230726.9.1.0"
                      }
                    ],
                    "cf": "u",
                    "gw": "and",
                    "sense": "and",
                    "norm0": "u",
                    "pos": "CNJ",
                    "epos": "CNJ",
                    "base": "u₃",
                    "morph": "~"
                  }
                },
                {
                  "node": "l",
                  "frag": "a-gu-⸢u₂⸣-[a-ke₄]",
                  "id": "P230726.l00a31",
                  "ref": "P230726.9.2",
                  "inst": "+Agua[]PN/a-gu-u₂-a#~,ak.e",
                  "sig": "@obmc%sux:a-gu-u₂-a-ke₄=Agua[1//1]PN'PN$Agua,ak.e/a-gu-u₂-a#~,ak.e",
                  "f": {
                    "lang": "sux",
                    "form": "a-gu-u₂-a-ke₄",
                    "gdl": [
                      {
                        "v": "a",
                        "id": "P230726.9.2.0",
                        "delim": "-"
                      },
                      {
                        "v": "gu",
                        "id": "P230726.9.2.1",
                        "delim": "-"
                      },
                      {
                        "v": "u₂",
                        "id": "P230726.9.2.2",
                        "break": "damaged",
                        "ho": "1",
                        "delim": "-",
                        "hc": "1"
                      },
                      {
                        "v": "a",
                        "id": "P230726.9.2.3",
                        "breakStart": "1",
                        "o": "[",
                        "queried": "1",
                        "break": "missing",
                        "delim": "-"
                      },
                      {
                        "v": "ke₄",
                        "id": "P230726.9.2.4",
                        "break": "missing",
                        "o": "]",
                        "breakEnd": "P230726.9.2.3"
                      }
                    ],
                    "cf": "Agua",
                    "gw": "1",
                    "sense": "1",
                    "norm0": "Agua,ak.e",
                    "pos": "PN",
                    "epos": "PN",
                    "base": "a-gu-u₂-a",
                    "morph": "~,ak.e"
                  }
                },
                {
                  "node": "d",
                  "type": "line-start",
                  "ref": "P230726.10",
                  "n": "8",
                  "label": "o 8"
                },
                {
                  "node": "c",
                  "type": "phrase",
                  "tag": "phr",
                  "id": "P230726.U4",
                  "ref": "P230726.ls00000",
                  "cdl": [
                    {
                      "node": "l",
                      "frag": "šu",
                      "id": "P230726.l00a32",
                      "ref": "P230726.10.1",
                      "inst": "šu[hand]N",
                      "sig": "@obmc%sux:šu=šu[hand//hand]N'N$šu/šu#~",
                      "f": {
                        "lang": "sux",
                        "form": "šu",
                        "delim": "",
                        "gdl": [
                          {
                            "v": "šu",
                            "id": "P230726.10.1.0"
                          }
                        ],
                        "cf": "šu",
                        "gw": "hand",
                        "sense": "hand",
                        "norm0": "šu",
                        "pos": "N",
                        "epos": "N",
                        "base": "šu",
                        "morph": "~"
                      }
                    },
                    {
                      "node": "l",
                      "frag": "ba-an-⸢ti⸣-eš",
                      "id": "P230726.l00a33",
                      "ref": "P230726.10.2",
                      "inst": "teŋ[to approach]V/i",
                      "sig": "@obmc%sux:ba-an-ti-eš=teŋ[approach//to approach]V/i'V/i$ba.n:teŋ;eš/teŋ₄#ba.n:~;eš",
                      "f": {
                        "lang": "sux",
                        "form": "ba-an-ti-eš",
                        "gdl": [
                          {
                            "v": "ba",
                            "id": "P230726.10.2.0",
                            "delim": "-"
                          },
                          {
                            "v": "an",
                            "id": "P230726.10.2.1",
                            "delim": "-"
                          },
                          {
                            "v": "ti",
                            "id": "P230726.10.2.2",
                            "break": "damaged",
                            "ho": "1",
                            "delim": "-",
                            "hc": "1"
                          },
                          {
                            "v": "eš",
                            "id": "P230726.10.2.3"
                          }
                        ],
                        "cf": "teŋ",
                        "gw": "approach",
                        "sense": "to approach",
                        "norm0": "ba.n:teŋ;eš",
                        "pos": "V/i",
                        "epos": "V/i",
                        "base": "teŋ₄",
                        "morph": "ba.n:~;eš"
                      }
                    }
                  ]
                },
                {
                  "node": "d",
                  "type": "line-start",
                  "ref": "P230726.11",
                  "n": "9",
                  "label": "o 9"
                },
                {
                  "node": "l",
                  "frag": "⸢ud",
                  "id": "P230726.l00a34",
                  "ref": "P230726.11.1",
                  "inst": "ud[day]N",
                  "sig": "@obmc%sux:ud=ud[sun//day]N'N$ud/ud#~",
                  "f": {
                    "lang": "sux",
                    "form": "ud",
                    "delim": "",
                    "gdl": [
                      {
                        "v": "ud",
                        "id": "P230726.11.1.0",
                        "break": "damaged",
                        "ho": "1"
                      }
                    ],
                    "cf": "ud",
                    "gw": "sun",
                    "sense": "day",
                    "norm0": "ud",
                    "pos": "N",
                    "epos": "N",
                    "base": "ud",
                    "morph": "~"
                  }
                },
                {
                  "node": "l",
                  "frag": "buru₁₄-a⸣-ka",
                  "id": "P230726.l00a35",
                  "ref": "P230726.11.2",
                  "inst": "buru[harvest]N",
                  "sig": "@obmc%sux:buru₁₄-a-ka=buru[harvest//harvest]N'N$buru,ak.a/buru₁₄#~,ak.a",
                  "f": {
                    "lang": "sux",
                    "form": "buru₁₄-a-ka",
                    "gdl": [
                      {
                        "v": "buru₁₄",
                        "id": "P230726.11.2.0",
                        "break": "damaged",
                        "delim": "-"
                      },
                      {
                        "v": "a",
                        "id": "P230726.11.2.1",
                        "break": "damaged",
                        "delim": "-",
                        "hc": "1"
                      },
                      {
                        "v": "ka",
                        "id": "P230726.11.2.2"
                      }
                    ],
                    "cf": "buru",
                    "gw": "harvest",
                    "sense": "harvest",
                    "norm0": "buru,ak.a",
                    "pos": "N",
                    "epos": "N",
                    "base": "buru₁₄",
                    "morph": "~,ak.a"
                  }
                },
                {
                  "node": "d",
                  "type": "line-start",
                  "ref": "P230726.12",
                  "n": "10",
                  "label": "o 10"
                },
                {
                  "node": "l",
                  "frag": "kaš",
                  "id": "P230726.l00a36",
                  "ref": "P230726.12.1",
                  "inst": "kaš[alcoholic drink]N",
                  "sig": "@obmc%sux:kaš=kaš[beer//alcoholic drink]N'N$kaš/kaš#~",
                  "f": {
                    "lang": "sux",
                    "form": "kaš",
                    "delim": "",
                    "gdl": [
                      {
                        "v": "kaš",
                        "id": "P230726.12.1.0"
                      }
                    ],
                    "cf": "kaš",
                    "gw": "beer",
                    "sense": "alcoholic drink",
                    "norm0": "kaš",
                    "pos": "N",
                    "epos": "N",
                    "base": "kaš",
                    "morph": "~"
                  }
                },
                {
                  "node": "l",
                  "frag": "sa₁₀-sa₁₀-⸢de₃⸣",
                  "id": "P230726.l00a37",
                  "ref": "P230726.12.2",
                  "inst": "sa[to be paid for, sell]V/t",
                  "sig": "@obmc%sux:sa₁₀-sa₁₀-de₃=sa[pay for//to be paid for, sell]V/t'V/t$sa;de/sa₁₀-sa₁₀#~;de",
                  "f": {
                    "lang": "sux",
                    "form": "sa₁₀-sa₁₀-de₃",
                    "gdl": [
                      {
                        "v": "sa₁₀",
                        "id": "P230726.12.2.0",
                        "delim": "-"
                      },
                      {
                        "v": "sa₁₀",
                        "id": "P230726.12.2.1",
                        "delim": "-"
                      },
                      {
                        "v": "de₃",
                        "id": "P230726.12.2.2",
                        "break": "damaged",
                        "ho": "1",
                        "hc": "1"
                      }
                    ],
                    "cf": "sa",
                    "gw": "pay for",
                    "sense": "to be paid for, sell",
                    "norm0": "sa;de",
                    "pos": "V/t",
                    "epos": "V/t",
                    "base": "sa₁₀-sa₁₀",
                    "morph": "~;de"
                  }
                },
                {
                  "node": "d",
                  "type": "line-start",
                  "ref": "P230726.13",
                  "n": "11",
                  "label": "o 11"
                },
                {
                  "node": "l",
                  "frag": "al-su₈-ge-[ne]",
                  "id": "P230726.l00a38",
                  "ref": "P230726.13.1",
                  "inst": "X",
                  "f": {
                    "lang": "sux",
                    "form": "al-su₈-ge-ne",
                    "gdl": [
                      {
                        "v": "al",
                        "id": "P230726.13.1.0",
                        "delim": "-"
                      },
                      {
                        "v": "su₈",
                        "id": "P230726.13.1.1",
                        "delim": "-"
                      },
                      {
                        "v": "ge",
                        "id": "P230726.13.1.2",
                        "delim": "-"
                      },
                      {
                        "v": "ne",
                        "id": "P230726.13.1.3",
                        "breakStart": "1",
                        "o": "]",
                        "queried": "1",
                        "break": "missing",
                        "breakEnd": "P230726.13.1.3"
                      }
                    ],
                    "pos": "X"
                  }
                },
                {
                  "node": "d",
                  "type": "line-start",
                  "ref": "P230726.14",
                  "n": "12",
                  "label": "o 12"
                },
                {
                  "node": "l",
                  "frag": "tukum-[bi]",
                  "id": "P230726.l00a39",
                  "ref": "P230726.14.1",
                  "inst": "tukumbi[if]CNJ",
                  "sig": "@obmc%sux:tukum-bi=tukumbi[if//if]CNJ'CNJ$tukumbi/tukum-bi#~",
                  "f": {
                    "lang": "sux",
                    "form": "tukum-bi",
                    "gdl": [
                      {
                        "v": "tukum",
                        "id": "P230726.14.1.0",
                        "delim": "-"
                      },
                      {
                        "v": "bi",
                        "id": "P230726.14.1.1",
                        "breakStart": "1",
                        "o": "]",
                        "break": "missing",
                        "breakEnd": "P230726.14.1.1"
                      }
                    ],
                    "cf": "tukumbi",
                    "gw": "if",
                    "sense": "if",
                    "norm0": "tukumbi",
                    "pos": "CNJ",
                    "epos": "CNJ",
                    "base": "tukum-bi",
                    "morph": "~"
                  }
                },
                {
                  "node": "d",
                  "type": "line-start",
                  "ref": "P230726.15",
                  "n": "13",
                  "label": "o 13"
                },
                {
                  "node": "l",
                  "frag": "kaš",
                  "id": "P230726.l00a3a",
                  "ref": "P230726.15.1",
                  "inst": "kaš[alcoholic drink]N",
                  "sig": "@obmc%sux:kaš=kaš[beer//alcoholic drink]N'N$kaš/kaš#~",
                  "f": {
                    "lang": "sux",
                    "form": "kaš",
                    "delim": "",
                    "gdl": [
                      {
                        "v": "kaš",
                        "id": "P230726.15.1.0"
                      }
                    ],
                    "cf": "kaš",
                    "gw": "beer",
                    "sense": "alcoholic drink",
                    "norm0": "kaš",
                    "pos": "N",
                    "epos": "N",
                    "base": "kaš",
                    "morph": "~"
                  }
                },
                {
                  "node": "l",
                  "frag": "sa₁₀-sa₁₀-⸢de₃⸣",
                  "id": "P230726.l00a3b",
                  "ref": "P230726.15.2",
                  "inst": "sa[to be paid for, sell]V/t",
                  "sig": "@obmc%sux:sa₁₀-sa₁₀-de₃=sa[pay for//to be paid for, sell]V/t'V/t$sa;de/sa₁₀-sa₁₀#~;de",
                  "f": {
                    "lang": "sux",
                    "form": "sa₁₀-sa₁₀-de₃",
                    "gdl": [
                      {
                        "v": "sa₁₀",
                        "id": "P230726.15.2.0",
                        "delim": "-"
                      },
                      {
                        "v": "sa₁₀",
                        "id": "P230726.15.2.1",
                        "delim": "-"
                      },
                      {
                        "v": "de₃",
                        "id": "P230726.15.2.2",
                        "break": "damaged",
                        "ho": "1",
                        "hc": "1"
                      }
                    ],
                    "cf": "sa",
                    "gw": "pay for",
                    "sense": "to be paid for, sell",
                    "norm0": "sa;de",
                    "pos": "V/t",
                    "epos": "V/t",
                    "base": "sa₁₀-sa₁₀",
                    "morph": "~;de"
                  }
                },
                {
                  "node": "d",
                  "type": "line-start",
                  "ref": "P230726.16",
                  "n": "14",
                  "label": "o 14"
                },
                {
                  "node": "l",
                  "frag": "la-ba-an-su₈-ge-⸢eš⸣",
                  "id": "P230726.l00a3c",
                  "ref": "P230726.16.1",
                  "inst": "X",
                  "f": {
                    "lang": "sux",
                    "form": "la-ba-an-su₈-ge-eš",
                    "gdl": [
                      {
                        "v": "la",
                        "id": "P230726.16.1.0",
                        "delim": "-"
                      },
                      {
                        "v": "ba",
                        "id": "P230726.16.1.1",
                        "delim": "-"
                      },
                      {
                        "v": "an",
                        "id": "P230726.16.1.2",
                        "delim": "-"
                      },
                      {
                        "v": "su₈",
                        "id": "P230726.16.1.3",
                        "delim": "-"
                      },
                      {
                        "v": "ge",
                        "id": "P230726.16.1.4",
                        "delim": "-"
                      },
                      {
                        "v": "eš",
                        "id": "P230726.16.1.5",
                        "break": "damaged",
                        "ho": "1",
                        "hc": "1"
                      }
                    ],
                    "pos": "X"
                  }
                },
                {
                  "node": "d",
                  "type": "line-start",
                  "ref": "P230726.17",
                  "n": "15",
                  "label": "o 15"
                },
                {
                  "node": "l",
                  "frag": "[x]-⸢bi⸣",
                  "id": "P230726.l00a3d",
                  "ref": "P230726.17.1",
                  "inst": "u",
                  "f": {
                    "lang": "sux",
                    "form": "x-bi",
                    "delim": "",
                    "gdl": [
                      {
                        "v": "x",
                        "id": "P230726.17.1.0",
                        "breakStart": "1",
                        "o": "]",
                        "break": "missing",
                        "breakEnd": "P230726.17.1.0",
                        "delim": "-"
                      },
                      {
                        "v": "bi",
                        "id": "P230726.17.1.1",
                        "break": "damaged",
                        "ho": "1",
                        "hc": "1"
                      }
                    ],
                    "pos": "u"
                  }
                },
                {
                  "node": "l",
                  "frag": "al-gi-⸢in⸣-[x]",
                  "id": "P230726.l00a3e",
                  "ref": "P230726.17.2",
                  "inst": "u",
                  "f": {
                    "lang": "sux",
                    "form": "al-gi-in-x",
                    "gdl": [
                      {
                        "v": "al",
                        "id": "P230726.17.2.0",
                        "delim": "-"
                      },
                      {
                        "v": "gi",
                        "id": "P230726.17.2.1",
                        "delim": "-"
                      },
                      {
                        "v": "in",
                        "id": "P230726.17.2.2",
                        "break": "damaged",
                        "ho": "1",
                        "delim": "-",
                        "hc": "1"
                      },
                      {
                        "v": "x",
                        "id": "P230726.17.2.3",
                        "breakStart": "1",
                        "o": "]",
                        "break": "missing",
                        "breakEnd": "P230726.17.2.3"
                      }
                    ],
                    "pos": "u"
                  }
                },
                {
                  "node": "d",
                  "type": "nonx",
                  "ref": "P230726.18",
                  "strict": "1",
                  "extent": "rest",
                  "scope": "line",
                  "state": "missing"
                }
              ]
            }
          ]
        }
      ]
    },
    {
      "linkbase": [
        {
          "type": "linkset",
          "xlink_title": "šu teŋ[accept//to accept]V/t'V/t",
          "id": "P230726.ls00000",
          "xlink_type": "extended",
          "xlink_role": "psu",
          "sig": "{šu ba-an-ti-eš = šu[hand]N teŋ[approach]V/i += šu teŋ[accept//to accept]V/t'V/t}::@obmc%sux:šu=šu[hand//hand]N'N$šu/šu#~++@obmc%sux:ba-an-ti-eš=teŋ[approach//to approach]V/i'V/i$ba.n:teŋ;eš/teŋ₄#ba.n:~;eš",
          "links": [
            {
              "type": "link",
              "xlink_title": "šu",
              "xlink_type": "locator",
              "xlink_href": "#P230726.l00a32",
              "xlink_role": "elt"
            },
            {
              "type": "link",
              "xlink_title": "teŋ",
              "xlink_type": "locator",
              "xlink_href": "#P230726.l00a33",
              "xlink_role": "elt"
            }
          ]
        }
      ]
    }
  ]
}
