{
  "type": "cdl",
  "project": "obmc",
  "source": "http://oracc.org/obmc",
  "license": "This data is released under the CC0 license",
  "license-url": "https://creativecommons.org/publicdomain/zero/1.0/",
  "more-info": "http://oracc.org/doc/opendata/",
  "UTC-timestamp": "2019-01-31T16:12:52",
  "textid": "P230721",
  "cdl": [
    {
      "node": "c",
      "type": "text",
      "id": "P230721.U0",
      "cdl": [
        {
          "node": "d",
          "subtype": "tablet",
          "type": "tablet",
          "ref": "P230721.x45.1",
          "label": "x45"
        },
        {
          "node": "d",
          "subtype": "obverse",
          "type": "obverse",
          "ref": "P230721.o.2",
          "label": "o"
        },
        {
          "node": "c",
          "type": "discourse",
          "subtype": "body",
          "id": "P230721.U1",
          "cdl": [
            {
              "node": "c",
              "type": "sentence",
              "implicit": "yes",
              "id": "P230721.U2",
              "label": "o 1 - r 4",
              "cdl": [
                {
                  "node": "d",
                  "type": "line-start",
                  "ref": "P230721.3",
                  "n": "1",
                  "label": "o 1"
                },
                {
                  "node": "l",
                  "frag": "[n]",
                  "id": "P230721.l008c9",
                  "ref": "P230721.3.1",
                  "inst": "n",
                  "f": {
                    "lang": "sux",
                    "form": "n",
                    "delim": "",
                    "gdl": [
                      {
                        "v": "n",
                        "id": "P230721.3.1.0",
                        "breakStart": "1",
                        "o": "]",
                        "break": "missing",
                        "breakEnd": "P230721.3.1.0"
                      }
                    ],
                    "pos": "n"
                  }
                },
                {
                  "node": "l",
                  "frag": "sar",
                  "id": "P230721.l008ca",
                  "ref": "P230721.3.2",
                  "inst": "sar[a unit of area]N",
                  "sig": "@obmc%sux:sar=sar[garden//a unit of area]N'N$sar/sar#~",
                  "f": {
                    "lang": "sux",
                    "form": "sar",
                    "delim": "",
                    "gdl": [
                      {
                        "v": "sar",
                        "id": "P230721.3.2.0"
                      }
                    ],
                    "cf": "sar",
                    "gw": "garden",
                    "sense": "a unit of area",
                    "norm0": "sar",
                    "pos": "N",
                    "epos": "N",
                    "base": "sar",
                    "morph": "~"
                  }
                },
                {
                  "node": "l",
                  "frag": "<e₂>",
                  "id": "P230721.l008cb",
                  "ref": "P230721.3.3",
                  "inst": "e[house]N",
                  "sig": "@obmc%sux:e₂=e[house//house]N'N$e/e₂#~",
                  "f": {
                    "lang": "sux",
                    "form": "e₂",
                    "delim": "",
                    "gdl": [
                      {
                        "v": "e₂",
                        "id": "P230721.3.3.0",
                        "statusStart": "P230721.3.3.0",
                        "o": ">"
                      }
                    ],
                    "cf": "e",
                    "gw": "house",
                    "sense": "house",
                    "norm0": "e",
                    "pos": "N",
                    "epos": "N",
                    "base": "e₂",
                    "morph": "~"
                  }
                },
                {
                  "node": "l",
                  "frag": "du₃-a",
                  "id": "P230721.l008cc",
                  "ref": "P230721.3.4",
                  "inst": "du[to build, make]V/t",
                  "sig": "@obmc%sux:du₃-a=du[build//to build, make]V/t'V/t$du;a/du₃#~;a",
                  "f": {
                    "lang": "sux",
                    "form": "du₃-a",
                    "gdl": [
                      {
                        "v": "du₃",
                        "id": "P230721.3.4.0",
                        "delim": "-"
                      },
                      {
                        "v": "a",
                        "id": "P230721.3.4.1"
                      }
                    ],
                    "cf": "du",
                    "gw": "build",
                    "sense": "to build, make",
                    "norm0": "du;a",
                    "pos": "V/t",
                    "epos": "V/t",
                    "base": "du₃",
                    "morph": "~;a"
                  }
                },
                {
                  "node": "d",
                  "type": "line-start",
                  "ref": "P230721.4",
                  "n": "2",
                  "label": "o 2"
                },
                {
                  "node": "l",
                  "frag": "{⸢ŋeš⸣}bal",
                  "id": "P230721.l008cd",
                  "ref": "P230721.4.1",
                  "inst": "bal[rafter]N",
                  "sig": "@obmc%sux:{ŋeš}bal=bal[rafter//rafter]N'N$bal/{ŋeš}bal#~",
                  "f": {
                    "lang": "sux",
                    "form": "{ŋeš}bal",
                    "delim": "",
                    "gdl": [
                      {
                        "det": "semantic",
                        "pos": "pre",
                        "seq": [
                          {
                            "v": "ŋeš",
                            "id": "P230721.4.1.0",
                            "break": "damaged",
                            "ho": "1",
                            "hc": "1"
                          }
                        ]
                      },
                      {
                        "v": "bal",
                        "id": "P230721.4.1.1"
                      }
                    ],
                    "cf": "bal",
                    "gw": "rafter",
                    "sense": "rafter",
                    "norm0": "bal",
                    "pos": "N",
                    "epos": "N",
                    "base": "{ŋeš}bal",
                    "morph": "~"
                  }
                },
                {
                  "node": "l",
                  "frag": "{ŋeš}keš₂-da",
                  "id": "P230721.l008ce",
                  "ref": "P230721.4.2",
                  "inst": "kešda[roofing, top story]N",
                  "sig": "@obmc%sux:{ŋeš}keš₂-da=kešda[roofing//roofing, top story]N'N$kešda/{ŋeš}keš₂-da#~",
                  "f": {
                    "lang": "sux",
                    "form": "{ŋeš}keš₂-da",
                    "gdl": [
                      {
                        "det": "semantic",
                        "pos": "pre",
                        "seq": [
                          {
                            "v": "ŋeš",
                            "id": "P230721.4.2.0"
                          }
                        ]
                      },
                      {
                        "v": "keš₂",
                        "id": "P230721.4.2.1",
                        "delim": "-"
                      },
                      {
                        "v": "da",
                        "id": "P230721.4.2.2"
                      }
                    ],
                    "cf": "kešda",
                    "gw": "roofing",
                    "sense": "roofing, top story",
                    "norm0": "kešda",
                    "pos": "N",
                    "epos": "N",
                    "base": "{ŋeš}keš₂-da",
                    "morph": "~"
                  }
                },
                {
                  "node": "d",
                  "type": "line-start",
                  "ref": "P230721.5",
                  "n": "3",
                  "label": "o 3"
                },
                {
                  "node": "l",
                  "frag": "{ŋeš}ig",
                  "id": "P230721.l008cf",
                  "ref": "P230721.5.1",
                  "inst": "ig[door]N",
                  "sig": "@obmc%sux:{ŋeš}ig=ig[door//door]N'N$ig/{ŋeš}ig#~",
                  "f": {
                    "lang": "sux",
                    "form": "{ŋeš}ig",
                    "delim": "",
                    "gdl": [
                      {
                        "det": "semantic",
                        "pos": "pre",
                        "seq": [
                          {
                            "v": "ŋeš",
                            "id": "P230721.5.1.0"
                          }
                        ]
                      },
                      {
                        "v": "ig",
                        "id": "P230721.5.1.1"
                      }
                    ],
                    "cf": "ig",
                    "gw": "door",
                    "sense": "door",
                    "norm0": "ig",
                    "pos": "N",
                    "epos": "N",
                    "base": "{ŋeš}ig",
                    "morph": "~"
                  }
                },
                {
                  "node": "l",
                  "frag": "{ŋeš}saŋ-kul",
                  "id": "P230721.l008d0",
                  "ref": "P230721.5.2",
                  "inst": "saŋkul[bolt]N",
                  "sig": "@obmc%sux:{ŋeš}saŋ-kul=saŋkul[bolt//bolt]N'N$saŋkul/{ŋeš}saŋ-kul#~",
                  "f": {
                    "lang": "sux",
                    "form": "{ŋeš}saŋ-kul",
                    "delim": "",
                    "gdl": [
                      {
                        "det": "semantic",
                        "pos": "pre",
                        "seq": [
                          {
                            "v": "ŋeš",
                            "id": "P230721.5.2.0"
                          }
                        ]
                      },
                      {
                        "v": "saŋ",
                        "id": "P230721.5.2.1",
                        "delim": "-"
                      },
                      {
                        "v": "kul",
                        "id": "P230721.5.2.2"
                      }
                    ],
                    "cf": "saŋkul",
                    "gw": "bolt",
                    "sense": "bolt",
                    "norm0": "saŋkul",
                    "pos": "N",
                    "epos": "N",
                    "base": "{ŋeš}saŋ-kul",
                    "morph": "~"
                  }
                },
                {
                  "node": "l",
                  "frag": "gub-ba",
                  "id": "P230721.l008d1",
                  "ref": "P230721.5.3",
                  "inst": "gub[stand]V/i",
                  "sig": "@obmc%sux:gub-ba=gub[stand//stand]V/i'V/i$gub;a/gub+-ba=b.a#~;a",
                  "f": {
                    "lang": "sux",
                    "form": "gub-ba",
                    "gdl": [
                      {
                        "v": "gub",
                        "id": "P230721.5.3.0",
                        "delim": "-"
                      },
                      {
                        "v": "ba",
                        "id": "P230721.5.3.1"
                      }
                    ],
                    "cf": "gub",
                    "gw": "stand",
                    "sense": "stand",
                    "norm0": "gub;a",
                    "pos": "V/i",
                    "epos": "V/i",
                    "base": "gub",
                    "cont": "-ba=b.a",
                    "morph": "~;a"
                  }
                },
                {
                  "node": "d",
                  "type": "line-start",
                  "ref": "P230721.6",
                  "n": "4",
                  "label": "o 4"
                },
                {
                  "node": "l",
                  "frag": "ki-e₃-bi",
                  "id": "P230721.l008d2",
                  "ref": "P230721.6.1",
                  "inst": "kiʾe[exit]N",
                  "sig": "@obmc%sux:ki-e₃-bi=kiʾe[exit//exit]N'N$kiʾe,bi/ki-e₃#~,bi",
                  "f": {
                    "lang": "sux",
                    "form": "ki-e₃-bi",
                    "delim": "",
                    "gdl": [
                      {
                        "v": "ki",
                        "id": "P230721.6.1.0",
                        "delim": "-"
                      },
                      {
                        "v": "e₃",
                        "id": "P230721.6.1.1",
                        "delim": "-"
                      },
                      {
                        "v": "bi",
                        "id": "P230721.6.1.2"
                      }
                    ],
                    "cf": "kiʾe",
                    "gw": "exit",
                    "sense": "exit",
                    "norm0": "kiʾe,bi",
                    "pos": "N",
                    "epos": "N",
                    "base": "ki-e₃",
                    "morph": "~,bi"
                  }
                },
                {
                  "node": "l",
                  "frag": "šag₄",
                  "id": "P230721.l008d3",
                  "ref": "P230721.6.2",
                  "inst": "šag[in, inside]N",
                  "sig": "@obmc%sux:šag₄=šag[heart//in, inside]N'N$šag/šag₄#~",
                  "f": {
                    "lang": "sux",
                    "form": "šag₄",
                    "delim": "",
                    "gdl": [
                      {
                        "v": "šag₄",
                        "id": "P230721.6.2.0"
                      }
                    ],
                    "cf": "šag",
                    "gw": "heart",
                    "sense": "in, inside",
                    "norm0": "šag",
                    "pos": "N",
                    "epos": "N",
                    "base": "šag₄",
                    "morph": "~"
                  }
                },
                {
                  "node": "l",
                  "frag": "sila-daŋal-la-še₃",
                  "id": "P230721.l008d4",
                  "ref": "P230721.6.3",
                  "inst": "siladaŋal[square]N",
                  "sig": "@obmc%sux:sila-daŋal-la-še₃=siladaŋal[square//square]N'N$siladaŋal,eše/sila-daŋal-la#~,eše",
                  "f": {
                    "lang": "sux",
                    "form": "sila-daŋal-la-še₃",
                    "gdl": [
                      {
                        "v": "sila",
                        "id": "P230721.6.3.0",
                        "delim": "-"
                      },
                      {
                        "v": "daŋal",
                        "id": "P230721.6.3.1",
                        "delim": "-"
                      },
                      {
                        "v": "la",
                        "id": "P230721.6.3.2",
                        "delim": "-"
                      },
                      {
                        "v": "še₃",
                        "id": "P230721.6.3.3"
                      }
                    ],
                    "cf": "siladaŋal",
                    "gw": "square",
                    "sense": "square",
                    "norm0": "siladaŋal,eše",
                    "pos": "N",
                    "epos": "N",
                    "base": "sila-daŋal-la",
                    "morph": "~,eše"
                  }
                },
                {
                  "node": "d",
                  "type": "line-start",
                  "ref": "P230721.7",
                  "n": "5",
                  "label": "o 5"
                },
                {
                  "node": "l",
                  "frag": "da",
                  "id": "P230721.l008d5",
                  "ref": "P230721.7.1",
                  "inst": "da[side]N",
                  "sig": "@obmc%sux:da=da[line//line, edge, side]N'N$da/da#~",
                  "f": {
                    "lang": "sux",
                    "form": "da",
                    "delim": "",
                    "gdl": [
                      {
                        "v": "da",
                        "id": "P230721.7.1.0"
                      }
                    ],
                    "cf": "da",
                    "gw": "line",
                    "sense": "line, edge, side",
                    "norm0": "da",
                    "pos": "N",
                    "epos": "N",
                    "base": "da",
                    "morph": "~"
                  }
                },
                {
                  "node": "l",
                  "frag": "e₂",
                  "id": "P230721.l008d6",
                  "ref": "P230721.7.2",
                  "inst": "e[house]N",
                  "sig": "@obmc%sux:e₂=e[house//house]N'N$e/e₂#~",
                  "f": {
                    "lang": "sux",
                    "form": "e₂",
                    "delim": "",
                    "gdl": [
                      {
                        "v": "e₂",
                        "id": "P230721.7.2.0"
                      }
                    ],
                    "cf": "e",
                    "gw": "house",
                    "sense": "house",
                    "norm0": "e",
                    "pos": "N",
                    "epos": "N",
                    "base": "e₂",
                    "morph": "~"
                  }
                },
                {
                  "node": "l",
                  "frag": "lu₂-gir-gi₄-lu",
                  "id": "P230721.l008d7",
                  "ref": "P230721.7.3",
                  "inst": "Lugirgilu[1]PN",
                  "sig": "@obmc%sux:lu₂-gir-gi₄-lu=Lugirgilu[1//1]PN'PN$Lugirgilu/lu₂-gir-gi₄-lu#~",
                  "f": {
                    "lang": "sux",
                    "form": "lu₂-gir-gi₄-lu",
                    "gdl": [
                      {
                        "v": "lu₂",
                        "id": "P230721.7.3.0",
                        "delim": "-"
                      },
                      {
                        "v": "gir",
                        "id": "P230721.7.3.1",
                        "delim": "-"
                      },
                      {
                        "v": "gi₄",
                        "id": "P230721.7.3.2",
                        "delim": "-"
                      },
                      {
                        "v": "lu",
                        "id": "P230721.7.3.3"
                      }
                    ],
                    "cf": "Lugirgilu",
                    "gw": "1",
                    "sense": "1",
                    "norm0": "Lugirgilu",
                    "pos": "PN",
                    "epos": "PN",
                    "base": "lu₂-gir-gi₄-lu",
                    "morph": "~"
                  }
                },
                {
                  "node": "d",
                  "type": "line-start",
                  "ref": "P230721.8",
                  "n": "6",
                  "label": "o 6"
                },
                {
                  "node": "l",
                  "frag": "e₂",
                  "id": "P230721.l008d8",
                  "ref": "P230721.8.1",
                  "inst": "e[house]N",
                  "sig": "@obmc%sux:e₂=e[house//house]N'N$e/e₂#~",
                  "f": {
                    "lang": "sux",
                    "form": "e₂",
                    "delim": "",
                    "gdl": [
                      {
                        "v": "e₂",
                        "id": "P230721.8.1.0"
                      }
                    ],
                    "cf": "e",
                    "gw": "house",
                    "sense": "house",
                    "norm0": "e",
                    "pos": "N",
                    "epos": "N",
                    "base": "e₂",
                    "morph": "~"
                  }
                },
                {
                  "node": "l",
                  "frag": "amar-abzu",
                  "id": "P230721.l008d9",
                  "ref": "P230721.8.2",
                  "inst": "Amarabzu[1]PN",
                  "sig": "@obmc%sux:amar-abzu=Amarabzu[1//1]PN'PN$Amarabzu/amar-abzu#~",
                  "f": {
                    "lang": "sux",
                    "form": "amar-abzu",
                    "delim": "",
                    "gdl": [
                      {
                        "v": "amar",
                        "id": "P230721.8.2.0",
                        "delim": "-"
                      },
                      {
                        "v": "abzu",
                        "id": "P230721.8.2.1"
                      }
                    ],
                    "cf": "Amarabzu",
                    "gw": "1",
                    "sense": "1",
                    "norm0": "Amarabzu",
                    "pos": "PN",
                    "epos": "PN",
                    "base": "amar-abzu",
                    "morph": "~"
                  }
                },
                {
                  "node": "l",
                  "frag": "dumu",
                  "id": "P230721.l008da",
                  "ref": "P230721.8.3",
                  "inst": "dumu[son]N",
                  "sig": "@obmc%sux:dumu=dumu[child//child, son, daughter]N'N$dumu/dumu#~",
                  "f": {
                    "lang": "sux",
                    "form": "dumu",
                    "delim": "",
                    "gdl": [
                      {
                        "v": "dumu",
                        "id": "P230721.8.3.0"
                      }
                    ],
                    "cf": "dumu",
                    "gw": "child",
                    "sense": "child, son, daughter",
                    "norm0": "dumu",
                    "pos": "N",
                    "epos": "N",
                    "base": "dumu",
                    "morph": "~"
                  }
                },
                {
                  "node": "l",
                  "frag": "{m}lugal-ezen",
                  "id": "P230721.l008db",
                  "ref": "P230721.8.4",
                  "inst": "Lugal-ezen[1]PN",
                  "sig": "@obmc%sux:{m}lugal-ezen=Lugal-ezen[1//1]PN'PN$Lugal-ezen/{m}lugal-ezen#~",
                  "f": {
                    "lang": "sux",
                    "form": "{m}lugal-ezen",
                    "gdl": [
                      {
                        "det": "semantic",
                        "pos": "pre",
                        "seq": [
                          {
                            "v": "m",
                            "id": "P230721.8.4.0"
                          }
                        ]
                      },
                      {
                        "v": "lugal",
                        "id": "P230721.8.4.1",
                        "delim": "-"
                      },
                      {
                        "v": "ezen",
                        "id": "P230721.8.4.2"
                      }
                    ],
                    "cf": "Lugal-ezen",
                    "gw": "1",
                    "sense": "1",
                    "norm0": "Lugal-ezen",
                    "pos": "PN",
                    "epos": "PN",
                    "base": "{m}lugal-ezen",
                    "morph": "~"
                  }
                },
                {
                  "node": "d",
                  "type": "line-start",
                  "ref": "P230721.9",
                  "n": "7",
                  "label": "o 7"
                },
                {
                  "node": "l",
                  "frag": "ki",
                  "id": "P230721.l008dc",
                  "ref": "P230721.9.1",
                  "inst": "ki[place]N",
                  "sig": "@obmc%sux:ki=ki[place//place]N'N$ki/ki#~",
                  "f": {
                    "lang": "sux",
                    "form": "ki",
                    "delim": "",
                    "gdl": [
                      {
                        "v": "ki",
                        "id": "P230721.9.1.0"
                      }
                    ],
                    "cf": "ki",
                    "gw": "place",
                    "sense": "place",
                    "norm0": "ki",
                    "pos": "N",
                    "epos": "N",
                    "base": "ki",
                    "morph": "~"
                  }
                },
                {
                  "node": "l",
                  "frag": "amar-abzu-ta",
                  "id": "P230721.l008dd",
                  "ref": "P230721.9.2",
                  "inst": "Amarabzu[1]PN",
                  "sig": "@obmc%sux:amar-abzu-ta=Amarabzu[1//1]PN'PN$Amarabzu,ta/amar-abzu#~,ta",
                  "f": {
                    "lang": "sux",
                    "form": "amar-abzu-ta",
                    "gdl": [
                      {
                        "v": "amar",
                        "id": "P230721.9.2.0",
                        "delim": "-"
                      },
                      {
                        "v": "abzu",
                        "id": "P230721.9.2.1",
                        "delim": "-"
                      },
                      {
                        "v": "ta",
                        "id": "P230721.9.2.2"
                      }
                    ],
                    "cf": "Amarabzu",
                    "gw": "1",
                    "sense": "1",
                    "norm0": "Amarabzu,ta",
                    "pos": "PN",
                    "epos": "PN",
                    "base": "amar-abzu",
                    "morph": "~,ta"
                  }
                },
                {
                  "node": "d",
                  "type": "line-start",
                  "ref": "P230721.10",
                  "n": "8",
                  "label": "o 8"
                },
                {
                  "node": "l",
                  "frag": "{m}diŋir-da-nu-me-a-ke₄",
                  "id": "P230721.l008de",
                  "ref": "P230721.10.1",
                  "inst": "Diŋirdanumea[1]PN",
                  "sig": "@obmc%sux:{m}diŋir-da-nu-me-a-ke₄=Diŋirdanumea[1//1]PN'PN$Diŋirdanumea,ak.e/{m}diŋir-da-nu-me-a#~,ak.e",
                  "f": {
                    "lang": "sux",
                    "form": "{m}diŋir-da-nu-me-a-ke₄",
                    "gdl": [
                      {
                        "det": "semantic",
                        "pos": "pre",
                        "seq": [
                          {
                            "v": "m",
                            "id": "P230721.10.1.0"
                          }
                        ]
                      },
                      {
                        "v": "diŋir",
                        "id": "P230721.10.1.1",
                        "delim": "-"
                      },
                      {
                        "v": "da",
                        "id": "P230721.10.1.2",
                        "delim": "-"
                      },
                      {
                        "v": "nu",
                        "id": "P230721.10.1.3",
                        "delim": "-"
                      },
                      {
                        "v": "me",
                        "id": "P230721.10.1.4",
                        "delim": "-"
                      },
                      {
                        "v": "a",
                        "id": "P230721.10.1.5",
                        "delim": "-"
                      },
                      {
                        "v": "ke₄",
                        "id": "P230721.10.1.6"
                      }
                    ],
                    "cf": "Diŋirdanumea",
                    "gw": "1",
                    "sense": "1",
                    "norm0": "Diŋirdanumea,ak.e",
                    "pos": "PN",
                    "epos": "PN",
                    "base": "{m}diŋir-da-nu-me-a",
                    "morph": "~,ak.e"
                  }
                },
                {
                  "node": "d",
                  "type": "line-start",
                  "ref": "P230721.11",
                  "n": "9",
                  "label": "o 9"
                },
                {
                  "node": "l",
                  "frag": "in-ši-sa₁₀",
                  "id": "P230721.l008df",
                  "ref": "P230721.11.1",
                  "inst": "sa[to pay for, buy]V/t",
                  "sig": "@obmc%sux:in-ši-sa₁₀=sa[pay for//to pay for, buy]V/t'V/t$V.n.ši:sa/sa₁₀#V.n.ši:~",
                  "f": {
                    "lang": "sux",
                    "form": "in-ši-sa₁₀",
                    "delim": "",
                    "gdl": [
                      {
                        "v": "in",
                        "id": "P230721.11.1.0",
                        "delim": "-"
                      },
                      {
                        "v": "ši",
                        "id": "P230721.11.1.1",
                        "delim": "-"
                      },
                      {
                        "v": "sa₁₀",
                        "id": "P230721.11.1.2"
                      }
                    ],
                    "cf": "sa",
                    "gw": "pay for",
                    "sense": "to pay for, buy",
                    "norm0": "V.n.ši:sa",
                    "pos": "V/t",
                    "epos": "V/t",
                    "base": "sa₁₀",
                    "morph": "V.n.ši:~"
                  }
                },
                {
                  "node": "l",
                  "frag": "sam₂",
                  "id": "P230721.l008e0",
                  "ref": "P230721.11.2",
                  "inst": "sam[purchase price]N",
                  "sig": "@obmc%sux:sam₂=sam[price//purchase price]N'N$sam/sam₂#~",
                  "f": {
                    "lang": "sux",
                    "form": "sam₂",
                    "delim": "",
                    "gdl": [
                      {
                        "v": "sam₂",
                        "id": "P230721.11.2.0"
                      }
                    ],
                    "cf": "sam",
                    "gw": "price",
                    "sense": "purchase price",
                    "norm0": "sam",
                    "pos": "N",
                    "epos": "N",
                    "base": "sam₂",
                    "morph": "~"
                  }
                },
                {
                  "node": "l",
                  "frag": "til-la-bi-še₃",
                  "id": "P230721.l008e1",
                  "ref": "P230721.11.3",
                  "inst": "til[(to be) complete(d)]V/i",
                  "sig": "@obmc%sux:til-la-bi-še₃=til[complete//(to be) complete(d)]V/i'V/i$til;a,bi.eše/til#~;a,bi.eše",
                  "f": {
                    "lang": "sux",
                    "form": "til-la-bi-še₃",
                    "gdl": [
                      {
                        "v": "til",
                        "id": "P230721.11.3.0",
                        "delim": "-"
                      },
                      {
                        "v": "la",
                        "id": "P230721.11.3.1",
                        "delim": "-"
                      },
                      {
                        "v": "bi",
                        "id": "P230721.11.3.2",
                        "delim": "-"
                      },
                      {
                        "v": "še₃",
                        "id": "P230721.11.3.3"
                      }
                    ],
                    "cf": "til",
                    "gw": "complete",
                    "sense": "(to be) complete(d)",
                    "norm0": "til;a,bi.eše",
                    "pos": "V/i",
                    "epos": "V/i",
                    "base": "til",
                    "morph": "~;a,bi.eše"
                  }
                },
                {
                  "node": "d",
                  "type": "line-start",
                  "ref": "P230721.12",
                  "n": "10",
                  "label": "o 10"
                },
                {
                  "node": "l",
                  "frag": "(1.1/2)",
                  "id": "P230721.l008e2",
                  "ref": "P230721.12.1",
                  "inst": "n",
                  "f": {
                    "lang": "sux",
                    "form": "1.1/2",
                    "delim": "",
                    "gdl": [
                      {
                        "gg": "group",
                        "gdl_type": "group",
                        "group": [
                          {
                            "n": "n",
                            "sexified": "1(diš)",
                            "form": "1",
                            "id": "P230721.12.1.0",
                            "delim": ".",
                            "seq": [
                              {
                                "r": "1"
                              }
                            ]
                          },
                          {
                            "n": "n",
                            "sexified": "1/2(disz)",
                            "form": "1/2",
                            "id": "P230721.12.1.1",
                            "seq": [
                              {
                                "r": "1/2"
                              }
                            ]
                          }
                        ]
                      }
                    ],
                    "pos": "n"
                  }
                },
                {
                  "node": "l",
                  "frag": "giŋ₄",
                  "id": "P230721.l008e3",
                  "ref": "P230721.12.2",
                  "inst": "giŋ[a unit of weight, shekel]N",
                  "sig": "@obmc%sux:giŋ₄=giŋ[unit//a unit of weight, shekel]N'N$giŋ/giŋ₄#~",
                  "f": {
                    "lang": "sux",
                    "form": "giŋ₄",
                    "delim": "",
                    "gdl": [
                      {
                        "v": "giŋ₄",
                        "id": "P230721.12.2.0"
                      }
                    ],
                    "cf": "giŋ",
                    "gw": "unit",
                    "sense": "a unit of weight, shekel",
                    "norm0": "giŋ",
                    "pos": "N",
                    "epos": "N",
                    "base": "giŋ₄",
                    "morph": "~"
                  }
                },
                {
                  "node": "l",
                  "frag": "kug-babbar",
                  "id": "P230721.l008e4",
                  "ref": "P230721.12.3",
                  "inst": "kugbabbar[silver]N",
                  "sig": "@obmc%sux:kug-babbar=kugbabbar[silver//silver]N'N$kugbabbar/kug-babbar#~",
                  "f": {
                    "lang": "sux",
                    "form": "kug-babbar",
                    "gdl": [
                      {
                        "v": "kug",
                        "id": "P230721.12.3.0",
                        "delim": "-"
                      },
                      {
                        "v": "babbar",
                        "id": "P230721.12.3.1"
                      }
                    ],
                    "cf": "kugbabbar",
                    "gw": "silver",
                    "sense": "silver",
                    "norm0": "kugbabbar",
                    "pos": "N",
                    "epos": "N",
                    "base": "kug-babbar",
                    "morph": "~"
                  }
                },
                {
                  "node": "d",
                  "type": "line-start",
                  "ref": "P230721.13",
                  "n": "11",
                  "label": "o 11"
                },
                {
                  "node": "l",
                  "frag": "in-na-an-la₂",
                  "id": "P230721.l008e5",
                  "ref": "P230721.13.1",
                  "inst": "la[hang]V/t",
                  "sig": "@obmc%sux:in-na-an-la₂=la[hang//hang]V/t'V/t$V.na.n:la/la₂#V.na.n:~",
                  "f": {
                    "lang": "sux",
                    "form": "in-na-an-la₂",
                    "gdl": [
                      {
                        "v": "in",
                        "id": "P230721.13.1.0",
                        "delim": "-"
                      },
                      {
                        "v": "na",
                        "id": "P230721.13.1.1",
                        "delim": "-"
                      },
                      {
                        "v": "an",
                        "id": "P230721.13.1.2",
                        "delim": "-"
                      },
                      {
                        "v": "la₂",
                        "id": "P230721.13.1.3"
                      }
                    ],
                    "cf": "la",
                    "gw": "hang",
                    "sense": "hang",
                    "norm0": "V.na.n:la",
                    "pos": "V/t",
                    "epos": "V/t",
                    "base": "la₂",
                    "morph": "V.na.n:~"
                  }
                },
                {
                  "node": "d",
                  "type": "line-start",
                  "ref": "P230721.14",
                  "n": "12",
                  "label": "o 12"
                },
                {
                  "node": "l",
                  "frag": "ud",
                  "id": "P230721.l008e6",
                  "ref": "P230721.14.1",
                  "inst": "ud[day]N",
                  "sig": "@obmc%sux:ud=ud[sun//day]N'N$ud/ud#~",
                  "f": {
                    "lang": "sux",
                    "form": "ud",
                    "delim": "",
                    "gdl": [
                      {
                        "v": "ud",
                        "id": "P230721.14.1.0"
                      }
                    ],
                    "cf": "ud",
                    "gw": "sun",
                    "sense": "day",
                    "norm0": "ud",
                    "pos": "N",
                    "epos": "N",
                    "base": "ud",
                    "morph": "~"
                  }
                },
                {
                  "node": "l",
                  "frag": "kur₂-še₃",
                  "id": "P230721.l008e7",
                  "ref": "P230721.14.2",
                  "inst": "kur[(to be) different]V/i",
                  "sig": "@obmc%sux:kur₂-še₃=kur[different//(to be) different]V/i'V/i$kur;*a,eše/kur₂#~;*a,eše",
                  "f": {
                    "lang": "sux",
                    "form": "kur₂-še₃",
                    "delim": "",
                    "gdl": [
                      {
                        "v": "kur₂",
                        "id": "P230721.14.2.0",
                        "delim": "-"
                      },
                      {
                        "v": "še₃",
                        "id": "P230721.14.2.1"
                      }
                    ],
                    "cf": "kur",
                    "gw": "different",
                    "sense": "(to be) different",
                    "norm0": "kur;*a,eše",
                    "pos": "V/i",
                    "epos": "V/i",
                    "base": "kur₂",
                    "morph": "~;*a,eše"
                  }
                },
                {
                  "node": "l",
                  "frag": "amar-abzu",
                  "id": "P230721.l008e8",
                  "ref": "P230721.14.3",
                  "inst": "Amarabzu[1]PN",
                  "sig": "@obmc%sux:amar-abzu=Amarabzu[1//1]PN'PN$Amarabzu/amar-abzu#~",
                  "f": {
                    "lang": "sux",
                    "form": "amar-abzu",
                    "delim": "",
                    "gdl": [
                      {
                        "v": "amar",
                        "id": "P230721.14.3.0",
                        "delim": "-"
                      },
                      {
                        "v": "abzu",
                        "id": "P230721.14.3.1"
                      }
                    ],
                    "cf": "Amarabzu",
                    "gw": "1",
                    "sense": "1",
                    "norm0": "Amarabzu",
                    "pos": "PN",
                    "epos": "PN",
                    "base": "amar-abzu",
                    "morph": "~"
                  }
                },
                {
                  "node": "l",
                  "frag": "u₃",
                  "id": "P230721.l008e9",
                  "ref": "P230721.14.4",
                  "inst": "u[and]CNJ",
                  "sig": "@obmc%sux:u₃=u[and//and]CNJ'CNJ$u/u₃#~",
                  "f": {
                    "lang": "sux",
                    "form": "u₃",
                    "delim": "",
                    "gdl": [
                      {
                        "v": "u₃",
                        "id": "P230721.14.4.0"
                      }
                    ],
                    "cf": "u",
                    "gw": "and",
                    "sense": "and",
                    "norm0": "u",
                    "pos": "CNJ",
                    "epos": "CNJ",
                    "base": "u₃",
                    "morph": "~"
                  }
                },
                {
                  "node": "l",
                  "frag": "⸢ibila⸣-[a-ni]",
                  "id": "P230721.l008ea",
                  "ref": "P230721.14.5",
                  "inst": "ibila[heir]N",
                  "sig": "@obmc%sux:ibila-a-ni=ibila[heir//heir]N'N$ibila,ani/ibila#~,ani",
                  "f": {
                    "lang": "sux",
                    "form": "ibila-a-ni",
                    "gdl": [
                      {
                        "v": "ibila",
                        "id": "P230721.14.5.0",
                        "break": "damaged",
                        "ho": "1",
                        "delim": "-",
                        "hc": "1"
                      },
                      {
                        "v": "a",
                        "id": "P230721.14.5.1",
                        "breakStart": "1",
                        "o": "[",
                        "break": "missing",
                        "delim": "-"
                      },
                      {
                        "v": "ni",
                        "id": "P230721.14.5.2",
                        "break": "missing",
                        "o": "]",
                        "breakEnd": "P230721.14.5.1"
                      }
                    ],
                    "cf": "ibila",
                    "gw": "heir",
                    "sense": "heir",
                    "norm0": "ibila,ani",
                    "pos": "N",
                    "epos": "N",
                    "base": "ibila",
                    "morph": "~,ani"
                  }
                },
                {
                  "node": "d",
                  "subtype": "reverse",
                  "type": "reverse",
                  "ref": "P230721.r.15",
                  "label": "r"
                },
                {
                  "node": "d",
                  "type": "line-start",
                  "ref": "P230721.16",
                  "n": "1",
                  "label": "r 1"
                },
                {
                  "node": "l",
                  "frag": "a-na",
                  "id": "P230721.l008eb",
                  "ref": "P230721.16.1",
                  "inst": "ana[what?]QP",
                  "sig": "@obmc%sux:a-na=ana[what?//what?]QP'QP$ana/a-na#~",
                  "f": {
                    "lang": "sux",
                    "form": "a-na",
                    "delim": "",
                    "gdl": [
                      {
                        "v": "a",
                        "id": "P230721.16.1.0",
                        "delim": "-"
                      },
                      {
                        "v": "na",
                        "id": "P230721.16.1.1"
                      }
                    ],
                    "cf": "ana",
                    "gw": "what?",
                    "sense": "what?",
                    "norm0": "ana",
                    "pos": "QP",
                    "epos": "QP",
                    "base": "a-na",
                    "morph": "~"
                  }
                },
                {
                  "node": "l",
                  "frag": "a-na",
                  "id": "P230721.l008ec",
                  "ref": "P230721.16.2",
                  "inst": "ana[what?]QP",
                  "sig": "@obmc%sux:a-na=ana[what?//what?]QP'QP$ana/a-na#~",
                  "f": {
                    "lang": "sux",
                    "form": "a-na",
                    "delim": "",
                    "gdl": [
                      {
                        "v": "a",
                        "id": "P230721.16.2.0",
                        "delim": "-"
                      },
                      {
                        "v": "na",
                        "id": "P230721.16.2.1"
                      }
                    ],
                    "cf": "ana",
                    "gw": "what?",
                    "sense": "what?",
                    "norm0": "ana",
                    "pos": "QP",
                    "epos": "QP",
                    "base": "a-na",
                    "morph": "~"
                  }
                },
                {
                  "node": "l",
                  "frag": "[me-a-bi]",
                  "id": "P230721.l008ed",
                  "ref": "P230721.16.3",
                  "inst": "me[to be]V/i",
                  "sig": "@obmc%sux:me-a-bi=me[be//to be]V/i'V/i$me;a,bi/me#~;a,bi",
                  "f": {
                    "lang": "sux",
                    "form": "me-a-bi",
                    "gdl": [
                      {
                        "v": "me",
                        "id": "P230721.16.3.0",
                        "breakStart": "1",
                        "o": "[",
                        "break": "missing",
                        "delim": "-"
                      },
                      {
                        "v": "a",
                        "id": "P230721.16.3.1",
                        "break": "missing",
                        "delim": "-"
                      },
                      {
                        "v": "bi",
                        "id": "P230721.16.3.2",
                        "break": "missing",
                        "o": "]",
                        "breakEnd": "P230721.16.3.0"
                      }
                    ],
                    "cf": "me",
                    "gw": "be",
                    "sense": "to be",
                    "norm0": "me;a,bi",
                    "pos": "V/i",
                    "epos": "V/i",
                    "base": "me",
                    "morph": "~;a,bi"
                  }
                },
                {
                  "node": "d",
                  "type": "line-start",
                  "ref": "P230721.17",
                  "n": "2",
                  "label": "r 2"
                },
                {
                  "node": "l",
                  "frag": "e₂-bi-še₃",
                  "id": "P230721.l008ee",
                  "ref": "P230721.17.1",
                  "inst": "e[house]N",
                  "sig": "@obmc%sux:e₂-bi-še₃=e[house//house]N'N$e,bi.eše/e₂#~,bi.eše",
                  "f": {
                    "lang": "sux",
                    "form": "e₂-bi-še₃",
                    "delim": "",
                    "gdl": [
                      {
                        "v": "e₂",
                        "id": "P230721.17.1.0",
                        "delim": "-"
                      },
                      {
                        "v": "bi",
                        "id": "P230721.17.1.1",
                        "delim": "-"
                      },
                      {
                        "v": "še₃",
                        "id": "P230721.17.1.2"
                      }
                    ],
                    "cf": "e",
                    "gw": "house",
                    "sense": "house",
                    "norm0": "e,bi.eše",
                    "pos": "N",
                    "epos": "N",
                    "base": "e₂",
                    "morph": "~,bi.eše"
                  }
                },
                {
                  "node": "c",
                  "type": "phrase",
                  "tag": "phr",
                  "id": "P230721.U4",
                  "ref": "P230721.ls00000",
                  "cdl": [
                    {
                      "node": "l",
                      "frag": "inim",
                      "id": "P230721.l008ef",
                      "ref": "P230721.17.2",
                      "inst": "inim[word]N",
                      "sig": "@obmc%sux:inim=inim[word//word]N'N$inim/inim#~",
                      "f": {
                        "lang": "sux",
                        "form": "inim",
                        "delim": "",
                        "gdl": [
                          {
                            "v": "inim",
                            "id": "P230721.17.2.0"
                          }
                        ],
                        "cf": "inim",
                        "gw": "word",
                        "sense": "word",
                        "norm0": "inim",
                        "pos": "N",
                        "epos": "N",
                        "base": "inim",
                        "morph": "~"
                      }
                    },
                    {
                      "node": "l",
                      "frag": "nu-um-[ŋa₂-ŋa₂-a]",
                      "id": "P230721.l008f0",
                      "ref": "P230721.17.3",
                      "inst": "ŋar[to place on, put on]V/t",
                      "sig": "@obmc%sux:nu-um-ŋa₂-ŋa₂-a=ŋar[place//to place on, put on]V/t'V/t$nu.m:ŋar;a/ŋa₂-ŋa₂#nu.m:~;a",
                      "f": {
                        "lang": "sux",
                        "form": "nu-um-ŋa₂-ŋa₂-a",
                        "gdl": [
                          {
                            "v": "nu",
                            "id": "P230721.17.3.0",
                            "delim": "-"
                          },
                          {
                            "v": "um",
                            "id": "P230721.17.3.1",
                            "delim": "-"
                          },
                          {
                            "v": "ŋa₂",
                            "id": "P230721.17.3.2",
                            "breakStart": "1",
                            "o": "[",
                            "break": "missing",
                            "delim": "-"
                          },
                          {
                            "v": "ŋa₂",
                            "id": "P230721.17.3.3",
                            "break": "missing",
                            "delim": "-"
                          },
                          {
                            "v": "a",
                            "id": "P230721.17.3.4",
                            "break": "missing",
                            "o": "]",
                            "breakEnd": "P230721.17.3.2"
                          }
                        ],
                        "cf": "ŋar",
                        "gw": "place",
                        "sense": "to place on, put on",
                        "norm0": "nu.m:ŋar;a",
                        "pos": "V/t",
                        "epos": "V/t",
                        "base": "ŋa₂-ŋa₂",
                        "morph": "nu.m:~;a"
                      }
                    }
                  ]
                },
                {
                  "node": "d",
                  "type": "line-start",
                  "ref": "P230721.18",
                  "n": "3",
                  "label": "r 3"
                },
                {
                  "node": "l",
                  "frag": "mu",
                  "id": "P230721.l008f1",
                  "ref": "P230721.18.1",
                  "inst": "mu[name]N",
                  "sig": "@obmc%sux:mu=mu[name//name]N'N$mu/mu#~",
                  "f": {
                    "lang": "sux",
                    "form": "mu",
                    "delim": "",
                    "gdl": [
                      {
                        "v": "mu",
                        "id": "P230721.18.1.0"
                      }
                    ],
                    "cf": "mu",
                    "gw": "name",
                    "sense": "name",
                    "norm0": "mu",
                    "pos": "N",
                    "epos": "N",
                    "base": "mu",
                    "morph": "~"
                  }
                },
                {
                  "node": "l",
                  "frag": "lugal-bi",
                  "id": "P230721.l008f2",
                  "ref": "P230721.18.2",
                  "inst": "lugal[king]N",
                  "sig": "@obmc%sux:lugal-bi=lugal[king//king]N'N$lugal,bi/lugal#~,bi",
                  "f": {
                    "lang": "sux",
                    "form": "lugal-bi",
                    "delim": "",
                    "gdl": [
                      {
                        "v": "lugal",
                        "id": "P230721.18.2.0",
                        "delim": "-"
                      },
                      {
                        "v": "bi",
                        "id": "P230721.18.2.1"
                      }
                    ],
                    "cf": "lugal",
                    "gw": "king",
                    "sense": "king",
                    "norm0": "lugal,bi",
                    "pos": "N",
                    "epos": "N",
                    "base": "lugal",
                    "morph": "~,bi"
                  }
                },
                {
                  "node": "l",
                  "frag": "in-[pad₃]",
                  "id": "P230721.l008f3",
                  "ref": "P230721.18.3",
                  "inst": "pad[swear]V/t",
                  "sig": "@obmc%sux:in-pad₃=pad[find//to swear]V/t'V/t$V.n:pad/pad₃#V.n:~",
                  "f": {
                    "lang": "sux",
                    "form": "in-pad₃",
                    "gdl": [
                      {
                        "v": "in",
                        "id": "P230721.18.3.0",
                        "delim": "-"
                      },
                      {
                        "v": "pad₃",
                        "id": "P230721.18.3.1",
                        "breakStart": "1",
                        "o": "]",
                        "break": "missing",
                        "breakEnd": "P230721.18.3.1"
                      }
                    ],
                    "cf": "pad",
                    "gw": "find",
                    "sense": "to swear",
                    "norm0": "V.n:pad",
                    "pos": "V/t",
                    "epos": "V/t",
                    "base": "pad₃",
                    "morph": "V.n:~"
                  }
                },
                {
                  "node": "d",
                  "type": "nonx",
                  "ref": "P230721.19",
                  "strict": "1",
                  "extent": "2",
                  "scope": "line",
                  "state": "ruling"
                },
                {
                  "node": "d",
                  "type": "line-start",
                  "ref": "P230721.20",
                  "n": "4",
                  "label": "r 4"
                },
                {
                  "node": "l",
                  "frag": "(1.1/2)",
                  "id": "P230721.l008f4",
                  "ref": "P230721.20.1",
                  "inst": "n",
                  "f": {
                    "lang": "sux",
                    "form": "1.1/2",
                    "delim": "",
                    "gdl": [
                      {
                        "gg": "group",
                        "gdl_type": "group",
                        "group": [
                          {
                            "n": "n",
                            "sexified": "1(diš)",
                            "form": "1",
                            "id": "P230721.20.1.0",
                            "delim": ".",
                            "seq": [
                              {
                                "r": "1"
                              }
                            ]
                          },
                          {
                            "n": "n",
                            "sexified": "1/2(disz)",
                            "form": "1/2",
                            "id": "P230721.20.1.1",
                            "seq": [
                              {
                                "r": "1/2"
                              }
                            ]
                          }
                        ]
                      }
                    ],
                    "pos": "n"
                  }
                },
                {
                  "node": "l",
                  "frag": "sar",
                  "id": "P230721.l008f5",
                  "ref": "P230721.20.2",
                  "inst": "sar[a unit of area]N",
                  "sig": "@obmc%sux:sar=sar[garden//a unit of area]N'N$sar/sar#~",
                  "f": {
                    "lang": "sux",
                    "form": "sar",
                    "delim": "",
                    "gdl": [
                      {
                        "v": "sar",
                        "id": "P230721.20.2.0"
                      }
                    ],
                    "cf": "sar",
                    "gw": "garden",
                    "sense": "a unit of area",
                    "norm0": "sar",
                    "pos": "N",
                    "epos": "N",
                    "base": "sar",
                    "morph": "~"
                  }
                },
                {
                  "node": "l",
                  "frag": "e₂",
                  "id": "P230721.l008f6",
                  "ref": "P230721.20.3",
                  "inst": "e[house]N",
                  "sig": "@obmc%sux:e₂=e[house//house]N'N$e/e₂#~",
                  "f": {
                    "lang": "sux",
                    "form": "e₂",
                    "delim": "",
                    "gdl": [
                      {
                        "v": "e₂",
                        "id": "P230721.20.3.0"
                      }
                    ],
                    "cf": "e",
                    "gw": "house",
                    "sense": "house",
                    "norm0": "e",
                    "pos": "N",
                    "epos": "N",
                    "base": "e₂",
                    "morph": "~"
                  }
                },
                {
                  "node": "l",
                  "frag": "kislah",
                  "id": "P230721.l008f7",
                  "ref": "P230721.20.4",
                  "inst": "kislah[empty house lot]N",
                  "sig": "@obmc%sux:kislah=kislah[land//empty house lot]N'N$kislah/kislah#~",
                  "f": {
                    "lang": "sux",
                    "form": "kislah",
                    "gdl": [
                      {
                        "v": "kislah",
                        "id": "P230721.20.4.0"
                      }
                    ],
                    "cf": "kislah",
                    "gw": "land",
                    "sense": "empty house lot",
                    "norm0": "kislah",
                    "pos": "N",
                    "epos": "N",
                    "base": "kislah",
                    "morph": "~"
                  }
                },
                {
                  "node": "d",
                  "type": "nonw",
                  "ref": ""
                }
              ]
            }
          ]
        }
      ]
    },
    {
      "linkbase": [
        {
          "type": "linkset",
          "xlink_title": "inim ŋar[sue//to sue, to make a legal claim]V/t'V/t",
          "id": "P230721.ls00000",
          "xlink_type": "extended",
          "xlink_role": "psu",
          "sig": "{inim nu-um-ŋa₂-ŋa₂-a = inim[word]N ŋar[place]V/t += inim ŋar[sue//to sue, to make a legal claim]V/t'V/t}::@obmc%sux:inim=inim[word//word]N'N$inim/inim#~++@obmc%sux:nu-um-ŋa₂-ŋa₂-a=ŋar[place//to place on, put on]V/t'V/t$nu.m:ŋar;a/ŋa₂-ŋa₂#nu.m:~;a",
          "links": [
            {
              "type": "link",
              "xlink_title": "inim",
              "xlink_type": "locator",
              "xlink_href": "#P230721.l008ef",
              "xlink_role": "elt"
            },
            {
              "type": "link",
              "xlink_title": "ŋar",
              "xlink_type": "locator",
              "xlink_href": "#P230721.l008f0",
              "xlink_role": "elt"
            }
          ]
        }
      ]
    }
  ]
}
