{
  "type": "cdl",
  "project": "obmc",
  "source": "http://oracc.org/obmc",
  "license": "This data is released under the CC0 license",
  "license-url": "https://creativecommons.org/publicdomain/zero/1.0/",
  "more-info": "http://oracc.org/doc/opendata/",
  "UTC-timestamp": "2019-02-04T17:10:40",
  "textid": "P230776",
  "cdl": [
    {
      "node": "c",
      "type": "text",
      "id": "P230776.U0",
      "cdl": [
        {
          "node": "d",
          "subtype": "tablet",
          "type": "tablet",
          "ref": "P230776.x61.1",
          "label": "x61"
        },
        {
          "node": "d",
          "subtype": "obverse",
          "type": "obverse",
          "ref": "P230776.o.2",
          "label": "o"
        },
        {
          "node": "d",
          "subtype": "column 1o",
          "type": "column",
          "ref": "P230776.o.i.3",
          "n": "1",
          "label": "o i"
        },
        {
          "node": "d",
          "type": "nonx",
          "ref": "P230776.4",
          "strict": "0",
          "state": "other"
        },
        {
          "node": "d",
          "type": "nonx",
          "ref": "P230776.5",
          "strict": "1",
          "extent": "1",
          "scope": "line",
          "state": "traces"
        },
        {
          "node": "c",
          "type": "discourse",
          "subtype": "body",
          "id": "P230776.U1",
          "cdl": [
            {
              "node": "c",
              "type": "sentence",
              "implicit": "yes",
              "id": "P230776.U2",
              "label": "o i 2 - o i 12",
              "cdl": [
                {
                  "node": "d",
                  "type": "line-start",
                  "ref": "P230776.6",
                  "n": "2",
                  "label": "o i 2"
                },
                {
                  "node": "l",
                  "frag": "a-šag₄",
                  "id": "P230776.l00b1a",
                  "ref": "P230776.6.1",
                  "inst": "ašag[field]N",
                  "sig": "@obmc%sux:a-šag₄=ašag[field//field]N'N$ašag/a-šag₄#~",
                  "f": {
                    "lang": "sux",
                    "form": "a-šag₄",
                    "delim": "",
                    "gdl": [
                      {
                        "v": "a",
                        "id": "P230776.6.1.0",
                        "delim": "-"
                      },
                      {
                        "v": "šag₄",
                        "id": "P230776.6.1.1"
                      }
                    ],
                    "cf": "ašag",
                    "gw": "field",
                    "sense": "field",
                    "norm0": "ašag",
                    "pos": "N",
                    "epos": "N",
                    "base": "a-šag₄",
                    "morph": "~"
                  }
                },
                {
                  "node": "l",
                  "frag": "egir",
                  "id": "P230776.l00b1b",
                  "ref": "P230776.6.2",
                  "inst": "egir[back, rear]N",
                  "sig": "@obmc%sux:egir=egir[back//back, rear]N'N$egir/egir#~",
                  "f": {
                    "lang": "sux",
                    "form": "egir",
                    "delim": "",
                    "gdl": [
                      {
                        "v": "egir",
                        "id": "P230776.6.2.0"
                      }
                    ],
                    "cf": "egir",
                    "gw": "back",
                    "sense": "back, rear",
                    "norm0": "egir",
                    "pos": "N",
                    "epos": "N",
                    "base": "egir",
                    "morph": "~"
                  }
                },
                {
                  "node": "l",
                  "frag": "šum₂",
                  "id": "P230776.l00b1c",
                  "ref": "P230776.6.3",
                  "inst": "šum[garlic]N",
                  "sig": "@obmc%sux:šum₂=šum[garlic//garlic]N'N$šum/šum₂#~",
                  "f": {
                    "lang": "sux",
                    "form": "šum₂",
                    "delim": "",
                    "gdl": [
                      {
                        "v": "šum₂",
                        "id": "P230776.6.3.0"
                      }
                    ],
                    "cf": "šum",
                    "gw": "garlic",
                    "sense": "garlic",
                    "norm0": "šum",
                    "pos": "N",
                    "epos": "N",
                    "base": "šum₂",
                    "morph": "~"
                  }
                },
                {
                  "node": "l",
                  "frag": "la₂",
                  "id": "P230776.l00b1d",
                  "ref": "P230776.6.4",
                  "inst": "la[to hang, balance, suspend,]V/t",
                  "sig": "@obmc%sux:la₂=la[hang//to hang, balance, suspend,]V/t'V/t$la/la₂#~",
                  "f": {
                    "lang": "sux",
                    "form": "la₂",
                    "gdl": [
                      {
                        "v": "la₂",
                        "id": "P230776.6.4.0"
                      }
                    ],
                    "cf": "la",
                    "gw": "hang",
                    "sense": "to hang, balance, suspend,",
                    "norm0": "la",
                    "pos": "V/t",
                    "epos": "V/t",
                    "base": "la₂",
                    "morph": "~"
                  }
                },
                {
                  "node": "d",
                  "type": "line-start",
                  "ref": "P230776.7",
                  "n": "3",
                  "label": "o i 3"
                },
                {
                  "node": "l",
                  "frag": "⸢us₂⸣-a-du",
                  "id": "P230776.l00b1e",
                  "ref": "P230776.7.1",
                  "inst": "us₂.a.DU[border]N",
                  "sig": "@obmc%sux:us₂-a-du=us₂.a.DU[border//border]N'N$us₂.a.DU/us₂-a-DU#~",
                  "f": {
                    "lang": "sux",
                    "form": "us₂-a-du",
                    "delim": "",
                    "gdl": [
                      {
                        "v": "us₂",
                        "id": "P230776.7.1.0",
                        "break": "damaged",
                        "ho": "1",
                        "delim": "-",
                        "hc": "1"
                      },
                      {
                        "v": "a",
                        "id": "P230776.7.1.1",
                        "delim": "-"
                      },
                      {
                        "v": "du",
                        "id": "P230776.7.1.2"
                      }
                    ],
                    "cf": "us₂.a.DU",
                    "gw": "border",
                    "sense": "border",
                    "norm0": "us₂.a.DU",
                    "pos": "N",
                    "epos": "N",
                    "base": "us₂-a-DU",
                    "morph": "~"
                  }
                },
                {
                  "node": "l",
                  "frag": "{d}suen-a-ša-re-ed",
                  "id": "P230776.l00b1f",
                  "ref": "P230776.7.2",
                  "inst": "Sin-ašaredu[]PN",
                  "sig": "@obmc%sux:{d}suen-a-ša-re-ed=Sin-ašaredu[1//1]PN'PN$Sin-ašaredu/{d}suen-a-ša-re-ed#~",
                  "f": {
                    "lang": "sux",
                    "form": "{d}suen-a-ša-re-ed",
                    "gdl": [
                      {
                        "det": "semantic",
                        "pos": "pre",
                        "seq": [
                          {
                            "v": "d",
                            "id": "P230776.7.2.0"
                          }
                        ]
                      },
                      {
                        "v": "suen",
                        "id": "P230776.7.2.1",
                        "delim": "-"
                      },
                      {
                        "v": "a",
                        "id": "P230776.7.2.2",
                        "delim": "-"
                      },
                      {
                        "v": "ša",
                        "id": "P230776.7.2.3",
                        "delim": "-"
                      },
                      {
                        "v": "re",
                        "id": "P230776.7.2.4",
                        "delim": "-"
                      },
                      {
                        "v": "ed",
                        "id": "P230776.7.2.5"
                      }
                    ],
                    "cf": "Sin-ašaredu",
                    "gw": "1",
                    "sense": "1",
                    "norm0": "Sin-ašaredu",
                    "pos": "PN",
                    "epos": "PN",
                    "base": "{d}suen-a-ša-re-ed",
                    "morph": "~"
                  }
                },
                {
                  "node": "d",
                  "type": "line-start",
                  "ref": "P230776.8",
                  "n": "4",
                  "label": "o i 4"
                },
                {
                  "node": "l",
                  "frag": "a-šag₄",
                  "id": "P230776.l00b20",
                  "ref": "P230776.8.1",
                  "inst": "ašag[field]N",
                  "sig": "@obmc%sux:a-šag₄=ašag[field//field]N'N$ašag/a-šag₄#~",
                  "f": {
                    "lang": "sux",
                    "form": "a-šag₄",
                    "delim": "",
                    "gdl": [
                      {
                        "v": "a",
                        "id": "P230776.8.1.0",
                        "delim": "-"
                      },
                      {
                        "v": "šag₄",
                        "id": "P230776.8.1.1"
                      }
                    ],
                    "cf": "ašag",
                    "gw": "field",
                    "sense": "field",
                    "norm0": "ašag",
                    "pos": "N",
                    "epos": "N",
                    "base": "a-šag₄",
                    "morph": "~"
                  }
                },
                {
                  "node": "l",
                  "frag": "{d}en-lil₂-na-da",
                  "id": "P230776.l00b21",
                  "ref": "P230776.8.2",
                  "inst": "Enlil-nada[]PN",
                  "sig": "@obmc%sux:{d}en-lil₂-na-da=Enlil-nada[1//1]PN'PN$Enlil-nada/{d}en-lil₂-na-da#~",
                  "f": {
                    "lang": "sux",
                    "form": "{d}en-lil₂-na-da",
                    "gdl": [
                      {
                        "det": "semantic",
                        "pos": "pre",
                        "seq": [
                          {
                            "v": "d",
                            "id": "P230776.8.2.0"
                          }
                        ]
                      },
                      {
                        "v": "en",
                        "id": "P230776.8.2.1",
                        "delim": "-"
                      },
                      {
                        "v": "lil₂",
                        "id": "P230776.8.2.2",
                        "delim": "-"
                      },
                      {
                        "v": "na",
                        "id": "P230776.8.2.3",
                        "delim": "-"
                      },
                      {
                        "v": "da",
                        "id": "P230776.8.2.4"
                      }
                    ],
                    "cf": "Enlil-nada",
                    "gw": "1",
                    "sense": "1",
                    "norm0": "Enlil-nada",
                    "pos": "PN",
                    "epos": "PN",
                    "base": "{d}en-lil₂-na-da",
                    "morph": "~"
                  }
                },
                {
                  "node": "d",
                  "type": "line-start",
                  "ref": "P230776.9",
                  "n": "5",
                  "label": "o i 5"
                },
                {
                  "node": "l",
                  "frag": "ki",
                  "id": "P230776.l00b22",
                  "ref": "P230776.9.1",
                  "inst": "ki[place]N",
                  "sig": "@obmc%sux:ki=ki[place//place]N'N$ki/ki#~",
                  "f": {
                    "lang": "sux",
                    "form": "ki",
                    "delim": "",
                    "gdl": [
                      {
                        "v": "ki",
                        "id": "P230776.9.1.0"
                      }
                    ],
                    "cf": "ki",
                    "gw": "place",
                    "sense": "place",
                    "norm0": "ki",
                    "pos": "N",
                    "epos": "N",
                    "base": "ki",
                    "morph": "~"
                  }
                },
                {
                  "node": "l",
                  "frag": "{d}en-lil-na-da-ta",
                  "id": "P230776.l00b23",
                  "ref": "P230776.9.2",
                  "inst": "Enlil-nada[]PN",
                  "sig": "@obmc%sux:{d}en-lil-na-da-ta=Enlil-nada[1//1]PN'PN$Enlil-nada,ta/{d}en-lil₂-na-da#~,ta",
                  "f": {
                    "lang": "sux",
                    "form": "{d}en-lil-na-da-ta",
                    "gdl": [
                      {
                        "det": "semantic",
                        "pos": "pre",
                        "seq": [
                          {
                            "v": "d",
                            "id": "P230776.9.2.0"
                          }
                        ]
                      },
                      {
                        "v": "en",
                        "id": "P230776.9.2.1",
                        "delim": "-"
                      },
                      {
                        "v": "lil",
                        "id": "P230776.9.2.2",
                        "delim": "-"
                      },
                      {
                        "v": "na",
                        "id": "P230776.9.2.3",
                        "delim": "-"
                      },
                      {
                        "v": "da",
                        "id": "P230776.9.2.4",
                        "delim": "-"
                      },
                      {
                        "v": "ta",
                        "id": "P230776.9.2.5"
                      }
                    ],
                    "cf": "Enlil-nada",
                    "gw": "1",
                    "sense": "1",
                    "norm0": "Enlil-nada,ta",
                    "pos": "PN",
                    "epos": "PN",
                    "base": "{d}en-lil₂-na-da",
                    "morph": "~,ta"
                  }
                },
                {
                  "node": "d",
                  "type": "line-start",
                  "ref": "P230776.10",
                  "n": "6",
                  "label": "o i 6"
                },
                {
                  "node": "l",
                  "frag": "i₃-li₂-iš-na-di",
                  "id": "P230776.l00b24",
                  "ref": "P230776.10.1",
                  "inst": "Iliš-nadi[]PN",
                  "sig": "@obmc%sux:i₃-li₂-iš-na-di=Iliš-nadi[1//1]PN'PN$Iliš-nadi/i₃-li₂-iš-na-di#~",
                  "f": {
                    "lang": "sux",
                    "form": "i₃-li₂-iš-na-di",
                    "gdl": [
                      {
                        "v": "i₃",
                        "id": "P230776.10.1.0",
                        "delim": "-"
                      },
                      {
                        "v": "li₂",
                        "id": "P230776.10.1.1",
                        "delim": "-"
                      },
                      {
                        "v": "iš",
                        "id": "P230776.10.1.2",
                        "delim": "-"
                      },
                      {
                        "v": "na",
                        "id": "P230776.10.1.3",
                        "delim": "-"
                      },
                      {
                        "v": "di",
                        "id": "P230776.10.1.4"
                      }
                    ],
                    "cf": "Iliš-nadi",
                    "gw": "1",
                    "sense": "1",
                    "norm0": "Iliš-nadi",
                    "pos": "PN",
                    "epos": "PN",
                    "base": "i₃-li₂-iš-na-di",
                    "morph": "~"
                  }
                },
                {
                  "node": "d",
                  "type": "line-start",
                  "ref": "P230776.11",
                  "n": "7",
                  "label": "o i 7"
                },
                {
                  "node": "l",
                  "frag": "u₃",
                  "id": "P230776.l00b25",
                  "ref": "P230776.11.1",
                  "inst": "u[and]CNJ",
                  "sig": "@obmc%sux:u₃=u[and//and]CNJ'CNJ$u/u₃#~",
                  "f": {
                    "lang": "sux",
                    "form": "u₃",
                    "delim": "",
                    "gdl": [
                      {
                        "v": "u₃",
                        "id": "P230776.11.1.0"
                      }
                    ],
                    "cf": "u",
                    "gw": "and",
                    "sense": "and",
                    "norm0": "u",
                    "pos": "CNJ",
                    "epos": "CNJ",
                    "base": "u₃",
                    "morph": "~"
                  }
                },
                {
                  "node": "l",
                  "frag": "ur-du₆-ku₃-ga",
                  "id": "P230776.l00b26",
                  "ref": "P230776.11.2",
                  "inst": "Ur-Dukuga[1]PN",
                  "sig": "@obmc%sux:ur-du₆-ku₃-ga=Ur-Dukuga[1//1]PN'PN$Ur-Dukuga/ur-du₆-ku₃-ga#~",
                  "f": {
                    "lang": "sux",
                    "form": "ur-du₆-ku₃-ga",
                    "gdl": [
                      {
                        "v": "ur",
                        "id": "P230776.11.2.0",
                        "delim": "-"
                      },
                      {
                        "v": "du₆",
                        "id": "P230776.11.2.1",
                        "delim": "-"
                      },
                      {
                        "v": "ku₃",
                        "id": "P230776.11.2.2",
                        "delim": "-"
                      },
                      {
                        "v": "ga",
                        "id": "P230776.11.2.3"
                      }
                    ],
                    "cf": "Ur-Dukuga",
                    "gw": "1",
                    "sense": "1",
                    "norm0": "Ur-Dukuga",
                    "pos": "PN",
                    "epos": "PN",
                    "base": "ur-du₆-ku₃-ga",
                    "morph": "~"
                  }
                },
                {
                  "node": "d",
                  "type": "line-start",
                  "ref": "P230776.12",
                  "n": "8",
                  "label": "o i 8"
                },
                {
                  "node": "l",
                  "frag": "nam-tab-ba-ni-⸢še₃⸣",
                  "id": "P230776.l00b27",
                  "ref": "P230776.12.1",
                  "inst": "namtab[partnership]N",
                  "sig": "@obmc%sux:nam-tab-ba-ni-še₃=namtab[partnership//partnership]N'N$namtab,ani.eše/nam-tab+-ba=b.a#~,ani.eše",
                  "f": {
                    "lang": "sux",
                    "form": "nam-tab-ba-ni-še₃",
                    "gdl": [
                      {
                        "v": "nam",
                        "id": "P230776.12.1.0",
                        "delim": "-"
                      },
                      {
                        "v": "tab",
                        "id": "P230776.12.1.1",
                        "delim": "-"
                      },
                      {
                        "v": "ba",
                        "id": "P230776.12.1.2",
                        "delim": "-"
                      },
                      {
                        "v": "ni",
                        "id": "P230776.12.1.3",
                        "delim": "-"
                      },
                      {
                        "v": "še₃",
                        "id": "P230776.12.1.4",
                        "break": "damaged",
                        "ho": "1",
                        "hc": "1"
                      }
                    ],
                    "cf": "namtab",
                    "gw": "partnership",
                    "sense": "partnership",
                    "norm0": "namtab,ani.eše",
                    "pos": "N",
                    "epos": "N",
                    "base": "nam-tab",
                    "cont": "-ba=b.a",
                    "morph": "~,ani.eše"
                  }
                },
                {
                  "node": "d",
                  "type": "line-start",
                  "ref": "P230776.13",
                  "n": "9",
                  "label": "o i 9"
                },
                {
                  "node": "l",
                  "frag": "nam-⸢apin⸣-la₂",
                  "id": "P230776.l00b28",
                  "ref": "P230776.13.1",
                  "inst": "namapinla[position as tiller]N",
                  "sig": "@obmc%sux:nam-apin-la₂=namapinla[~tiller//position as tiller]N'N$namapinla/nam-apin-la₂#~",
                  "f": {
                    "lang": "sux",
                    "form": "nam-apin-la₂",
                    "delim": "",
                    "gdl": [
                      {
                        "v": "nam",
                        "id": "P230776.13.1.0",
                        "delim": "-"
                      },
                      {
                        "v": "apin",
                        "id": "P230776.13.1.1",
                        "break": "damaged",
                        "ho": "1",
                        "delim": "-",
                        "hc": "1"
                      },
                      {
                        "v": "la₂",
                        "id": "P230776.13.1.2"
                      }
                    ],
                    "cf": "namapinla",
                    "gw": "~tiller",
                    "sense": "position as tiller",
                    "norm0": "namapinla",
                    "pos": "N",
                    "epos": "N",
                    "base": "nam-apin-la₂",
                    "morph": "~"
                  }
                },
                {
                  "node": "l",
                  "frag": "igi",
                  "id": "P230776.l00b29",
                  "ref": "P230776.13.2",
                  "inst": "igi[a mathematical term (math.)]N",
                  "sig": "@obmc%sux:igi=igi[~mathematics//a mathematical term (math.)]N'N$igi/igi#~",
                  "f": {
                    "lang": "sux",
                    "form": "igi",
                    "delim": "",
                    "gdl": [
                      {
                        "v": "igi",
                        "id": "P230776.13.2.0"
                      }
                    ],
                    "cf": "igi",
                    "gw": "~mathematics",
                    "sense": "a mathematical term (math.)",
                    "norm0": "igi",
                    "pos": "N",
                    "epos": "N",
                    "base": "igi",
                    "morph": "~"
                  }
                },
                {
                  "node": "l",
                  "frag": "3-[ŋal₂-(še₃)]",
                  "id": "P230776.l00b2a",
                  "ref": "P230776.13.3",
                  "inst": "n",
                  "f": {
                    "lang": "sux",
                    "form": "3-ŋal₂-še₃",
                    "gdl": [
                      {
                        "n": "n",
                        "sexified": "3(diš)",
                        "form": "3",
                        "id": "P230776.13.3.0",
                        "break": "damaged",
                        "ho": "1",
                        "delim": "-",
                        "hc": "1",
                        "seq": [
                          {
                            "r": "3"
                          }
                        ]
                      },
                      {
                        "v": "ŋal₂",
                        "id": "P230776.13.3.1",
                        "breakStart": "1",
                        "o": "[",
                        "break": "missing",
                        "delim": "-"
                      },
                      {
                        "v": "še₃",
                        "id": "P230776.13.3.2",
                        "statusStart": "P230776.13.3.2",
                        "o": ")]",
                        "break": "missing",
                        "breakEnd": "P230776.13.3.1"
                      }
                    ],
                    "pos": "n"
                  }
                },
                {
                  "node": "d",
                  "type": "line-start",
                  "ref": "P230776.14",
                  "n": "10",
                  "label": "o i 10"
                },
                {
                  "node": "l",
                  "frag": "ib₂-ta-⸢an⸣-[e₃-eš]",
                  "id": "P230776.l00b2b",
                  "ref": "P230776.14.1",
                  "inst": "e[leave//to rent]V/t",
                  "sig": "@obmc%sux:ib₂-ta-an-e₃-eš=e[leave//to rent]V/i'V/t$V.b.ta.n:e;eš/e₃#V.b.ta.n:~;eš",
                  "f": {
                    "lang": "sux",
                    "form": "ib₂-ta-an-e₃-eš",
                    "gdl": [
                      {
                        "v": "ib₂",
                        "id": "P230776.14.1.0",
                        "delim": "-"
                      },
                      {
                        "v": "ta",
                        "id": "P230776.14.1.1",
                        "delim": "-"
                      },
                      {
                        "v": "an",
                        "id": "P230776.14.1.2",
                        "break": "damaged",
                        "ho": "1",
                        "delim": "-",
                        "hc": "1"
                      },
                      {
                        "v": "e₃",
                        "id": "P230776.14.1.3",
                        "breakStart": "1",
                        "o": "[",
                        "break": "missing",
                        "delim": "-"
                      },
                      {
                        "v": "eš",
                        "id": "P230776.14.1.4",
                        "break": "missing",
                        "o": "]",
                        "breakEnd": "P230776.14.1.3"
                      }
                    ],
                    "cf": "e",
                    "gw": "leave",
                    "sense": "to rent",
                    "norm0": "V.b.ta.n:e;eš",
                    "pos": "V/i",
                    "epos": "V/t",
                    "base": "e₃",
                    "morph": "V.b.ta.n:~;eš"
                  }
                },
                {
                  "node": "d",
                  "type": "line-start",
                  "ref": "P230776.15",
                  "n": "11",
                  "label": "o i 11"
                },
                {
                  "node": "l",
                  "frag": "6",
                  "id": "P230776.l00b2c",
                  "ref": "P230776.15.1",
                  "inst": "n",
                  "f": {
                    "lang": "sux",
                    "form": "6",
                    "delim": "",
                    "gdl": [
                      {
                        "n": "n",
                        "sexified": "6(diš)",
                        "form": "6",
                        "id": "P230776.15.1.0",
                        "queried": "1",
                        "seq": [
                          {
                            "r": "6"
                          }
                        ]
                      }
                    ],
                    "pos": "n"
                  }
                },
                {
                  "node": "l",
                  "frag": "giŋ₄",
                  "id": "P230776.l00b2d",
                  "ref": "P230776.15.2",
                  "inst": "giŋ[a unit of weight, shekel]N",
                  "sig": "@obmc%sux:giŋ₄=giŋ[unit//a unit of weight, shekel]N'N$giŋ/giŋ₄#~",
                  "f": {
                    "lang": "sux",
                    "form": "giŋ₄",
                    "delim": "",
                    "gdl": [
                      {
                        "v": "giŋ₄",
                        "id": "P230776.15.2.0"
                      }
                    ],
                    "cf": "giŋ",
                    "gw": "unit",
                    "sense": "a unit of weight, shekel",
                    "norm0": "giŋ",
                    "pos": "N",
                    "epos": "N",
                    "base": "giŋ₄",
                    "morph": "~"
                  }
                },
                {
                  "node": "l",
                  "frag": "[kug-babbar]",
                  "id": "P230776.l00b2e",
                  "ref": "P230776.15.3",
                  "inst": "kugbabbar[silver]N",
                  "sig": "@obmc%sux:kug-babbar=kugbabbar[silver//silver]N'N$kugbabbar/kug-babbar#~",
                  "f": {
                    "lang": "sux",
                    "form": "kug-babbar",
                    "gdl": [
                      {
                        "v": "kug",
                        "id": "P230776.15.3.0",
                        "breakStart": "1",
                        "o": "[",
                        "break": "missing",
                        "delim": "-"
                      },
                      {
                        "v": "babbar",
                        "id": "P230776.15.3.1",
                        "break": "missing",
                        "o": "]",
                        "breakEnd": "P230776.15.3.0"
                      }
                    ],
                    "cf": "kugbabbar",
                    "gw": "silver",
                    "sense": "silver",
                    "norm0": "kugbabbar",
                    "pos": "N",
                    "epos": "N",
                    "base": "kug-babbar",
                    "morph": "~"
                  }
                },
                {
                  "node": "d",
                  "type": "line-start",
                  "ref": "P230776.16",
                  "n": "12",
                  "label": "o i 12"
                },
                {
                  "node": "l",
                  "frag": "kug",
                  "id": "P230776.l00b2f",
                  "ref": "P230776.16.1",
                  "inst": "kug[silver]N",
                  "sig": "@obmc%sux:kug=kug[metal//silver]N'N$kug/kug#~",
                  "f": {
                    "lang": "sux",
                    "form": "kug",
                    "delim": "",
                    "gdl": [
                      {
                        "v": "kug",
                        "id": "P230776.16.1.0"
                      }
                    ],
                    "cf": "kug",
                    "gw": "metal",
                    "sense": "silver",
                    "norm0": "kug",
                    "pos": "N",
                    "epos": "N",
                    "base": "kug",
                    "morph": "~"
                  }
                },
                {
                  "node": "l",
                  "frag": "ki-a-[...]",
                  "id": "P230776.l00b30",
                  "ref": "P230776.16.2",
                  "inst": "u",
                  "f": {
                    "lang": "sux",
                    "form": "ki-a-x",
                    "gdl": [
                      {
                        "v": "ki",
                        "id": "P230776.16.2.0",
                        "delim": "-"
                      },
                      {
                        "v": "a",
                        "id": "P230776.16.2.1",
                        "delim": "-"
                      },
                      {
                        "x": "ellipsis",
                        "id": "P230776.16.2.2",
                        "breakStart": "1",
                        "break": "missing",
                        "o": "]",
                        "breakEnd": "P230776.16.2.2"
                      }
                    ],
                    "pos": "u"
                  }
                },
                {
                  "node": "d",
                  "type": "nonx",
                  "ref": "P230776.17",
                  "strict": "1",
                  "extent": "1",
                  "scope": "line",
                  "state": "traces"
                },
                {
                  "node": "d",
                  "subtype": "reverse",
                  "type": "reverse",
                  "ref": "P230776.r.18",
                  "label": "r"
                },
                {
                  "node": "d",
                  "type": "nonx",
                  "ref": "P230776.19",
                  "strict": "0",
                  "state": "other"
                }
              ]
            }
          ]
        }
      ]
    }
  ]
}
