{
  "type": "cdl",
  "project": "obmc",
  "source": "http://oracc.org/obmc",
  "license": "This data is released under the CC0 license",
  "license-url": "https://creativecommons.org/publicdomain/zero/1.0/",
  "more-info": "http://oracc.org/doc/opendata/",
  "UTC-timestamp": "2019-01-31T16:12:54",
  "textid": "P230751",
  "cdl": [
    {
      "node": "c",
      "type": "text",
      "id": "P230751.U0",
      "cdl": [
        {
          "node": "d",
          "subtype": "tablet",
          "type": "tablet",
          "ref": "P230751.x53.1",
          "label": "x53"
        },
        {
          "node": "d",
          "subtype": "obverse",
          "type": "obverse",
          "ref": "P230751.o.2",
          "label": "o"
        },
        {
          "node": "d",
          "subtype": "column 1o '",
          "type": "column",
          "ref": "P230751.o.i_.3",
          "n": "1",
          "label": "o i'"
        },
        {
          "node": "d",
          "type": "nonx",
          "ref": "P230751.4",
          "strict": "1",
          "extent": "1",
          "scope": "line",
          "state": "traces"
        },
        {
          "node": "c",
          "type": "discourse",
          "subtype": "body",
          "id": "P230751.U1",
          "cdl": [
            {
              "node": "c",
              "type": "sentence",
              "implicit": "yes",
              "id": "P230751.U2",
              "label": "o i' 2' - o ii' 10'",
              "cdl": [
                {
                  "node": "d",
                  "type": "line-start",
                  "ref": "P230751.5",
                  "n": "2'",
                  "label": "o i' 2'"
                },
                {
                  "node": "l",
                  "frag": "[...]-ke₄",
                  "id": "P230751.l00a12",
                  "ref": "P230751.5.1",
                  "inst": "u",
                  "f": {
                    "lang": "sux",
                    "form": "x-ke₄",
                    "gdl": [
                      {
                        "x": "ellipsis",
                        "id": "P230751.5.1.0",
                        "breakStart": "1",
                        "break": "missing",
                        "o": "]",
                        "breakEnd": "P230751.5.1.0",
                        "delim": "-"
                      },
                      {
                        "v": "ke₄",
                        "id": "P230751.5.1.1"
                      }
                    ],
                    "pos": "u"
                  }
                },
                {
                  "node": "d",
                  "type": "line-start",
                  "ref": "P230751.6",
                  "n": "3'",
                  "label": "o i' 3'"
                },
                {
                  "node": "c",
                  "type": "phrase",
                  "tag": "phr",
                  "id": "P230751.U4",
                  "ref": "P230751.ls00000",
                  "cdl": [
                    {
                      "node": "l",
                      "frag": "[šu",
                      "id": "P230751.l00a13",
                      "ref": "P230751.6.1",
                      "inst": "šu[hand]N",
                      "sig": "@obmc%sux:šu=šu[hand//hand]N'N$šu/šu#~",
                      "f": {
                        "lang": "sux",
                        "form": "šu",
                        "delim": "",
                        "gdl": [
                          {
                            "v": "šu",
                            "id": "P230751.6.1.0",
                            "breakStart": "1",
                            "o": "[",
                            "break": "missing"
                          }
                        ],
                        "cf": "šu",
                        "gw": "hand",
                        "sense": "hand",
                        "norm0": "šu",
                        "pos": "N",
                        "epos": "N",
                        "base": "šu",
                        "morph": "~"
                      }
                    },
                    {
                      "node": "l",
                      "frag": "ba]-⸢an⸣-ti",
                      "id": "P230751.l00a14",
                      "ref": "P230751.6.2",
                      "inst": "teŋ[approach]V/i",
                      "sig": "@obmc%sux:ba-an-ti=teŋ[approach//approach]V/i'V/i$ba.n:teŋ/teŋ₄#ba.n:~",
                      "f": {
                        "lang": "sux",
                        "form": "ba-an-ti",
                        "gdl": [
                          {
                            "v": "ba",
                            "id": "P230751.6.2.0",
                            "break": "missing",
                            "o": "]",
                            "breakEnd": "P230751.6.1.0",
                            "delim": "-"
                          },
                          {
                            "v": "an",
                            "id": "P230751.6.2.1",
                            "break": "damaged",
                            "ho": "1",
                            "delim": "-",
                            "hc": "1"
                          },
                          {
                            "v": "ti",
                            "id": "P230751.6.2.2"
                          }
                        ],
                        "cf": "teŋ",
                        "gw": "approach",
                        "sense": "approach",
                        "norm0": "ba.n:teŋ",
                        "pos": "V/i",
                        "epos": "V/i",
                        "base": "teŋ₄",
                        "morph": "ba.n:~"
                      }
                    }
                  ]
                },
                {
                  "node": "d",
                  "type": "line-start",
                  "ref": "P230751.7",
                  "n": "4'",
                  "label": "o i' 4'"
                },
                {
                  "node": "l",
                  "frag": "[mu-DU",
                  "id": "P230751.l00a15",
                  "ref": "P230751.7.1",
                  "inst": "mu.DU[delivery]N",
                  "sig": "@obmc%sux:mu-DU=mu.DU[delivery//delivery]N'N$mu.DU/mu-DU#~",
                  "f": {
                    "lang": "sux",
                    "form": "mu-DU",
                    "delim": "",
                    "gdl": [
                      {
                        "v": "mu",
                        "id": "P230751.7.1.0",
                        "breakStart": "1",
                        "o": "[",
                        "break": "missing",
                        "delim": "-"
                      },
                      {
                        "s": "DU",
                        "id": "P230751.7.1.1",
                        "break": "missing"
                      }
                    ],
                    "cf": "mu.DU",
                    "gw": "delivery",
                    "sense": "delivery",
                    "norm0": "mu.DU",
                    "pos": "N",
                    "epos": "N",
                    "base": "mu-DU",
                    "morph": "~"
                  }
                },
                {
                  "node": "l",
                  "frag": "ud]",
                  "id": "P230751.l00a16",
                  "ref": "P230751.7.2",
                  "inst": "ud[day]N",
                  "sig": "@obmc%sux:ud=ud[sun//day]N'N$ud/ud#~",
                  "f": {
                    "lang": "sux",
                    "form": "ud",
                    "delim": "",
                    "gdl": [
                      {
                        "v": "ud",
                        "id": "P230751.7.2.0",
                        "break": "missing",
                        "o": "]",
                        "breakEnd": "P230751.7.1.0"
                      }
                    ],
                    "cf": "ud",
                    "gw": "sun",
                    "sense": "day",
                    "norm0": "ud",
                    "pos": "N",
                    "epos": "N",
                    "base": "ud",
                    "morph": "~"
                  }
                },
                {
                  "node": "l",
                  "frag": "⸢buru₁₄⸣-ka",
                  "id": "P230751.l00a17",
                  "ref": "P230751.7.3",
                  "inst": "buru[harvest]N",
                  "sig": "@obmc%sux:buru₁₄-ka=buru[harvest//harvest]N'N$buru,ak.ak/buru₁₄#~,ak.ak",
                  "f": {
                    "lang": "sux",
                    "form": "buru₁₄-ka",
                    "gdl": [
                      {
                        "v": "buru₁₄",
                        "id": "P230751.7.3.0",
                        "break": "damaged",
                        "ho": "1",
                        "delim": "-",
                        "hc": "1"
                      },
                      {
                        "v": "ka",
                        "id": "P230751.7.3.1"
                      }
                    ],
                    "cf": "buru",
                    "gw": "harvest",
                    "sense": "harvest",
                    "norm0": "buru,ak.ak",
                    "pos": "N",
                    "epos": "N",
                    "base": "buru₁₄",
                    "morph": "~,ak.ak"
                  }
                },
                {
                  "node": "d",
                  "type": "line-start",
                  "ref": "P230751.8",
                  "n": "5'",
                  "label": "o i' 5'"
                },
                {
                  "node": "l",
                  "frag": "[še",
                  "id": "P230751.l00a18",
                  "ref": "P230751.8.1",
                  "inst": "še[barley]N",
                  "sig": "@obmc%sux:še=še[barley//barley]N'N$še/še#~",
                  "f": {
                    "lang": "sux",
                    "form": "še",
                    "delim": "",
                    "gdl": [
                      {
                        "v": "še",
                        "id": "P230751.8.1.0",
                        "breakStart": "1",
                        "o": "[",
                        "break": "missing"
                      }
                    ],
                    "cf": "še",
                    "gw": "barley",
                    "sense": "barley",
                    "norm0": "še",
                    "pos": "N",
                    "epos": "N",
                    "base": "še",
                    "morph": "~"
                  }
                },
                {
                  "node": "l",
                  "frag": "u₃]",
                  "id": "P230751.l00a19",
                  "ref": "P230751.8.2",
                  "inst": "u[and]CNJ",
                  "sig": "@obmc%sux:u₃=u[and//and]CNJ'CNJ$u/u₃#~",
                  "f": {
                    "lang": "sux",
                    "form": "u₃",
                    "delim": "",
                    "gdl": [
                      {
                        "v": "u₃",
                        "id": "P230751.8.2.0",
                        "break": "missing",
                        "o": "]",
                        "breakEnd": "P230751.8.1.0"
                      }
                    ],
                    "cf": "u",
                    "gw": "and",
                    "sense": "and",
                    "norm0": "u",
                    "pos": "CNJ",
                    "epos": "CNJ",
                    "base": "u₃",
                    "morph": "~"
                  }
                },
                {
                  "node": "l",
                  "frag": "⸢maš₂⸣-bi",
                  "id": "P230751.l00a1a",
                  "ref": "P230751.8.3",
                  "inst": "maš[interest (on a loan)]N",
                  "sig": "@obmc%sux:maš₂-bi=maš[interest//interest (on a loan)]N'N$maš,bi/maš₂#~,bi",
                  "f": {
                    "lang": "sux",
                    "form": "maš₂-bi",
                    "gdl": [
                      {
                        "v": "maš₂",
                        "id": "P230751.8.3.0",
                        "break": "damaged",
                        "ho": "1",
                        "delim": "-",
                        "hc": "1"
                      },
                      {
                        "v": "bi",
                        "id": "P230751.8.3.1"
                      }
                    ],
                    "cf": "maš",
                    "gw": "interest",
                    "sense": "interest (on a loan)",
                    "norm0": "maš,bi",
                    "pos": "N",
                    "epos": "N",
                    "base": "maš₂",
                    "morph": "~,bi"
                  }
                },
                {
                  "node": "d",
                  "type": "line-start",
                  "ref": "P230751.9",
                  "n": "6'",
                  "label": "o i' 6'"
                },
                {
                  "node": "l",
                  "frag": "[gur]-⸢ru⸣-dam",
                  "id": "P230751.l00a1b",
                  "ref": "P230751.9.1",
                  "inst": "gur[to turn, return, come back]V/i",
                  "sig": "@obmc%sux:gur-ru-dam=gur[turn//to return]V/i'V/t$gur;ed.am/gur+-ru=r.u#~;ed.am",
                  "f": {
                    "lang": "sux",
                    "form": "gur-ru-dam",
                    "gdl": [
                      {
                        "v": "gur",
                        "id": "P230751.9.1.0",
                        "breakStart": "1",
                        "o": "]",
                        "break": "missing",
                        "breakEnd": "P230751.9.1.0",
                        "delim": "-"
                      },
                      {
                        "v": "ru",
                        "id": "P230751.9.1.1",
                        "break": "damaged",
                        "ho": "1",
                        "delim": "-",
                        "hc": "1"
                      },
                      {
                        "v": "dam",
                        "id": "P230751.9.1.2"
                      }
                    ],
                    "cf": "gur",
                    "gw": "turn",
                    "sense": "to return",
                    "norm0": "gur;ed.am",
                    "pos": "V/i",
                    "epos": "V/t",
                    "base": "gur",
                    "cont": "-ru=r.u",
                    "morph": "~;ed.am"
                  }
                },
                {
                  "node": "d",
                  "type": "line-start",
                  "ref": "P230751.10",
                  "n": "7'",
                  "label": "o i' 7'"
                },
                {
                  "node": "l",
                  "frag": "[lu₂-ki]-⸢inim⸣-ma",
                  "id": "P230751.l00a1c",
                  "ref": "P230751.10.1",
                  "inst": "lukiʾinimak[witness]N",
                  "sig": "@obmc%sux:lu₂-ki-inim-ma=lukiʾinimak[witness//witness]N'N$lukiʾinimak/lu₂-ki-inim-ma#~",
                  "f": {
                    "lang": "sux",
                    "form": "lu₂-ki-inim-ma",
                    "gdl": [
                      {
                        "v": "lu₂",
                        "id": "P230751.10.1.0",
                        "breakStart": "1",
                        "o": "[",
                        "break": "missing",
                        "delim": "-"
                      },
                      {
                        "v": "ki",
                        "id": "P230751.10.1.1",
                        "break": "missing",
                        "o": "]",
                        "breakEnd": "P230751.10.1.0",
                        "delim": "-"
                      },
                      {
                        "v": "inim",
                        "id": "P230751.10.1.2",
                        "break": "damaged",
                        "ho": "1",
                        "delim": "-",
                        "hc": "1"
                      },
                      {
                        "v": "ma",
                        "id": "P230751.10.1.3"
                      }
                    ],
                    "cf": "lukiʾinimak",
                    "gw": "witness",
                    "sense": "witness",
                    "norm0": "lukiʾinimak",
                    "pos": "N",
                    "epos": "N",
                    "base": "lu₂-ki-inim-ma",
                    "morph": "~"
                  }
                },
                {
                  "node": "d",
                  "type": "line-start",
                  "ref": "P230751.11",
                  "n": "8'",
                  "label": "o i' 8'"
                },
                {
                  "node": "l",
                  "frag": "[itud-bi]",
                  "id": "P230751.l00a1d",
                  "ref": "P230751.11.1",
                  "inst": "itud[month]N",
                  "sig": "@obmc%sux:itud-bi=itud[moon//month]N'N$itud,bi/itud#~,bi",
                  "f": {
                    "lang": "sux",
                    "form": "itud-bi",
                    "delim": "",
                    "gdl": [
                      {
                        "v": "itud",
                        "id": "P230751.11.1.0",
                        "breakStart": "1",
                        "o": "[",
                        "break": "missing",
                        "delim": "-"
                      },
                      {
                        "v": "bi",
                        "id": "P230751.11.1.1",
                        "break": "missing",
                        "o": "]",
                        "breakEnd": "P230751.11.1.0"
                      }
                    ],
                    "cf": "itud",
                    "gw": "moon",
                    "sense": "month",
                    "norm0": "itud,bi",
                    "pos": "N",
                    "epos": "N",
                    "base": "itud",
                    "morph": "~,bi"
                  }
                },
                {
                  "node": "l",
                  "frag": "⸢mu⸣-bi",
                  "id": "P230751.l00a1e",
                  "ref": "P230751.11.2",
                  "inst": "mu[year]N",
                  "sig": "@obmc%sux:mu-bi=mu[year//year]N'N$mu,bi/mu#~,bi",
                  "f": {
                    "lang": "sux",
                    "form": "mu-bi",
                    "gdl": [
                      {
                        "v": "mu",
                        "id": "P230751.11.2.0",
                        "break": "damaged",
                        "ho": "1",
                        "delim": "-",
                        "hc": "1"
                      },
                      {
                        "v": "bi",
                        "id": "P230751.11.2.1"
                      }
                    ],
                    "cf": "mu",
                    "gw": "year",
                    "sense": "year",
                    "norm0": "mu,bi",
                    "pos": "N",
                    "epos": "N",
                    "base": "mu",
                    "morph": "~,bi"
                  }
                },
                {
                  "node": "d",
                  "type": "nonx",
                  "ref": "P230751.12",
                  "strict": "1",
                  "extent": "rest",
                  "scope": "column",
                  "state": "missing"
                },
                {
                  "node": "d",
                  "subtype": "column 2o '",
                  "type": "column",
                  "ref": "P230751.o.ii_.13",
                  "n": "2",
                  "label": "o ii'"
                },
                {
                  "node": "d",
                  "type": "line-start",
                  "ref": "P230751.14",
                  "n": "1'",
                  "label": "o ii' 1'"
                },
                {
                  "node": "c",
                  "type": "phrase",
                  "tag": "phr",
                  "id": "P230751.U5",
                  "ref": "P230751.ls00001",
                  "cdl": [
                    {
                      "node": "l",
                      "frag": "šu",
                      "id": "P230751.l00a1f",
                      "ref": "P230751.14.1",
                      "inst": "šu[hand]N",
                      "sig": "@obmc%sux:šu=šu[hand//hand]N'N$šu/šu#~",
                      "f": {
                        "lang": "sux",
                        "form": "šu",
                        "delim": "",
                        "gdl": [
                          {
                            "v": "šu",
                            "id": "P230751.14.1.0"
                          }
                        ],
                        "cf": "šu",
                        "gw": "hand",
                        "sense": "hand",
                        "norm0": "šu",
                        "pos": "N",
                        "epos": "N",
                        "base": "šu",
                        "morph": "~"
                      }
                    },
                    {
                      "node": "l",
                      "frag": "⸢ba-an⸣-[ti]",
                      "id": "P230751.l00a20",
                      "ref": "P230751.14.2",
                      "inst": "teŋ[approach]V/i",
                      "sig": "@obmc%sux:ba-an-ti=teŋ[approach//approach]V/i'V/i$ba.n:teŋ/teŋ₄#ba.n:~",
                      "f": {
                        "lang": "sux",
                        "form": "ba-an-ti",
                        "gdl": [
                          {
                            "v": "ba",
                            "id": "P230751.14.2.0",
                            "break": "damaged",
                            "ho": "1",
                            "delim": "-"
                          },
                          {
                            "v": "an",
                            "id": "P230751.14.2.1",
                            "break": "damaged",
                            "delim": "-",
                            "hc": "1"
                          },
                          {
                            "v": "ti",
                            "id": "P230751.14.2.2",
                            "breakStart": "1",
                            "o": "]",
                            "break": "missing",
                            "breakEnd": "P230751.14.2.2"
                          }
                        ],
                        "cf": "teŋ",
                        "gw": "approach",
                        "sense": "approach",
                        "norm0": "ba.n:teŋ",
                        "pos": "V/i",
                        "epos": "V/i",
                        "base": "teŋ₄",
                        "morph": "ba.n:~"
                      }
                    }
                  ]
                },
                {
                  "node": "d",
                  "type": "line-start",
                  "ref": "P230751.15",
                  "n": "2'",
                  "label": "o ii' 2'"
                },
                {
                  "node": "l",
                  "frag": "ki",
                  "id": "P230751.l00a21",
                  "ref": "P230751.15.1",
                  "inst": "ki[place]N",
                  "sig": "@obmc%sux:ki=ki[place//place]N'N$ki/ki#~",
                  "f": {
                    "lang": "sux",
                    "form": "ki",
                    "delim": "",
                    "gdl": [
                      {
                        "v": "ki",
                        "id": "P230751.15.1.0"
                      }
                    ],
                    "cf": "ki",
                    "gw": "place",
                    "sense": "place",
                    "norm0": "ki",
                    "pos": "N",
                    "epos": "N",
                    "base": "ki",
                    "morph": "~"
                  }
                },
                {
                  "node": "l",
                  "frag": "uludin-⸢bi⸣-[še₃]",
                  "id": "P230751.l00a22",
                  "ref": "P230751.15.2",
                  "inst": "uludin[form]N",
                  "sig": "@obmc%sux:uludin-bi-še₃=uludin[form//form]N'N$uludin,bi.eše/uludin#~,bi.eše",
                  "f": {
                    "lang": "sux",
                    "form": "uludin-bi-še₃",
                    "gdl": [
                      {
                        "v": "uludin",
                        "id": "P230751.15.2.0",
                        "delim": "-"
                      },
                      {
                        "v": "bi",
                        "id": "P230751.15.2.1",
                        "break": "damaged",
                        "ho": "1",
                        "delim": "-",
                        "hc": "1"
                      },
                      {
                        "v": "še₃",
                        "id": "P230751.15.2.2",
                        "breakStart": "1",
                        "o": "]",
                        "break": "missing",
                        "breakEnd": "P230751.15.2.2"
                      }
                    ],
                    "cf": "uludin",
                    "gw": "form",
                    "sense": "form",
                    "norm0": "uludin,bi.eše",
                    "pos": "N",
                    "epos": "N",
                    "base": "uludin",
                    "morph": "~,bi.eše"
                  }
                },
                {
                  "node": "d",
                  "type": "line-start",
                  "ref": "P230751.16",
                  "n": "3'",
                  "label": "o ii' 3'"
                },
                {
                  "node": "l",
                  "frag": "gur-ru-dam",
                  "id": "P230751.l00a23",
                  "ref": "P230751.16.1",
                  "inst": "gur[to turn, return, come back]V/i",
                  "sig": "@obmc%sux:gur-ru-dam=gur[turn//to return]V/i'V/t$gur;ed.am/gur+-ru=r.u#~;ed.am",
                  "f": {
                    "lang": "sux",
                    "form": "gur-ru-dam",
                    "gdl": [
                      {
                        "v": "gur",
                        "id": "P230751.16.1.0",
                        "delim": "-"
                      },
                      {
                        "v": "ru",
                        "id": "P230751.16.1.1",
                        "delim": "-"
                      },
                      {
                        "v": "dam",
                        "id": "P230751.16.1.2"
                      }
                    ],
                    "cf": "gur",
                    "gw": "turn",
                    "sense": "to return",
                    "norm0": "gur;ed.am",
                    "pos": "V/i",
                    "epos": "V/t",
                    "base": "gur",
                    "cont": "-ru=r.u",
                    "morph": "~;ed.am"
                  }
                },
                {
                  "node": "d",
                  "type": "line-start",
                  "ref": "P230751.17",
                  "n": "4'",
                  "label": "o ii' 4'"
                },
                {
                  "node": "l",
                  "frag": "tukum-bi",
                  "id": "P230751.l00a24",
                  "ref": "P230751.17.1",
                  "inst": "tukumbi[if]CNJ",
                  "sig": "@obmc%sux:tukum-bi=tukumbi[if//if]CNJ'CNJ$tukumbi/tukum-bi#~",
                  "f": {
                    "lang": "sux",
                    "form": "tukum-bi",
                    "gdl": [
                      {
                        "v": "tukum",
                        "id": "P230751.17.1.0",
                        "delim": "-"
                      },
                      {
                        "v": "bi",
                        "id": "P230751.17.1.1"
                      }
                    ],
                    "cf": "tukumbi",
                    "gw": "if",
                    "sense": "if",
                    "norm0": "tukumbi",
                    "pos": "CNJ",
                    "epos": "CNJ",
                    "base": "tukum-bi",
                    "morph": "~"
                  }
                },
                {
                  "node": "d",
                  "type": "line-start",
                  "ref": "P230751.18",
                  "n": "5'",
                  "label": "o ii' 5'"
                },
                {
                  "node": "l",
                  "frag": "ki",
                  "id": "P230751.l00a25",
                  "ref": "P230751.18.1",
                  "inst": "ki[place]N",
                  "sig": "@obmc%sux:ki=ki[place//place]N'N$ki/ki#~",
                  "f": {
                    "lang": "sux",
                    "form": "ki",
                    "delim": "",
                    "gdl": [
                      {
                        "v": "ki",
                        "id": "P230751.18.1.0"
                      }
                    ],
                    "cf": "ki",
                    "gw": "place",
                    "sense": "place",
                    "norm0": "ki",
                    "pos": "N",
                    "epos": "N",
                    "base": "ki",
                    "morph": "~"
                  }
                },
                {
                  "node": "l",
                  "frag": "uludin-bi-še₃",
                  "id": "P230751.l00a26",
                  "ref": "P230751.18.2",
                  "inst": "uludin[form]N",
                  "sig": "@obmc%sux:uludin-bi-še₃=uludin[form//form]N'N$uludin,bi.eše/uludin#~,bi.eše",
                  "f": {
                    "lang": "sux",
                    "form": "uludin-bi-še₃",
                    "gdl": [
                      {
                        "v": "uludin",
                        "id": "P230751.18.2.0",
                        "delim": "-"
                      },
                      {
                        "v": "bi",
                        "id": "P230751.18.2.1",
                        "delim": "-"
                      },
                      {
                        "v": "še₃",
                        "id": "P230751.18.2.2"
                      }
                    ],
                    "cf": "uludin",
                    "gw": "form",
                    "sense": "form",
                    "norm0": "uludin,bi.eše",
                    "pos": "N",
                    "epos": "N",
                    "base": "uludin",
                    "morph": "~,bi.eše"
                  }
                },
                {
                  "node": "d",
                  "type": "line-start",
                  "ref": "P230751.19",
                  "n": "6'",
                  "label": "o ii' 6'"
                },
                {
                  "node": "l",
                  "frag": "la-ba-an-gur",
                  "id": "P230751.l00a27",
                  "ref": "P230751.19.1",
                  "inst": "gur[return]V/t",
                  "sig": "@obmc%sux:la-ba-an-gur=gur[turn//to return]V/i'V/t$nu.ba.n:gur/gur#nu.ba.n:~",
                  "f": {
                    "lang": "sux",
                    "form": "la-ba-an-gur",
                    "gdl": [
                      {
                        "v": "la",
                        "id": "P230751.19.1.0",
                        "delim": "-"
                      },
                      {
                        "v": "ba",
                        "id": "P230751.19.1.1",
                        "delim": "-"
                      },
                      {
                        "v": "an",
                        "id": "P230751.19.1.2",
                        "delim": "-"
                      },
                      {
                        "v": "gur",
                        "id": "P230751.19.1.3"
                      }
                    ],
                    "cf": "gur",
                    "gw": "turn",
                    "sense": "to return",
                    "norm0": "nu.ba.n:gur",
                    "pos": "V/i",
                    "epos": "V/t",
                    "base": "gur",
                    "morph": "nu.ba.n:~"
                  }
                },
                {
                  "node": "d",
                  "type": "line-start",
                  "ref": "P230751.20",
                  "n": "7'",
                  "label": "o ii' 7'"
                },
                {
                  "node": "l",
                  "frag": "še",
                  "id": "P230751.l00a28",
                  "ref": "P230751.20.1",
                  "inst": "še[barley]N",
                  "sig": "@obmc%sux:še=še[barley//barley]N'N$še/še#~",
                  "f": {
                    "lang": "sux",
                    "form": "še",
                    "delim": "",
                    "gdl": [
                      {
                        "v": "še",
                        "id": "P230751.20.1.0"
                      }
                    ],
                    "cf": "še",
                    "gw": "barley",
                    "sense": "barley",
                    "norm0": "še",
                    "pos": "N",
                    "epos": "N",
                    "base": "še",
                    "morph": "~"
                  }
                },
                {
                  "node": "l",
                  "frag": "maš₂",
                  "id": "P230751.l00a29",
                  "ref": "P230751.20.2",
                  "inst": "maš[interest (on a loan)]N",
                  "sig": "@obmc%sux:maš₂=maš[interest//interest (on a loan)]N'N$maš/maš₂#~",
                  "f": {
                    "lang": "sux",
                    "form": "maš₂",
                    "delim": "",
                    "gdl": [
                      {
                        "v": "maš₂",
                        "id": "P230751.20.2.0"
                      }
                    ],
                    "cf": "maš",
                    "gw": "interest",
                    "sense": "interest (on a loan)",
                    "norm0": "maš",
                    "pos": "N",
                    "epos": "N",
                    "base": "maš₂",
                    "morph": "~"
                  }
                },
                {
                  "node": "l",
                  "frag": "ŋa₂-ŋa₂-dam",
                  "id": "P230751.l00a2a",
                  "ref": "P230751.20.3",
                  "inst": "ŋar[to place on, put on]V/t",
                  "sig": "@obmc%sux:ŋa₂-ŋa₂-dam=ŋar[place//to place on, put on]V/t'V/t$ŋar;de,am/ŋa₂-ŋa₂#~;de,am",
                  "f": {
                    "lang": "sux",
                    "form": "ŋa₂-ŋa₂-dam",
                    "gdl": [
                      {
                        "v": "ŋa₂",
                        "id": "P230751.20.3.0",
                        "delim": "-"
                      },
                      {
                        "v": "ŋa₂",
                        "id": "P230751.20.3.1",
                        "delim": "-"
                      },
                      {
                        "v": "dam",
                        "id": "P230751.20.3.2"
                      }
                    ],
                    "cf": "ŋar",
                    "gw": "place",
                    "sense": "to place on, put on",
                    "norm0": "ŋar;de,am",
                    "pos": "V/t",
                    "epos": "V/t",
                    "base": "ŋa₂-ŋa₂",
                    "morph": "~;de,am"
                  }
                },
                {
                  "node": "d",
                  "type": "nonx",
                  "ref": "P230751.21",
                  "strict": "1",
                  "extent": "2",
                  "scope": "line",
                  "state": "ruling"
                },
                {
                  "node": "d",
                  "type": "line-start",
                  "ref": "P230751.22",
                  "n": "8'",
                  "label": "o ii' 8'"
                },
                {
                  "node": "l",
                  "frag": "3(aš)",
                  "id": "P230751.l00a2b",
                  "ref": "P230751.22.1",
                  "inst": "n",
                  "f": {
                    "lang": "sux",
                    "form": "3(aš)",
                    "delim": "",
                    "gdl": [
                      {
                        "n": "n",
                        "form": "3(aš)",
                        "id": "P230751.22.1.0",
                        "seq": [
                          {
                            "r": "3"
                          },
                          {
                            "v": "aš"
                          }
                        ]
                      }
                    ],
                    "pos": "n"
                  }
                },
                {
                  "node": "l",
                  "frag": "2(barig)",
                  "id": "P230751.l00a2c",
                  "ref": "P230751.22.2",
                  "inst": "n",
                  "f": {
                    "lang": "sux",
                    "form": "2(barig)",
                    "delim": "",
                    "gdl": [
                      {
                        "n": "n",
                        "form": "2(barig)",
                        "id": "P230751.22.2.0",
                        "seq": [
                          {
                            "r": "2"
                          },
                          {
                            "v": "barig"
                          }
                        ]
                      }
                    ],
                    "pos": "n"
                  }
                },
                {
                  "node": "l",
                  "frag": "3(ban₂)",
                  "id": "P230751.l00a2d",
                  "ref": "P230751.22.3",
                  "inst": "n",
                  "f": {
                    "lang": "sux",
                    "form": "3(ban₂)",
                    "delim": "",
                    "gdl": [
                      {
                        "n": "n",
                        "form": "3(ban₂)",
                        "id": "P230751.22.3.0",
                        "seq": [
                          {
                            "r": "3"
                          },
                          {
                            "v": "ban₂"
                          }
                        ]
                      }
                    ],
                    "pos": "n"
                  }
                },
                {
                  "node": "l",
                  "frag": "še",
                  "id": "P230751.l00a2e",
                  "ref": "P230751.22.4",
                  "inst": "še[barley]N",
                  "sig": "@obmc%sux:še=še[barley//barley]N'N$še/še#~",
                  "f": {
                    "lang": "sux",
                    "form": "še",
                    "delim": "",
                    "gdl": [
                      {
                        "v": "še",
                        "id": "P230751.22.4.0"
                      }
                    ],
                    "cf": "še",
                    "gw": "barley",
                    "sense": "barley",
                    "norm0": "še",
                    "pos": "N",
                    "epos": "N",
                    "base": "še",
                    "morph": "~"
                  }
                },
                {
                  "node": "l",
                  "frag": "⸢gur⸣",
                  "id": "P230751.l00a2f",
                  "ref": "P230751.22.5",
                  "inst": "gur[unit of capacity]N",
                  "sig": "@obmc%sux:gur=gur[unit//unit of capacity]N'N$gur/gur#~",
                  "f": {
                    "lang": "sux",
                    "form": "gur",
                    "gdl": [
                      {
                        "v": "gur",
                        "id": "P230751.22.5.0",
                        "break": "damaged",
                        "ho": "1",
                        "hc": "1"
                      }
                    ],
                    "cf": "gur",
                    "gw": "unit",
                    "sense": "unit of capacity",
                    "norm0": "gur",
                    "pos": "N",
                    "epos": "N",
                    "base": "gur",
                    "morph": "~"
                  }
                },
                {
                  "node": "d",
                  "type": "line-start",
                  "ref": "P230751.23",
                  "n": "9'",
                  "label": "o ii' 9'"
                },
                {
                  "node": "l",
                  "frag": "maš₂-bi",
                  "id": "P230751.l00a30",
                  "ref": "P230751.23.1",
                  "inst": "maš[interest (on a loan)]N",
                  "sig": "@obmc%sux:maš₂-bi=maš[interest//interest (on a loan)]N'N$maš,bi/maš₂#~,bi",
                  "f": {
                    "lang": "sux",
                    "form": "maš₂-bi",
                    "delim": "",
                    "gdl": [
                      {
                        "v": "maš₂",
                        "id": "P230751.23.1.0",
                        "delim": "-"
                      },
                      {
                        "v": "bi",
                        "id": "P230751.23.1.1"
                      }
                    ],
                    "cf": "maš",
                    "gw": "interest",
                    "sense": "interest (on a loan)",
                    "norm0": "maš,bi",
                    "pos": "N",
                    "epos": "N",
                    "base": "maš₂",
                    "morph": "~,bi"
                  }
                },
                {
                  "node": "l",
                  "frag": "[...]",
                  "id": "P230751.l00a31",
                  "ref": "P230751.23.2",
                  "inst": "u",
                  "f": {
                    "lang": "sux",
                    "form": "x",
                    "gdl": [
                      {
                        "x": "ellipsis",
                        "id": "P230751.23.2.0",
                        "breakStart": "1",
                        "break": "missing",
                        "o": "]",
                        "breakEnd": "P230751.23.2.0"
                      }
                    ],
                    "pos": "u"
                  }
                },
                {
                  "node": "d",
                  "type": "line-start",
                  "ref": "P230751.24",
                  "n": "10'",
                  "label": "o ii' 10'"
                },
                {
                  "node": "l",
                  "frag": "⸢x⸣",
                  "id": "P230751.l00a32",
                  "ref": "P230751.24.1",
                  "inst": "%sux:x=",
                  "f": {
                    "lang": "sux",
                    "form": "x",
                    "delim": "",
                    "gdl": [
                      {
                        "v": "x",
                        "id": "P230751.24.1.0",
                        "break": "damaged",
                        "ho": "1",
                        "hc": "1"
                      }
                    ]
                  }
                },
                {
                  "node": "l",
                  "frag": "[...]",
                  "id": "P230751.l00a33",
                  "ref": "P230751.24.2",
                  "inst": "%sux:x=",
                  "f": {
                    "lang": "sux",
                    "form": "x",
                    "gdl": [
                      {
                        "x": "ellipsis",
                        "id": "P230751.24.2.0",
                        "breakStart": "1",
                        "break": "missing",
                        "o": "]",
                        "breakEnd": "P230751.24.2.0"
                      }
                    ]
                  }
                },
                {
                  "node": "d",
                  "type": "nonx",
                  "ref": "P230751.25",
                  "strict": "1",
                  "extent": "rest",
                  "scope": "column",
                  "state": "missing"
                }
              ]
            }
          ]
        }
      ]
    },
    {
      "linkbase": [
        {
          "type": "linkset",
          "xlink_title": "šu teŋ[accept//to accept]V/t'V/t",
          "id": "P230751.ls00000",
          "xlink_type": "extended",
          "xlink_role": "psu",
          "sig": "{šu ba-an-ti = šu[hand]N teŋ[approach]V/i += šu teŋ[accept//to accept]V/t'V/t}::@obmc%sux:šu=šu[hand//hand]N'N$šu/šu#~++@obmc%sux:ba-an-ti=teŋ[approach//to approach]V/i'V/i$ba.n:teŋ/teŋ₄#ba.n:~",
          "links": [
            {
              "type": "link",
              "xlink_title": "šu",
              "xlink_type": "locator",
              "xlink_href": "#P230751.l00a13",
              "xlink_role": "elt"
            },
            {
              "type": "link",
              "xlink_title": "teŋ",
              "xlink_type": "locator",
              "xlink_href": "#P230751.l00a14",
              "xlink_role": "elt"
            }
          ]
        },
        {
          "type": "linkset",
          "xlink_title": "šu teŋ[accept//to accept]V/t'V/t",
          "id": "P230751.ls00001",
          "xlink_type": "extended",
          "xlink_role": "psu",
          "sig": "{šu ba-an-ti = šu[hand]N teŋ[approach]V/i += šu teŋ[accept//to accept]V/t'V/t}::@obmc%sux:šu=šu[hand//hand]N'N$šu/šu#~++@obmc%sux:ba-an-ti=teŋ[approach//to approach]V/i'V/i$ba.n:teŋ/teŋ₄#ba.n:~",
          "links": [
            {
              "type": "link",
              "xlink_title": "šu",
              "xlink_type": "locator",
              "xlink_href": "#P230751.l00a1f",
              "xlink_role": "elt"
            },
            {
              "type": "link",
              "xlink_title": "teŋ",
              "xlink_type": "locator",
              "xlink_href": "#P230751.l00a20",
              "xlink_role": "elt"
            }
          ]
        }
      ]
    }
  ]
}
