{
  "type": "cdl",
  "project": "obmc",
  "source": "http://oracc.org/obmc",
  "license": "This data is released under the CC0 license",
  "license-url": "https://creativecommons.org/publicdomain/zero/1.0/",
  "more-info": "http://oracc.org/doc/opendata/",
  "UTC-timestamp": "2019-02-04T17:10:39",
  "textid": "P230746",
  "cdl": [
    {
      "node": "c",
      "type": "text",
      "id": "P230746.U0",
      "cdl": [
        {
          "node": "d",
          "subtype": "tablet",
          "type": "tablet",
          "ref": "P230746.x55.1",
          "label": "x55"
        },
        {
          "node": "d",
          "subtype": "obverse",
          "type": "obverse",
          "ref": "P230746.o.2",
          "label": "o"
        },
        {
          "node": "c",
          "type": "discourse",
          "subtype": "body",
          "id": "P230746.U1",
          "cdl": [
            {
              "node": "c",
              "type": "sentence",
              "implicit": "yes",
              "id": "P230746.U2",
              "label": "o 1 - r 13",
              "cdl": [
                {
                  "node": "d",
                  "type": "line-start",
                  "ref": "P230746.3",
                  "n": "1",
                  "label": "o 1"
                },
                {
                  "node": "l",
                  "frag": "1",
                  "id": "P230746.l00a8b",
                  "ref": "P230746.3.1",
                  "inst": "n",
                  "f": {
                    "lang": "sux",
                    "form": "1",
                    "delim": "",
                    "gdl": [
                      {
                        "n": "n",
                        "sexified": "1(diš)",
                        "form": "1",
                        "id": "P230746.3.1.0",
                        "seq": [
                          {
                            "r": "1"
                          }
                        ]
                      }
                    ],
                    "pos": "n"
                  }
                },
                {
                  "node": "l",
                  "frag": "saŋ-⸢munus⸣",
                  "id": "P230746.l00a8c",
                  "ref": "P230746.3.2",
                  "inst": "saŋmunus[woman]N",
                  "sig": "@obmc%sux:saŋ-munus=saŋmunus[woman//woman]N'N$saŋmunus/saŋ-munus#~",
                  "f": {
                    "lang": "sux",
                    "form": "saŋ-munus",
                    "gdl": [
                      {
                        "v": "saŋ",
                        "id": "P230746.3.2.0",
                        "delim": "-"
                      },
                      {
                        "v": "munus",
                        "id": "P230746.3.2.1",
                        "break": "damaged",
                        "ho": "1",
                        "hc": "1"
                      }
                    ],
                    "cf": "saŋmunus",
                    "gw": "woman",
                    "sense": "woman",
                    "norm0": "saŋmunus",
                    "pos": "N",
                    "epos": "N",
                    "base": "saŋ-munus",
                    "morph": "~"
                  }
                },
                {
                  "node": "d",
                  "type": "line-start",
                  "ref": "P230746.4",
                  "n": "2",
                  "label": "o 2"
                },
                {
                  "node": "l",
                  "frag": "iš₈-tar₂-⸢en-nam⸣",
                  "id": "P230746.l00a8d",
                  "ref": "P230746.4.1",
                  "inst": "Ištar-ennam[]PN/iš₈-tar₂-en-nam#~",
                  "sig": "@obmc%sux:iš₈-tar₂-en-nam=Ištar-ennam[1//1]PN'PN$Ištar-ennam/iš₈-tar₂-en-nam#~",
                  "f": {
                    "lang": "sux",
                    "form": "iš₈-tar₂-en-nam",
                    "delim": "",
                    "gdl": [
                      {
                        "v": "iš₈",
                        "id": "P230746.4.1.0",
                        "delim": "-"
                      },
                      {
                        "v": "tar₂",
                        "id": "P230746.4.1.1",
                        "delim": "-"
                      },
                      {
                        "v": "en",
                        "id": "P230746.4.1.2",
                        "break": "damaged",
                        "ho": "1",
                        "delim": "-"
                      },
                      {
                        "v": "nam",
                        "id": "P230746.4.1.3",
                        "break": "damaged",
                        "hc": "1"
                      }
                    ],
                    "cf": "Ištar-ennam",
                    "gw": "1",
                    "sense": "1",
                    "norm0": "Ištar-ennam",
                    "pos": "PN",
                    "epos": "PN",
                    "base": "iš₈-tar₂-en-nam",
                    "morph": "~"
                  }
                },
                {
                  "node": "l",
                  "frag": "mu-ni-[im]",
                  "id": "P230746.l00a8e",
                  "ref": "P230746.4.2",
                  "inst": "mu[name]N",
                  "sig": "@obmc%sux:mu-ni-im=mu[name//name]N'N$mu,ani.am/mu#~,ani.am",
                  "f": {
                    "lang": "sux",
                    "form": "mu-ni-im",
                    "gdl": [
                      {
                        "v": "mu",
                        "id": "P230746.4.2.0",
                        "delim": "-"
                      },
                      {
                        "v": "ni",
                        "id": "P230746.4.2.1",
                        "delim": "-"
                      },
                      {
                        "v": "im",
                        "id": "P230746.4.2.2",
                        "breakStart": "1",
                        "o": "]",
                        "break": "missing",
                        "breakEnd": "P230746.4.2.2"
                      }
                    ],
                    "cf": "mu",
                    "gw": "name",
                    "sense": "name",
                    "norm0": "mu,ani.am",
                    "pos": "N",
                    "epos": "N",
                    "base": "mu",
                    "morph": "~,ani.am"
                  }
                },
                {
                  "node": "d",
                  "type": "line-start",
                  "ref": "P230746.5",
                  "n": "3",
                  "label": "o 3"
                },
                {
                  "node": "l",
                  "frag": "geme₂",
                  "id": "P230746.l00a8f",
                  "ref": "P230746.5.1",
                  "inst": "geme[female servant, slave]N",
                  "sig": "@obmc%sux:geme₂=geme[worker//female servant, slave]N'N$geme/geme₂#~",
                  "f": {
                    "lang": "sux",
                    "form": "geme₂",
                    "delim": "",
                    "gdl": [
                      {
                        "v": "geme₂",
                        "id": "P230746.5.1.0"
                      }
                    ],
                    "cf": "geme",
                    "gw": "worker",
                    "sense": "female servant, slave",
                    "norm0": "geme",
                    "pos": "N",
                    "epos": "N",
                    "base": "geme₂",
                    "morph": "~"
                  }
                },
                {
                  "node": "l",
                  "frag": "lugal-⸢a-ma-ru⸣",
                  "id": "P230746.l00a90",
                  "ref": "P230746.5.2",
                  "inst": "Lugal-amaru[1]PN",
                  "sig": "@obmc%sux:lugal-a-ma-ru=Lugal-amaru[1//1]PN'PN$Lugal-amaru/lugal-a-ma-ru#~",
                  "f": {
                    "lang": "sux",
                    "form": "lugal-a-ma-ru",
                    "gdl": [
                      {
                        "v": "lugal",
                        "id": "P230746.5.2.0",
                        "delim": "-"
                      },
                      {
                        "v": "a",
                        "id": "P230746.5.2.1",
                        "break": "damaged",
                        "ho": "1",
                        "delim": "-"
                      },
                      {
                        "v": "ma",
                        "id": "P230746.5.2.2",
                        "break": "damaged",
                        "delim": "-"
                      },
                      {
                        "v": "ru",
                        "id": "P230746.5.2.3",
                        "break": "damaged",
                        "hc": "1"
                      }
                    ],
                    "cf": "Lugal-amaru",
                    "gw": "1",
                    "sense": "1",
                    "norm0": "Lugal-amaru",
                    "pos": "PN",
                    "epos": "PN",
                    "base": "lugal-a-ma-ru",
                    "morph": "~"
                  }
                },
                {
                  "node": "d",
                  "type": "line-start",
                  "ref": "P230746.6",
                  "n": "4",
                  "label": "o 4"
                },
                {
                  "node": "l",
                  "frag": "ama-⸢ar-gi₄-ni",
                  "id": "P230746.l00a91",
                  "ref": "P230746.6.1",
                  "inst": "amargi[reversion]N",
                  "sig": "@obmc%sux:ama-ar-gi₄-ni=amargi[reversion//reversion]N'N$amargi,ani/ama-ar-gi₄#~,ani",
                  "f": {
                    "lang": "sux",
                    "form": "ama-ar-gi₄-ni",
                    "delim": "",
                    "gdl": [
                      {
                        "v": "ama",
                        "id": "P230746.6.1.0",
                        "delim": "-"
                      },
                      {
                        "v": "ar",
                        "id": "P230746.6.1.1",
                        "break": "damaged",
                        "ho": "1",
                        "delim": "-"
                      },
                      {
                        "v": "gi₄",
                        "id": "P230746.6.1.2",
                        "break": "damaged",
                        "delim": "-"
                      },
                      {
                        "v": "ni",
                        "id": "P230746.6.1.3",
                        "break": "damaged"
                      }
                    ],
                    "cf": "amargi",
                    "gw": "reversion",
                    "sense": "reversion",
                    "norm0": "amargi,ani",
                    "pos": "N",
                    "epos": "N",
                    "base": "ama-ar-gi₄",
                    "morph": "~,ani"
                  }
                },
                {
                  "node": "l",
                  "frag": "in-ŋar⸣",
                  "id": "P230746.l00a92",
                  "ref": "P230746.6.2",
                  "inst": "ŋar[to place on, put on]V/t",
                  "sig": "@obmc%sux:in-ŋar=ŋar[place//to place on, put on]V/t'V/t$V.n:ŋar/ŋar#V.n:~",
                  "f": {
                    "lang": "sux",
                    "form": "in-ŋar",
                    "gdl": [
                      {
                        "v": "in",
                        "id": "P230746.6.2.0",
                        "break": "damaged",
                        "delim": "-"
                      },
                      {
                        "v": "ŋar",
                        "id": "P230746.6.2.1",
                        "break": "damaged",
                        "hc": "1"
                      }
                    ],
                    "cf": "ŋar",
                    "gw": "place",
                    "sense": "to place on, put on",
                    "norm0": "V.n:ŋar",
                    "pos": "V/t",
                    "epos": "V/t",
                    "base": "ŋar",
                    "morph": "V.n:~"
                  }
                },
                {
                  "node": "d",
                  "type": "line-start",
                  "ref": "P230746.7",
                  "n": "5",
                  "label": "o 5"
                },
                {
                  "node": "l",
                  "frag": "saŋ-⸢ki-ni⸣",
                  "id": "P230746.l00a93",
                  "ref": "P230746.7.1",
                  "inst": "saŋki[forehead, brow]N",
                  "sig": "@obmc%sux:saŋ-ki-ni=saŋki[forehead//forehead, brow]N'N$saŋki,ani/saŋ-ki#~,ani",
                  "f": {
                    "lang": "sux",
                    "form": "saŋ-ki-ni",
                    "delim": "",
                    "gdl": [
                      {
                        "v": "saŋ",
                        "id": "P230746.7.1.0",
                        "delim": "-"
                      },
                      {
                        "v": "ki",
                        "id": "P230746.7.1.1",
                        "break": "damaged",
                        "ho": "1",
                        "delim": "-"
                      },
                      {
                        "v": "ni",
                        "id": "P230746.7.1.2",
                        "break": "damaged",
                        "hc": "1"
                      }
                    ],
                    "cf": "saŋki",
                    "gw": "forehead",
                    "sense": "forehead, brow",
                    "norm0": "saŋki,ani",
                    "pos": "N",
                    "epos": "N",
                    "base": "saŋ-ki",
                    "morph": "~,ani"
                  }
                },
                {
                  "node": "l",
                  "frag": "in-dadag",
                  "id": "P230746.l00a94",
                  "ref": "P230746.7.2",
                  "inst": "dadag[bright]V/i",
                  "sig": "@obmc%sux:in-dadag=dadag[bright//bright]V/i'V/i$V.n:dadag/dadag#V.n:~",
                  "f": {
                    "lang": "sux",
                    "form": "in-dadag",
                    "gdl": [
                      {
                        "v": "in",
                        "id": "P230746.7.2.0",
                        "delim": "-"
                      },
                      {
                        "v": "dadag",
                        "id": "P230746.7.2.1"
                      }
                    ],
                    "cf": "dadag",
                    "gw": "bright",
                    "sense": "bright",
                    "norm0": "V.n:dadag",
                    "pos": "V/i",
                    "epos": "V/i",
                    "base": "dadag",
                    "morph": "V.n:~"
                  }
                },
                {
                  "node": "d",
                  "type": "line-start",
                  "ref": "P230746.8",
                  "n": "6",
                  "label": "o 6"
                },
                {
                  "node": "l",
                  "frag": "dug",
                  "id": "P230746.l00a95",
                  "ref": "P230746.8.1",
                  "inst": "dug[(clay) pot]N",
                  "sig": "@obmc%sux:dug=dug[pot//(clay) pot]N'N$dug/dug#~",
                  "f": {
                    "lang": "sux",
                    "form": "dug",
                    "delim": "",
                    "gdl": [
                      {
                        "v": "dug",
                        "id": "P230746.8.1.0"
                      }
                    ],
                    "cf": "dug",
                    "gw": "pot",
                    "sense": "(clay) pot",
                    "norm0": "dug",
                    "pos": "N",
                    "epos": "N",
                    "base": "dug",
                    "morph": "~"
                  }
                },
                {
                  "node": "l",
                  "frag": "nam-geme₂-ni-še₃",
                  "id": "P230746.l00a96",
                  "ref": "P230746.8.2",
                  "inst": "namgeme[slavery]N",
                  "sig": "@obmc%sux:nam-geme₂-ni-še₃=namgeme[~worker//slavery]N'N$namgeme,ani.eše/nam-geme₂#~,ani.eše",
                  "f": {
                    "lang": "sux",
                    "form": "nam-geme₂-ni-še₃",
                    "gdl": [
                      {
                        "v": "nam",
                        "id": "P230746.8.2.0",
                        "delim": "-"
                      },
                      {
                        "v": "geme₂",
                        "id": "P230746.8.2.1",
                        "delim": "-"
                      },
                      {
                        "v": "ni",
                        "id": "P230746.8.2.2",
                        "delim": "-"
                      },
                      {
                        "v": "še₃",
                        "id": "P230746.8.2.3"
                      }
                    ],
                    "cf": "namgeme",
                    "gw": "~worker",
                    "sense": "slavery",
                    "norm0": "namgeme,ani.eše",
                    "pos": "N",
                    "epos": "N",
                    "base": "nam-geme₂",
                    "morph": "~,ani.eše"
                  }
                },
                {
                  "node": "d",
                  "type": "line-start",
                  "ref": "P230746.9",
                  "n": "7",
                  "label": "o 7"
                },
                {
                  "node": "l",
                  "frag": "in-gaz",
                  "id": "P230746.l00a97",
                  "ref": "P230746.9.1",
                  "inst": "gaz[smash]V/t",
                  "sig": "@obmc%sux:in-gaz=gaz[kill//to smash]V/t'V/t$V.n:gaz/gaz#V.n:~",
                  "f": {
                    "lang": "sux",
                    "form": "in-gaz",
                    "gdl": [
                      {
                        "v": "in",
                        "id": "P230746.9.1.0",
                        "delim": "-"
                      },
                      {
                        "v": "gaz",
                        "id": "P230746.9.1.1"
                      }
                    ],
                    "cf": "gaz",
                    "gw": "kill",
                    "sense": "to smash",
                    "norm0": "V.n:gaz",
                    "pos": "V/t",
                    "epos": "V/t",
                    "base": "gaz",
                    "morph": "V.n:~"
                  }
                },
                {
                  "node": "d",
                  "type": "line-start",
                  "ref": "P230746.10",
                  "n": "8",
                  "label": "o 8"
                },
                {
                  "node": "l",
                  "frag": "kišib",
                  "id": "P230746.l00a98",
                  "ref": "P230746.10.1",
                  "inst": "kišib[seal]N",
                  "sig": "@obmc%sux:kišib=kišib[seal//seal]N'N$kišib/kišib#~",
                  "f": {
                    "lang": "sux",
                    "form": "kišib",
                    "delim": "",
                    "gdl": [
                      {
                        "v": "kišib",
                        "id": "P230746.10.1.0"
                      }
                    ],
                    "cf": "kišib",
                    "gw": "seal",
                    "sense": "seal",
                    "norm0": "kišib",
                    "pos": "N",
                    "epos": "N",
                    "base": "kišib",
                    "morph": "~"
                  }
                },
                {
                  "node": "l",
                  "frag": "nam-sikil-la-ni-še₃",
                  "id": "P230746.l00a99",
                  "ref": "P230746.10.2",
                  "inst": "namsikil[purity]N",
                  "sig": "@obmc%sux:nam-sikil-la-ni-še₃=namsikil[purity//purity]N'N$namsikil,ani/nam-sikil#~,ani",
                  "f": {
                    "lang": "sux",
                    "form": "nam-sikil-la-ni-še₃",
                    "gdl": [
                      {
                        "v": "nam",
                        "id": "P230746.10.2.0",
                        "delim": "-"
                      },
                      {
                        "v": "sikil",
                        "id": "P230746.10.2.1",
                        "delim": "-"
                      },
                      {
                        "v": "la",
                        "id": "P230746.10.2.2",
                        "delim": "-"
                      },
                      {
                        "v": "ni",
                        "id": "P230746.10.2.3",
                        "delim": "-"
                      },
                      {
                        "v": "še₃",
                        "id": "P230746.10.2.4"
                      }
                    ],
                    "cf": "namsikil",
                    "gw": "purity",
                    "sense": "purity",
                    "norm0": "namsikil,ani",
                    "pos": "N",
                    "epos": "N",
                    "base": "nam-sikil",
                    "morph": "~,ani"
                  }
                },
                {
                  "node": "d",
                  "type": "line-start",
                  "ref": "P230746.11",
                  "n": "9",
                  "label": "o 9"
                },
                {
                  "node": "l",
                  "frag": "in-na-an-tak₄",
                  "id": "P230746.l00a9a",
                  "ref": "P230746.11.1",
                  "inst": "taka[draw up]V/t",
                  "sig": "@obmc%sux:in-na-an-tak₄=taka[abandon//draw up]V/t'V/t$V.na.n:taka/tak₄#V.na.n:~",
                  "f": {
                    "lang": "sux",
                    "form": "in-na-an-tak₄",
                    "gdl": [
                      {
                        "v": "in",
                        "id": "P230746.11.1.0",
                        "delim": "-"
                      },
                      {
                        "v": "na",
                        "id": "P230746.11.1.1",
                        "delim": "-"
                      },
                      {
                        "v": "an",
                        "id": "P230746.11.1.2",
                        "delim": "-"
                      },
                      {
                        "v": "tak₄",
                        "id": "P230746.11.1.3"
                      }
                    ],
                    "cf": "taka",
                    "gw": "abandon",
                    "sense": "draw up",
                    "norm0": "V.na.n:taka",
                    "pos": "V/t",
                    "epos": "V/t",
                    "base": "tak₄",
                    "morph": "V.na.n:~"
                  }
                },
                {
                  "node": "d",
                  "type": "line-start",
                  "ref": "P230746.12",
                  "n": "10",
                  "label": "o 10"
                },
                {
                  "node": "l",
                  "frag": "1",
                  "id": "P230746.l00a9b",
                  "ref": "P230746.12.1",
                  "inst": "n",
                  "f": {
                    "lang": "sux",
                    "form": "1",
                    "delim": "",
                    "gdl": [
                      {
                        "n": "n",
                        "sexified": "1(diš)",
                        "form": "1",
                        "id": "P230746.12.1.0",
                        "break": "damaged",
                        "ho": "1",
                        "hc": "1",
                        "seq": [
                          {
                            "r": "1"
                          }
                        ]
                      }
                    ],
                    "pos": "n"
                  }
                },
                {
                  "node": "l",
                  "frag": "sar",
                  "id": "P230746.l00a9c",
                  "ref": "P230746.12.2",
                  "inst": "sar[a unit of area]N",
                  "sig": "@obmc%sux:sar=sar[garden//a unit of area]N'N$sar/sar#~",
                  "f": {
                    "lang": "sux",
                    "form": "sar",
                    "delim": "",
                    "gdl": [
                      {
                        "v": "sar",
                        "id": "P230746.12.2.0"
                      }
                    ],
                    "cf": "sar",
                    "gw": "garden",
                    "sense": "a unit of area",
                    "norm0": "sar",
                    "pos": "N",
                    "epos": "N",
                    "base": "sar",
                    "morph": "~"
                  }
                },
                {
                  "node": "l",
                  "frag": "e₂",
                  "id": "P230746.l00a9d",
                  "ref": "P230746.12.3",
                  "inst": "e[house]N",
                  "sig": "@obmc%sux:e₂=e[house//house]N'N$e/e₂#~",
                  "f": {
                    "lang": "sux",
                    "form": "e₂",
                    "delim": "",
                    "gdl": [
                      {
                        "v": "e₂",
                        "id": "P230746.12.3.0"
                      }
                    ],
                    "cf": "e",
                    "gw": "house",
                    "sense": "house",
                    "norm0": "e",
                    "pos": "N",
                    "epos": "N",
                    "base": "e₂",
                    "morph": "~"
                  }
                },
                {
                  "node": "l",
                  "frag": "du₃-a",
                  "id": "P230746.l00a9e",
                  "ref": "P230746.12.4",
                  "inst": "du[to build, make]V/t",
                  "sig": "@obmc%sux:du₃-a=du[build//to build, make]V/t'V/t$du;a/du₃#~;a",
                  "f": {
                    "lang": "sux",
                    "form": "du₃-a",
                    "gdl": [
                      {
                        "v": "du₃",
                        "id": "P230746.12.4.0",
                        "delim": "-"
                      },
                      {
                        "v": "a",
                        "id": "P230746.12.4.1"
                      }
                    ],
                    "cf": "du",
                    "gw": "build",
                    "sense": "to build, make",
                    "norm0": "du;a",
                    "pos": "V/t",
                    "epos": "V/t",
                    "base": "du₃",
                    "morph": "~;a"
                  }
                },
                {
                  "node": "d",
                  "type": "line-start",
                  "ref": "P230746.13",
                  "n": "11",
                  "label": "o 11"
                },
                {
                  "node": "l",
                  "frag": "⸢e₂-ad⸣-da-ni-[ka]",
                  "id": "P230746.l00a9f",
                  "ref": "P230746.13.1",
                  "inst": "+e'addak[patrimony]N/e₂-ad-da#~,ani.ak.a",
                  "sig": "@obmc%sux:e₂-ad-da-ni-ka=eʾaddak[patrimony//patrimony]N'N$eʾaddak,ani.ak.a/e₂-ad-da#~,ani.ak.a",
                  "f": {
                    "lang": "sux",
                    "form": "e₂-ad-da-ni-ka",
                    "gdl": [
                      {
                        "v": "e₂",
                        "id": "P230746.13.1.0",
                        "break": "damaged",
                        "ho": "1",
                        "delim": "-"
                      },
                      {
                        "v": "ad",
                        "id": "P230746.13.1.1",
                        "break": "damaged",
                        "delim": "-",
                        "hc": "1"
                      },
                      {
                        "v": "da",
                        "id": "P230746.13.1.2",
                        "delim": "-"
                      },
                      {
                        "v": "ni",
                        "id": "P230746.13.1.3",
                        "delim": "-"
                      },
                      {
                        "v": "ka",
                        "id": "P230746.13.1.4",
                        "breakStart": "1",
                        "o": "]",
                        "break": "missing",
                        "breakEnd": "P230746.13.1.4"
                      }
                    ],
                    "cf": "eʾaddak",
                    "gw": "patrimony",
                    "sense": "patrimony",
                    "norm0": "eʾaddak,ani.ak.a",
                    "pos": "N",
                    "epos": "N",
                    "base": "e₂-ad-da",
                    "morph": "~,ani.ak.a"
                  }
                },
                {
                  "node": "d",
                  "subtype": "reverse",
                  "type": "reverse",
                  "ref": "P230746.r.14",
                  "label": "r"
                },
                {
                  "node": "d",
                  "type": "line-start",
                  "ref": "P230746.15",
                  "n": "1",
                  "label": "r 1"
                },
                {
                  "node": "l",
                  "frag": "1",
                  "id": "P230746.l00aa0",
                  "ref": "P230746.15.1",
                  "inst": "n",
                  "f": {
                    "lang": "sux",
                    "form": "1",
                    "delim": "",
                    "gdl": [
                      {
                        "n": "n",
                        "sexified": "1(diš)",
                        "form": "1",
                        "id": "P230746.15.1.0",
                        "seq": [
                          {
                            "r": "1"
                          }
                        ]
                      }
                    ],
                    "pos": "n"
                  }
                },
                {
                  "node": "l",
                  "frag": "{na₄}kinkin",
                  "id": "P230746.l00aa1",
                  "ref": "P230746.15.2",
                  "inst": "kinkin[a small millstone]N",
                  "sig": "@obmc%sux:{na₄}kinkin=kinkin[millstone//a small millstone]N'N$kinkin/{na₄}kinkin#~",
                  "f": {
                    "lang": "sux",
                    "form": "{na₄}kinkin",
                    "delim": "",
                    "gdl": [
                      {
                        "det": "semantic",
                        "pos": "pre",
                        "seq": [
                          {
                            "v": "na₄",
                            "id": "P230746.15.2.0"
                          }
                        ]
                      },
                      {
                        "v": "kinkin",
                        "id": "P230746.15.2.1"
                      }
                    ],
                    "cf": "kinkin",
                    "gw": "millstone",
                    "sense": "a small millstone",
                    "norm0": "kinkin",
                    "pos": "N",
                    "epos": "N",
                    "base": "{na₄}kinkin",
                    "morph": "~"
                  }
                },
                {
                  "node": "l",
                  "frag": "zi-⸢bi",
                  "id": "P230746.l00aa2",
                  "ref": "P230746.15.3",
                  "inst": "zibi[a stone (used to make mills)]N",
                  "sig": "@obmc%sux:zi-bi=zibi[stone//a stone (used to make mills)]N'N$zibi/zi-bi#~",
                  "f": {
                    "lang": "sux",
                    "form": "zi-bi",
                    "delim": "",
                    "gdl": [
                      {
                        "v": "zi",
                        "id": "P230746.15.3.0",
                        "delim": "-"
                      },
                      {
                        "v": "bi",
                        "id": "P230746.15.3.1",
                        "break": "damaged",
                        "ho": "1"
                      }
                    ],
                    "cf": "zibi",
                    "gw": "stone",
                    "sense": "a stone (used to make mills)",
                    "norm0": "zibi",
                    "pos": "N",
                    "epos": "N",
                    "base": "zi-bi",
                    "morph": "~"
                  }
                },
                {
                  "node": "l",
                  "frag": "šu",
                  "id": "P230746.l00aa3",
                  "ref": "P230746.15.4",
                  "inst": "šu[hand]N",
                  "sig": "@obmc%sux:šu=šu[hand//hand]N'N$šu/šu#~",
                  "f": {
                    "lang": "sux",
                    "form": "šu",
                    "delim": "",
                    "gdl": [
                      {
                        "v": "šu",
                        "id": "P230746.15.4.0",
                        "break": "damaged"
                      }
                    ],
                    "cf": "šu",
                    "gw": "hand",
                    "sense": "hand",
                    "norm0": "šu",
                    "pos": "N",
                    "epos": "N",
                    "base": "šu",
                    "morph": "~"
                  }
                },
                {
                  "node": "l",
                  "frag": "sig₁₀-ga⸣",
                  "id": "P230746.l00aa4",
                  "ref": "P230746.15.5",
                  "inst": "sig[put]V/t",
                  "sig": "@obmc%sux:sig₁₀-ga=sig[put//put]V/t'V/t$sig;a/sig₁₀+-ga=g.a#~;a",
                  "f": {
                    "lang": "sux",
                    "form": "sig₁₀-ga",
                    "gdl": [
                      {
                        "v": "sig₁₀",
                        "id": "P230746.15.5.0",
                        "break": "damaged",
                        "delim": "-"
                      },
                      {
                        "v": "ga",
                        "id": "P230746.15.5.1",
                        "break": "damaged",
                        "hc": "1"
                      }
                    ],
                    "cf": "sig",
                    "gw": "put",
                    "sense": "put",
                    "norm0": "sig;a",
                    "pos": "V/t",
                    "epos": "V/t",
                    "base": "sig₁₀",
                    "cont": "-ga=g.a",
                    "morph": "~;a"
                  }
                },
                {
                  "node": "d",
                  "type": "line-start",
                  "ref": "P230746.16",
                  "n": "2",
                  "label": "r 2"
                },
                {
                  "node": "l",
                  "frag": "1",
                  "id": "P230746.l00aa5",
                  "ref": "P230746.16.1",
                  "inst": "n",
                  "f": {
                    "lang": "sux",
                    "form": "1",
                    "delim": "",
                    "gdl": [
                      {
                        "n": "n",
                        "sexified": "1(diš)",
                        "form": "1",
                        "id": "P230746.16.1.0",
                        "seq": [
                          {
                            "r": "1"
                          }
                        ]
                      }
                    ],
                    "pos": "n"
                  }
                },
                {
                  "node": "l",
                  "frag": "{ŋeš}banšur-zag-gu-⸢la⸣",
                  "id": "P230746.l00aa6",
                  "ref": "P230746.16.2",
                  "inst": "banšurzaggula[a cultic table]N",
                  "sig": "@obmc%sux:{ŋeš}banšur-zag-gu-la=banšurzaggula[table//a cultic table]N'N$banšurzaggula/{ŋeš}banšur-zag-gu-la#~",
                  "f": {
                    "lang": "sux",
                    "form": "{ŋeš}banšur-zag-gu-la",
                    "gdl": [
                      {
                        "det": "semantic",
                        "pos": "pre",
                        "seq": [
                          {
                            "v": "ŋeš",
                            "id": "P230746.16.2.0"
                          }
                        ]
                      },
                      {
                        "v": "banšur",
                        "id": "P230746.16.2.1",
                        "delim": "-"
                      },
                      {
                        "v": "zag",
                        "id": "P230746.16.2.2",
                        "delim": "-"
                      },
                      {
                        "v": "gu",
                        "id": "P230746.16.2.3",
                        "delim": "-"
                      },
                      {
                        "v": "la",
                        "id": "P230746.16.2.4",
                        "break": "damaged",
                        "ho": "1",
                        "hc": "1"
                      }
                    ],
                    "cf": "banšurzaggula",
                    "gw": "table",
                    "sense": "a cultic table",
                    "norm0": "banšurzaggula",
                    "pos": "N",
                    "epos": "N",
                    "base": "{ŋeš}banšur-zag-gu-la",
                    "morph": "~"
                  }
                },
                {
                  "node": "d",
                  "type": "line-start",
                  "ref": "P230746.17",
                  "n": "3",
                  "label": "r 3"
                },
                {
                  "node": "l",
                  "frag": "1",
                  "id": "P230746.l00aa7",
                  "ref": "P230746.17.1",
                  "inst": "n",
                  "f": {
                    "lang": "sux",
                    "form": "1",
                    "delim": "",
                    "gdl": [
                      {
                        "n": "n",
                        "sexified": "1(diš)",
                        "form": "1",
                        "id": "P230746.17.1.0",
                        "seq": [
                          {
                            "r": "1"
                          }
                        ]
                      }
                    ],
                    "pos": "n"
                  }
                },
                {
                  "node": "l",
                  "frag": "{ŋeš}kuŋ₅",
                  "id": "P230746.l00aa8",
                  "ref": "P230746.17.2",
                  "inst": "kuŋ[ladder]N",
                  "sig": "@obmc%sux:{ŋeš}kuŋ₅=kuŋ[stair//ladder]N'N$kuŋ/{ŋeš}kuŋ₅#~",
                  "f": {
                    "lang": "sux",
                    "form": "{ŋeš}kuŋ₅",
                    "gdl": [
                      {
                        "det": "semantic",
                        "pos": "pre",
                        "seq": [
                          {
                            "v": "ŋeš",
                            "id": "P230746.17.2.0"
                          }
                        ]
                      },
                      {
                        "v": "kuŋ₅",
                        "id": "P230746.17.2.1"
                      }
                    ],
                    "cf": "kuŋ",
                    "gw": "stair",
                    "sense": "ladder",
                    "norm0": "kuŋ",
                    "pos": "N",
                    "epos": "N",
                    "base": "{ŋeš}kuŋ₅",
                    "morph": "~"
                  }
                },
                {
                  "node": "d",
                  "type": "line-start",
                  "ref": "P230746.18",
                  "n": "4",
                  "label": "r 4"
                },
                {
                  "node": "l",
                  "frag": "1",
                  "id": "P230746.l00aa9",
                  "ref": "P230746.18.1",
                  "inst": "n",
                  "f": {
                    "lang": "sux",
                    "form": "1",
                    "delim": "",
                    "gdl": [
                      {
                        "n": "n",
                        "sexified": "1(diš)",
                        "form": "1",
                        "id": "P230746.18.1.0",
                        "seq": [
                          {
                            "r": "1"
                          }
                        ]
                      }
                    ],
                    "pos": "n"
                  }
                },
                {
                  "node": "l",
                  "frag": "{ŋeš}muru₅(|SAL.UD.<EDIN>|)za-nu-um",
                  "id": "P230746.l00aaa",
                  "ref": "P230746.18.2",
                  "inst": "murzanum[wooden object]N",
                  "sig": "@obmc%sux:{ŋeš}muru₅-za-nu-um=murzanum[wooden object//wooden object]N'N$murzanum/{ŋeš}muru₅-za-nu-um#~",
                  "f": {
                    "lang": "sux",
                    "form": "{ŋeš}muru₅-za-nu-um",
                    "gdl": [
                      {
                        "det": "semantic",
                        "pos": "pre",
                        "seq": [
                          {
                            "v": "ŋeš",
                            "id": "P230746.18.2.0"
                          }
                        ]
                      },
                      {
                        "gg": "correction",
                        "gdl_type": "correction",
                        "group": [
                          {
                            "v": "muru₅",
                            "id": "P230746.18.2.1",
                            "gdl_remarked": "1"
                          },
                          {
                            "c": "|SAL.UD.EDIN|",
                            "delim": "-",
                            "seq": [
                              {
                                "s": "SAL"
                              },
                              {
                                "o": "beside"
                              },
                              {
                                "s": "UD"
                              },
                              {
                                "o": "beside"
                              },
                              {
                                "s": "EDIN",
                                "o": ">"
                              }
                            ]
                          }
                        ]
                      },
                      {
                        "v": "za",
                        "id": "P230746.18.2.2",
                        "delim": "-"
                      },
                      {
                        "v": "nu",
                        "id": "P230746.18.2.3",
                        "delim": "-"
                      },
                      {
                        "v": "um",
                        "id": "P230746.18.2.4"
                      }
                    ],
                    "cf": "murzanum",
                    "gw": "wooden object",
                    "sense": "wooden object",
                    "norm0": "murzanum",
                    "pos": "N",
                    "epos": "N",
                    "base": "{ŋeš}muru₅-za-nu-um",
                    "morph": "~"
                  }
                },
                {
                  "node": "d",
                  "type": "line-start",
                  "ref": "P230746.19",
                  "n": "5",
                  "label": "r 5"
                },
                {
                  "node": "l",
                  "frag": "in-na-an-ba",
                  "id": "P230746.l00aab",
                  "ref": "P230746.19.1",
                  "inst": "ba[allot]V/t",
                  "sig": "@obmc%sux:in-na-an-ba=ba[allot//allot]V/t'V/t$V.na.n:ba/ba#V.na.n:~",
                  "f": {
                    "lang": "sux",
                    "form": "in-na-an-ba",
                    "gdl": [
                      {
                        "v": "in",
                        "id": "P230746.19.1.0",
                        "delim": "-"
                      },
                      {
                        "v": "na",
                        "id": "P230746.19.1.1",
                        "delim": "-"
                      },
                      {
                        "v": "an",
                        "id": "P230746.19.1.2",
                        "delim": "-"
                      },
                      {
                        "v": "ba",
                        "id": "P230746.19.1.3"
                      }
                    ],
                    "cf": "ba",
                    "gw": "allot",
                    "sense": "allot",
                    "norm0": "V.na.n:ba",
                    "pos": "V/t",
                    "epos": "V/t",
                    "base": "ba",
                    "morph": "V.na.n:~"
                  }
                },
                {
                  "node": "d",
                  "type": "line-start",
                  "ref": "P230746.20",
                  "n": "6",
                  "label": "r 6"
                },
                {
                  "node": "l",
                  "frag": "ud",
                  "id": "P230746.l00aac",
                  "ref": "P230746.20.1",
                  "inst": "ud[day]N",
                  "sig": "@obmc%sux:ud=ud[sun//day]N'N$ud/ud#~",
                  "f": {
                    "lang": "sux",
                    "form": "ud",
                    "delim": "",
                    "gdl": [
                      {
                        "v": "ud",
                        "id": "P230746.20.1.0"
                      }
                    ],
                    "cf": "ud",
                    "gw": "sun",
                    "sense": "day",
                    "norm0": "ud",
                    "pos": "N",
                    "epos": "N",
                    "base": "ud",
                    "morph": "~"
                  }
                },
                {
                  "node": "l",
                  "frag": "til₃-la-ni-še₃",
                  "id": "P230746.l00aad",
                  "ref": "P230746.20.2",
                  "inst": "til[live]V/i",
                  "sig": "@obmc%sux:til₃-la-ni-še₃=til[live//live]V/i'V/i$til;*a,ani.eše/til₃#~;*a,ani.eše",
                  "f": {
                    "lang": "sux",
                    "form": "til₃-la-ni-še₃",
                    "gdl": [
                      {
                        "v": "til₃",
                        "id": "P230746.20.2.0",
                        "delim": "-"
                      },
                      {
                        "v": "la",
                        "id": "P230746.20.2.1",
                        "delim": "-"
                      },
                      {
                        "v": "ni",
                        "id": "P230746.20.2.2",
                        "delim": "-"
                      },
                      {
                        "v": "še₃",
                        "id": "P230746.20.2.3"
                      }
                    ],
                    "cf": "til",
                    "gw": "live",
                    "sense": "live",
                    "norm0": "til;*a,ani.eše",
                    "pos": "V/i",
                    "epos": "V/i",
                    "base": "til₃",
                    "morph": "~;*a,ani.eše"
                  }
                },
                {
                  "node": "d",
                  "type": "line-start",
                  "ref": "P230746.21",
                  "n": "7",
                  "label": "r 7"
                },
                {
                  "node": "l",
                  "frag": "igi-ni-še₃",
                  "id": "P230746.l00aae",
                  "ref": "P230746.21.1",
                  "inst": "igi[face]N",
                  "sig": "@obmc%sux:igi-ni-še₃=igi[face//face]N'N$igi,ani.eše/igi#~,ani.eše",
                  "f": {
                    "lang": "sux",
                    "form": "igi-ni-še₃",
                    "delim": "",
                    "gdl": [
                      {
                        "v": "igi",
                        "id": "P230746.21.1.0",
                        "delim": "-"
                      },
                      {
                        "v": "ni",
                        "id": "P230746.21.1.1",
                        "delim": "-"
                      },
                      {
                        "v": "še₃",
                        "id": "P230746.21.1.2"
                      }
                    ],
                    "cf": "igi",
                    "gw": "face",
                    "sense": "face",
                    "norm0": "igi,ani.eše",
                    "pos": "N",
                    "epos": "N",
                    "base": "igi",
                    "morph": "~,ani.eše"
                  }
                },
                {
                  "node": "l",
                  "frag": "i₃-gub-bu",
                  "id": "P230746.l00aaf",
                  "ref": "P230746.21.2",
                  "inst": "gub[stand]V/i",
                  "sig": "@obmc%sux:i₃-gub-bu=gub[stand//stand]V/i'V/i$V:gub;e/gub#V:~;e",
                  "f": {
                    "lang": "sux",
                    "form": "i₃-gub-bu",
                    "gdl": [
                      {
                        "v": "i₃",
                        "id": "P230746.21.2.0",
                        "delim": "-"
                      },
                      {
                        "v": "gub",
                        "id": "P230746.21.2.1",
                        "delim": "-"
                      },
                      {
                        "v": "bu",
                        "id": "P230746.21.2.2"
                      }
                    ],
                    "cf": "gub",
                    "gw": "stand",
                    "sense": "stand",
                    "norm0": "V:gub;e",
                    "pos": "V/i",
                    "epos": "V/i",
                    "base": "gub",
                    "morph": "V:~;e"
                  }
                },
                {
                  "node": "d",
                  "type": "line-start",
                  "ref": "P230746.22",
                  "n": "8",
                  "label": "r 8"
                },
                {
                  "node": "l",
                  "frag": "ud",
                  "id": "P230746.l00ab0",
                  "ref": "P230746.22.1",
                  "inst": "ud[day]N",
                  "sig": "@obmc%sux:ud=ud[sun//day]N'N$ud/ud#~",
                  "f": {
                    "lang": "sux",
                    "form": "ud",
                    "delim": "",
                    "gdl": [
                      {
                        "v": "ud",
                        "id": "P230746.22.1.0"
                      }
                    ],
                    "cf": "ud",
                    "gw": "sun",
                    "sense": "day",
                    "norm0": "ud",
                    "pos": "N",
                    "epos": "N",
                    "base": "ud",
                    "morph": "~"
                  }
                },
                {
                  "node": "l",
                  "frag": "kur₂-še₃",
                  "id": "P230746.l00ab1",
                  "ref": "P230746.22.2",
                  "inst": "kur[(to be) different]V/i",
                  "sig": "@obmc%sux:kur₂-še₃=kur[different//(to be) different]V/i'V/i$kur;*a,eše/kur₂#~;*a,eše",
                  "f": {
                    "lang": "sux",
                    "form": "kur₂-še₃",
                    "delim": "",
                    "gdl": [
                      {
                        "v": "kur₂",
                        "id": "P230746.22.2.0",
                        "delim": "-"
                      },
                      {
                        "v": "še₃",
                        "id": "P230746.22.2.1"
                      }
                    ],
                    "cf": "kur",
                    "gw": "different",
                    "sense": "(to be) different",
                    "norm0": "kur;*a,eše",
                    "pos": "V/i",
                    "epos": "V/i",
                    "base": "kur₂",
                    "morph": "~;*a,eše"
                  }
                },
                {
                  "node": "l",
                  "frag": "ibila",
                  "id": "P230746.l00ab2",
                  "ref": "P230746.22.3",
                  "inst": "ibila[heir]N",
                  "sig": "@obmc%sux:ibila=ibila[heir//heir]N'N$ibila/ibila#~",
                  "f": {
                    "lang": "sux",
                    "form": "ibila",
                    "delim": "",
                    "gdl": [
                      {
                        "v": "ibila",
                        "id": "P230746.22.3.0"
                      }
                    ],
                    "cf": "ibila",
                    "gw": "heir",
                    "sense": "heir",
                    "norm0": "ibila",
                    "pos": "N",
                    "epos": "N",
                    "base": "ibila",
                    "morph": "~"
                  }
                },
                {
                  "node": "l",
                  "frag": "lugal-a-ma-ru",
                  "id": "P230746.l00ab3",
                  "ref": "P230746.22.4",
                  "inst": "Lugal-amaru[1]PN",
                  "sig": "@obmc%sux:lugal-a-ma-ru=Lugal-amaru[1//1]PN'PN$Lugal-amaru/lugal-a-ma-ru#~",
                  "f": {
                    "lang": "sux",
                    "form": "lugal-a-ma-ru",
                    "gdl": [
                      {
                        "v": "lugal",
                        "id": "P230746.22.4.0",
                        "delim": "-"
                      },
                      {
                        "v": "a",
                        "id": "P230746.22.4.1",
                        "delim": "-"
                      },
                      {
                        "v": "ma",
                        "id": "P230746.22.4.2",
                        "delim": "-"
                      },
                      {
                        "v": "ru",
                        "id": "P230746.22.4.3"
                      }
                    ],
                    "cf": "Lugal-amaru",
                    "gw": "1",
                    "sense": "1",
                    "norm0": "Lugal-amaru",
                    "pos": "PN",
                    "epos": "PN",
                    "base": "lugal-a-ma-ru",
                    "morph": "~"
                  }
                },
                {
                  "node": "d",
                  "type": "line-start",
                  "ref": "P230746.23",
                  "n": "9",
                  "label": "r 9"
                },
                {
                  "node": "l",
                  "frag": "a-na",
                  "id": "P230746.l00ab4",
                  "ref": "P230746.23.1",
                  "inst": "ana[what?]QP",
                  "sig": "@obmc%sux:a-na=ana[what?//what?]QP'QP$ana/a-na#~",
                  "f": {
                    "lang": "sux",
                    "form": "a-na",
                    "delim": "",
                    "gdl": [
                      {
                        "v": "a",
                        "id": "P230746.23.1.0",
                        "delim": "-"
                      },
                      {
                        "v": "na",
                        "id": "P230746.23.1.1"
                      }
                    ],
                    "cf": "ana",
                    "gw": "what?",
                    "sense": "what?",
                    "norm0": "ana",
                    "pos": "QP",
                    "epos": "QP",
                    "base": "a-na",
                    "morph": "~"
                  }
                },
                {
                  "node": "l",
                  "frag": "me-a-bi",
                  "id": "P230746.l00ab5",
                  "ref": "P230746.23.2",
                  "inst": "me[to be]V/i",
                  "sig": "@obmc%sux:me-a-bi=me[be//to be]V/i'V/i$me;a,bi/me#~;a,bi",
                  "f": {
                    "lang": "sux",
                    "form": "me-a-bi",
                    "delim": "",
                    "gdl": [
                      {
                        "v": "me",
                        "id": "P230746.23.2.0",
                        "delim": "-"
                      },
                      {
                        "v": "a",
                        "id": "P230746.23.2.1",
                        "delim": "-"
                      },
                      {
                        "v": "bi",
                        "id": "P230746.23.2.2"
                      }
                    ],
                    "cf": "me",
                    "gw": "be",
                    "sense": "to be",
                    "norm0": "me;a,bi",
                    "pos": "V/i",
                    "epos": "V/i",
                    "base": "me",
                    "morph": "~;a,bi"
                  }
                },
                {
                  "node": "l",
                  "frag": "{f}iš₈-tar₂-en-nam-ra",
                  "id": "P230746.l00ab6",
                  "ref": "P230746.23.3",
                  "inst": "+Ištar-ennam[]PN/{f}iš₈-tar₂-en-nam#~,ra",
                  "sig": "@obmc%sux:{f}iš₈-tar₂-en-nam-ra=Ištar-ennam[1//1]PN'PN$Ištar-ennam,ra/{f}iš₈-tar₂-en-nam#~,ra",
                  "f": {
                    "lang": "sux",
                    "form": "{f}iš₈-tar₂-en-nam-ra",
                    "delim": "",
                    "gdl": [
                      {
                        "det": "semantic",
                        "pos": "pre",
                        "seq": [
                          {
                            "v": "f",
                            "id": "P230746.23.3.0"
                          }
                        ]
                      },
                      {
                        "v": "iš₈",
                        "id": "P230746.23.3.1",
                        "delim": "-"
                      },
                      {
                        "v": "tar₂",
                        "id": "P230746.23.3.2",
                        "delim": "-"
                      },
                      {
                        "v": "en",
                        "id": "P230746.23.3.3",
                        "delim": "-"
                      },
                      {
                        "v": "nam",
                        "id": "P230746.23.3.4",
                        "delim": "-"
                      },
                      {
                        "v": "ra",
                        "id": "P230746.23.3.5"
                      }
                    ],
                    "cf": "Ištar-ennam",
                    "gw": "1",
                    "sense": "1",
                    "norm0": "Ištar-ennam,ra",
                    "pos": "PN",
                    "epos": "PN",
                    "base": "{f}iš₈-tar₂-en-nam",
                    "morph": "~,ra"
                  }
                },
                {
                  "node": "l",
                  "frag": "nam-⸢geme₂⸣-[ni-še₃]",
                  "id": "P230746.l00ab7",
                  "ref": "P230746.23.4",
                  "inst": "namgeme[slavery]N",
                  "sig": "@obmc%sux:nam-geme₂-ni-še₃=namgeme[~worker//slavery]N'N$namgeme,ani.eše/nam-geme₂#~,ani.eše",
                  "f": {
                    "lang": "sux",
                    "form": "nam-geme₂-ni-še₃",
                    "gdl": [
                      {
                        "v": "nam",
                        "id": "P230746.23.4.0",
                        "delim": "-"
                      },
                      {
                        "v": "geme₂",
                        "id": "P230746.23.4.1",
                        "break": "damaged",
                        "ho": "1",
                        "delim": "-",
                        "hc": "1"
                      },
                      {
                        "v": "ni",
                        "id": "P230746.23.4.2",
                        "breakStart": "1",
                        "o": "[",
                        "break": "missing",
                        "delim": "-"
                      },
                      {
                        "v": "še₃",
                        "id": "P230746.23.4.3",
                        "break": "missing",
                        "o": "]",
                        "breakEnd": "P230746.23.4.2"
                      }
                    ],
                    "cf": "namgeme",
                    "gw": "~worker",
                    "sense": "slavery",
                    "norm0": "namgeme,ani.eše",
                    "pos": "N",
                    "epos": "N",
                    "base": "nam-geme₂",
                    "morph": "~,ani.eše"
                  }
                },
                {
                  "node": "d",
                  "type": "line-start",
                  "ref": "P230746.24",
                  "n": "10",
                  "label": "r 10"
                },
                {
                  "node": "l",
                  "frag": "u₃",
                  "id": "P230746.l00ab8",
                  "ref": "P230746.24.1",
                  "inst": "u[and]CNJ",
                  "sig": "@obmc%sux:u₃=u[and//and]CNJ'CNJ$u/u₃#~",
                  "f": {
                    "lang": "sux",
                    "form": "u₃",
                    "delim": "",
                    "gdl": [
                      {
                        "v": "u₃",
                        "id": "P230746.24.1.0"
                      }
                    ],
                    "cf": "u",
                    "gw": "and",
                    "sense": "and",
                    "norm0": "u",
                    "pos": "CNJ",
                    "epos": "CNJ",
                    "base": "u₃",
                    "morph": "~"
                  }
                },
                {
                  "node": "l",
                  "frag": "niŋ₂-ba-ni-še₃",
                  "id": "P230746.l00ab9",
                  "ref": "P230746.24.2",
                  "inst": "niŋba[share]N",
                  "sig": "@obmc%sux:niŋ₂-ba-ni-še₃=niŋba[gift//share]N'N$niŋba,ani.eše/niŋ₂-ba#~,ani.eše",
                  "f": {
                    "lang": "sux",
                    "form": "niŋ₂-ba-ni-še₃",
                    "delim": "",
                    "gdl": [
                      {
                        "v": "niŋ₂",
                        "id": "P230746.24.2.0",
                        "delim": "-"
                      },
                      {
                        "v": "ba",
                        "id": "P230746.24.2.1",
                        "delim": "-"
                      },
                      {
                        "v": "ni",
                        "id": "P230746.24.2.2",
                        "delim": "-"
                      },
                      {
                        "v": "še₃",
                        "id": "P230746.24.2.3"
                      }
                    ],
                    "cf": "niŋba",
                    "gw": "gift",
                    "sense": "share",
                    "norm0": "niŋba,ani.eše",
                    "pos": "N",
                    "epos": "N",
                    "base": "niŋ₂-ba",
                    "morph": "~,ani.eše"
                  }
                },
                {
                  "node": "c",
                  "type": "phrase",
                  "tag": "phr",
                  "id": "P230746.U4",
                  "ref": "P230746.ls00000",
                  "cdl": [
                    {
                      "node": "l",
                      "frag": "inim",
                      "id": "P230746.l00aba",
                      "ref": "P230746.24.3",
                      "inst": "inim[matter (of affairs)]N",
                      "sig": "@obmc%sux:inim=inim[word//matter (of affairs)]N'N$inim/inim#~",
                      "f": {
                        "lang": "sux",
                        "form": "inim",
                        "delim": "",
                        "gdl": [
                          {
                            "v": "inim",
                            "id": "P230746.24.3.0"
                          }
                        ],
                        "cf": "inim",
                        "gw": "word",
                        "sense": "matter (of affairs)",
                        "norm0": "inim",
                        "pos": "N",
                        "epos": "N",
                        "base": "inim",
                        "morph": "~"
                      }
                    },
                    {
                      "node": "l",
                      "frag": "nu-un-ŋa₂-[ŋa₂-a]",
                      "id": "P230746.l00abb",
                      "ref": "P230746.24.4",
                      "inst": "+ŋar[place]/Vt/ŋa₂-ŋa₂#nu.V.n:~;a",
                      "sig": "@obmc%sux:nu-un-ŋa₂-ŋa₂-a=ŋar[place//place]V/t'V/t$nu.V.n:ŋar;a/ŋa₂-ŋa₂#nu.V.n:~;a",
                      "f": {
                        "lang": "sux",
                        "form": "nu-un-ŋa₂-ŋa₂-a",
                        "gdl": [
                          {
                            "v": "nu",
                            "id": "P230746.24.4.0",
                            "delim": "-"
                          },
                          {
                            "v": "un",
                            "id": "P230746.24.4.1",
                            "delim": "-"
                          },
                          {
                            "v": "ŋa₂",
                            "id": "P230746.24.4.2",
                            "delim": "-"
                          },
                          {
                            "v": "ŋa₂",
                            "id": "P230746.24.4.3",
                            "breakStart": "1",
                            "o": "[",
                            "break": "missing",
                            "delim": "-"
                          },
                          {
                            "v": "a",
                            "id": "P230746.24.4.4",
                            "break": "missing",
                            "o": "]",
                            "breakEnd": "P230746.24.4.3"
                          }
                        ],
                        "cf": "ŋar",
                        "gw": "place",
                        "sense": "place",
                        "norm0": "nu.V.n:ŋar;a",
                        "pos": "V/t",
                        "epos": "V/t",
                        "base": "ŋa₂-ŋa₂",
                        "morph": "nu.V.n:~;a"
                      }
                    }
                  ]
                },
                {
                  "node": "d",
                  "type": "line-start",
                  "ref": "P230746.25",
                  "n": "11",
                  "label": "r 11"
                },
                {
                  "node": "l",
                  "frag": "{m}lugal-a-ma-ru",
                  "id": "P230746.l00abc",
                  "ref": "P230746.25.1",
                  "inst": "Lugal-amaru[]PN",
                  "sig": "@obmc%sux:{m}lugal-a-ma-ru=Lugal-amaru[1//1]PN'PN$Lugal-amaru/{m}lugal-a-ma-ru#~",
                  "f": {
                    "lang": "sux",
                    "form": "{m}lugal-a-ma-ru",
                    "delim": "",
                    "gdl": [
                      {
                        "det": "semantic",
                        "pos": "pre",
                        "seq": [
                          {
                            "v": "m",
                            "id": "P230746.25.1.0"
                          }
                        ]
                      },
                      {
                        "v": "lugal",
                        "id": "P230746.25.1.1",
                        "delim": "-"
                      },
                      {
                        "v": "a",
                        "id": "P230746.25.1.2",
                        "delim": "-"
                      },
                      {
                        "v": "ma",
                        "id": "P230746.25.1.3",
                        "delim": "-"
                      },
                      {
                        "v": "ru",
                        "id": "P230746.25.1.4"
                      }
                    ],
                    "cf": "Lugal-amaru",
                    "gw": "1",
                    "sense": "1",
                    "norm0": "Lugal-amaru",
                    "pos": "PN",
                    "epos": "PN",
                    "base": "{m}lugal-a-ma-ru",
                    "morph": "~"
                  }
                },
                {
                  "node": "l",
                  "frag": "ad-da",
                  "id": "P230746.l00abd",
                  "ref": "P230746.25.2",
                  "inst": "adda[father]N",
                  "sig": "@obmc%sux:ad-da=adda[father//father]N'N$adda/ad-da#~",
                  "f": {
                    "lang": "sux",
                    "form": "ad-da",
                    "delim": "",
                    "gdl": [
                      {
                        "v": "ad",
                        "id": "P230746.25.2.0",
                        "delim": "-"
                      },
                      {
                        "v": "da",
                        "id": "P230746.25.2.1"
                      }
                    ],
                    "cf": "adda",
                    "gw": "father",
                    "sense": "father",
                    "norm0": "adda",
                    "pos": "N",
                    "epos": "N",
                    "base": "ad-da",
                    "morph": "~"
                  }
                },
                {
                  "node": "l",
                  "frag": "til₃-la",
                  "id": "P230746.l00abe",
                  "ref": "P230746.25.3",
                  "inst": "til[live]V/i",
                  "sig": "@obmc%sux:til₃-la=til[live//live]V/i'V/i$til;a/til₃#~;a",
                  "f": {
                    "lang": "sux",
                    "form": "til₃-la",
                    "gdl": [
                      {
                        "v": "til₃",
                        "id": "P230746.25.3.0",
                        "delim": "-"
                      },
                      {
                        "v": "la",
                        "id": "P230746.25.3.1"
                      }
                    ],
                    "cf": "til",
                    "gw": "live",
                    "sense": "live",
                    "norm0": "til;a",
                    "pos": "V/i",
                    "epos": "V/i",
                    "base": "til₃",
                    "morph": "~;a"
                  }
                },
                {
                  "node": "d",
                  "type": "line-start",
                  "ref": "P230746.26",
                  "n": "12",
                  "label": "r 12"
                },
                {
                  "node": "l",
                  "frag": "mu",
                  "id": "P230746.l00abf",
                  "ref": "P230746.26.1",
                  "inst": "mu[name]N",
                  "sig": "@obmc%sux:mu=mu[name//name]N'N$mu/mu#~",
                  "f": {
                    "lang": "sux",
                    "form": "mu",
                    "delim": "",
                    "gdl": [
                      {
                        "v": "mu",
                        "id": "P230746.26.1.0"
                      }
                    ],
                    "cf": "mu",
                    "gw": "name",
                    "sense": "name",
                    "norm0": "mu",
                    "pos": "N",
                    "epos": "N",
                    "base": "mu",
                    "morph": "~"
                  }
                },
                {
                  "node": "l",
                  "frag": "lugal-bi",
                  "id": "P230746.l00ac0",
                  "ref": "P230746.26.2",
                  "inst": "lugal[king]N",
                  "sig": "@obmc%sux:lugal-bi=lugal[king//king]N'N$lugal,bi/lugal#~,bi",
                  "f": {
                    "lang": "sux",
                    "form": "lugal-bi",
                    "delim": "",
                    "gdl": [
                      {
                        "v": "lugal",
                        "id": "P230746.26.2.0",
                        "delim": "-"
                      },
                      {
                        "v": "bi",
                        "id": "P230746.26.2.1"
                      }
                    ],
                    "cf": "lugal",
                    "gw": "king",
                    "sense": "king",
                    "norm0": "lugal,bi",
                    "pos": "N",
                    "epos": "N",
                    "base": "lugal",
                    "morph": "~,bi"
                  }
                },
                {
                  "node": "l",
                  "frag": "in-pad₃",
                  "id": "P230746.l00ac1",
                  "ref": "P230746.26.3",
                  "inst": "pad[swear]V/t",
                  "sig": "@obmc%sux:in-pad₃=pad[find//to swear]V/t'V/t$V.n:pad/pad₃#V.n:~",
                  "f": {
                    "lang": "sux",
                    "form": "in-pad₃",
                    "gdl": [
                      {
                        "v": "in",
                        "id": "P230746.26.3.0",
                        "delim": "-"
                      },
                      {
                        "v": "pad₃",
                        "id": "P230746.26.3.1"
                      }
                    ],
                    "cf": "pad",
                    "gw": "find",
                    "sense": "to swear",
                    "norm0": "V.n:pad",
                    "pos": "V/t",
                    "epos": "V/t",
                    "base": "pad₃",
                    "morph": "V.n:~"
                  }
                },
                {
                  "node": "d",
                  "type": "nonx",
                  "ref": "P230746.27",
                  "strict": "1",
                  "extent": "2",
                  "scope": "line",
                  "state": "ruling"
                },
                {
                  "node": "d",
                  "type": "line-start",
                  "ref": "P230746.28",
                  "n": "13",
                  "label": "r 13"
                },
                {
                  "node": "l",
                  "frag": "1",
                  "id": "P230746.l00ac2",
                  "ref": "P230746.28.1",
                  "inst": "n",
                  "f": {
                    "lang": "sux",
                    "form": "1",
                    "delim": "",
                    "gdl": [
                      {
                        "n": "n",
                        "sexified": "1(diš)",
                        "form": "1",
                        "id": "P230746.28.1.0",
                        "seq": [
                          {
                            "r": "1"
                          }
                        ]
                      }
                    ],
                    "pos": "n"
                  }
                },
                {
                  "node": "l",
                  "frag": "saŋ-munus",
                  "id": "P230746.l00ac3",
                  "ref": "P230746.28.2",
                  "inst": "saŋmunus[woman]N",
                  "sig": "@obmc%sux:saŋ-munus=saŋmunus[woman//woman]N'N$saŋmunus/saŋ-munus#~",
                  "f": {
                    "lang": "sux",
                    "form": "saŋ-munus",
                    "gdl": [
                      {
                        "v": "saŋ",
                        "id": "P230746.28.2.0",
                        "delim": "-"
                      },
                      {
                        "v": "munus",
                        "id": "P230746.28.2.1"
                      }
                    ],
                    "cf": "saŋmunus",
                    "gw": "woman",
                    "sense": "woman",
                    "norm0": "saŋmunus",
                    "pos": "N",
                    "epos": "N",
                    "base": "saŋ-munus",
                    "morph": "~"
                  }
                },
                {
                  "node": "d",
                  "type": "nonw",
                  "ref": ""
                }
              ]
            }
          ]
        }
      ]
    },
    {
      "linkbase": [
        {
          "type": "linkset",
          "xlink_title": "inim ŋar[sue//to sue, to make a legal claim]V/t'V/t",
          "id": "P230746.ls00000",
          "xlink_type": "extended",
          "xlink_role": "psu",
          "sig": "{inim nu-ŋa₂-ŋa₂-a = inim[word]N ŋar[place]V/t += inim ŋar[sue//to sue, to make a legal claim]V/t'V/t}::@obmc%sux:inim=inim[word//word]N'N$inim/inim#~++@obmc%sux:nu-ŋa₂-ŋa₂-a=ŋar[place//to place on, put on]V/t'V/t$nu:ŋar;a/ŋa₂-ŋa₂#nu:~;a",
          "links": [
            {
              "type": "link",
              "xlink_title": "inim",
              "xlink_type": "locator",
              "xlink_href": "#P230746.l00aba",
              "xlink_role": "elt"
            },
            {
              "type": "link",
              "xlink_title": "ŋar",
              "xlink_type": "locator",
              "xlink_href": "#P230746.l00abb",
              "xlink_role": "elt"
            }
          ]
        }
      ]
    }
  ]
}
