{
  "type": "cdl",
  "project": "obmc",
  "source": "http://oracc.org/obmc",
  "license": "This data is released under the CC0 license",
  "license-url": "https://creativecommons.org/publicdomain/zero/1.0/",
  "more-info": "http://oracc.org/doc/opendata/",
  "UTC-timestamp": "2019-01-31T16:12:49",
  "textid": "P230618",
  "cdl": [
    {
      "node": "c",
      "type": "text",
      "id": "P230618.U0",
      "cdl": [
        {
          "node": "d",
          "subtype": "tablet",
          "type": "tablet",
          "ref": "P230618.x23.1",
          "label": "x23"
        },
        {
          "node": "d",
          "subtype": "obverse",
          "type": "obverse",
          "ref": "P230618.o.2",
          "label": "o"
        },
        {
          "node": "d",
          "subtype": "column 1o '",
          "type": "column",
          "ref": "P230618.o.i_.3",
          "n": "1",
          "label": "o i'"
        },
        {
          "node": "c",
          "type": "discourse",
          "subtype": "body",
          "id": "P230618.U1",
          "cdl": [
            {
              "node": "c",
              "type": "sentence",
              "implicit": "yes",
              "id": "P230618.U2",
              "label": "o i' 1' - o ii' 15'",
              "cdl": [
                {
                  "node": "d",
                  "type": "line-start",
                  "ref": "P230618.4",
                  "n": "1'",
                  "label": "o i' 1'"
                },
                {
                  "node": "l",
                  "frag": "1",
                  "id": "P230618.l0043e",
                  "ref": "P230618.4.1",
                  "inst": "n",
                  "f": {
                    "lang": "sux",
                    "form": "1",
                    "delim": "",
                    "gdl": [
                      {
                        "n": "n",
                        "sexified": "1(diš)",
                        "form": "1",
                        "id": "P230618.4.1.0",
                        "breakStart": "1",
                        "o": "[",
                        "break": "missing",
                        "seq": [
                          {
                            "r": "1"
                          }
                        ]
                      }
                    ],
                    "pos": "n"
                  }
                },
                {
                  "node": "l",
                  "frag": "{na₄}kinkin",
                  "id": "P230618.l0043f",
                  "ref": "P230618.4.2",
                  "inst": "kinkin[a small millstone]N",
                  "sig": "@obmc%sux:{na₄}kinkin=kinkin[millstone//a small millstone]N'N$kinkin/{na₄}kinkin#~",
                  "f": {
                    "lang": "sux",
                    "form": "{na₄}kinkin",
                    "delim": "",
                    "gdl": [
                      {
                        "det": "semantic",
                        "pos": "pre",
                        "seq": [
                          {
                            "v": "na₄",
                            "id": "P230618.4.2.0",
                            "break": "missing"
                          }
                        ]
                      },
                      {
                        "v": "kinkin",
                        "id": "P230618.4.2.1",
                        "break": "missing"
                      }
                    ],
                    "cf": "kinkin",
                    "gw": "millstone",
                    "sense": "a small millstone",
                    "norm0": "kinkin",
                    "pos": "N",
                    "epos": "N",
                    "base": "{na₄}kinkin",
                    "morph": "~"
                  }
                },
                {
                  "node": "l",
                  "frag": "zi-bi",
                  "id": "P230618.l00440",
                  "ref": "P230618.4.3",
                  "inst": "zibi[a stone (used to make mills)]N",
                  "sig": "@obmc%sux:zi-bi=zibi[stone//a stone (used to make mills)]N'N$zibi/zi-bi#~",
                  "f": {
                    "lang": "sux",
                    "form": "zi-bi",
                    "delim": "",
                    "gdl": [
                      {
                        "v": "zi",
                        "id": "P230618.4.3.0",
                        "break": "missing",
                        "delim": "-"
                      },
                      {
                        "v": "bi",
                        "id": "P230618.4.3.1",
                        "break": "missing"
                      }
                    ],
                    "cf": "zibi",
                    "gw": "stone",
                    "sense": "a stone (used to make mills)",
                    "norm0": "zibi",
                    "pos": "N",
                    "epos": "N",
                    "base": "zi-bi",
                    "morph": "~"
                  }
                },
                {
                  "node": "l",
                  "frag": "šu]",
                  "id": "P230618.l00441",
                  "ref": "P230618.4.4",
                  "inst": "šu[hand]N",
                  "sig": "@obmc%sux:šu=šu[hand//hand]N'N$šu/šu#~",
                  "f": {
                    "lang": "sux",
                    "form": "šu",
                    "delim": "",
                    "gdl": [
                      {
                        "v": "šu",
                        "id": "P230618.4.4.0",
                        "break": "missing",
                        "o": "]",
                        "breakEnd": "P230618.4.1.0"
                      }
                    ],
                    "cf": "šu",
                    "gw": "hand",
                    "sense": "hand",
                    "norm0": "šu",
                    "pos": "N",
                    "epos": "N",
                    "base": "šu",
                    "morph": "~"
                  }
                },
                {
                  "node": "l",
                  "frag": "⸢sig₁₀⸣-ga",
                  "id": "P230618.l00442",
                  "ref": "P230618.4.5",
                  "inst": "sig[put]V/t",
                  "sig": "@obmc%sux:sig₁₀-ga=sig[put//put]V/t'V/t$sig;a/sig₁₀+-ga=g.a#~;a",
                  "f": {
                    "lang": "sux",
                    "form": "sig₁₀-ga",
                    "gdl": [
                      {
                        "v": "sig₁₀",
                        "id": "P230618.4.5.0",
                        "break": "damaged",
                        "ho": "1",
                        "delim": "-",
                        "hc": "1"
                      },
                      {
                        "v": "ga",
                        "id": "P230618.4.5.1"
                      }
                    ],
                    "cf": "sig",
                    "gw": "put",
                    "sense": "put",
                    "norm0": "sig;a",
                    "pos": "V/t",
                    "epos": "V/t",
                    "base": "sig₁₀",
                    "cont": "-ga=g.a",
                    "morph": "~;a"
                  }
                },
                {
                  "node": "d",
                  "type": "line-start",
                  "ref": "P230618.5",
                  "n": "2'",
                  "label": "o i' 2'"
                },
                {
                  "node": "l",
                  "frag": "[in]-⸢na⸣-an-šum₂",
                  "id": "P230618.l00443",
                  "ref": "P230618.5.1",
                  "inst": "šum[to give]V/t",
                  "sig": "@obmc%sux:in-na-an-šum₂=šum[give//to give]V/t'V/t$V.na.n:šum/šum₂#V.na.n:~",
                  "f": {
                    "lang": "sux",
                    "form": "in-na-an-šum₂",
                    "gdl": [
                      {
                        "v": "in",
                        "id": "P230618.5.1.0",
                        "breakStart": "1",
                        "o": "]",
                        "break": "missing",
                        "breakEnd": "P230618.5.1.0",
                        "delim": "-"
                      },
                      {
                        "v": "na",
                        "id": "P230618.5.1.1",
                        "break": "damaged",
                        "ho": "1",
                        "delim": "-",
                        "hc": "1"
                      },
                      {
                        "v": "an",
                        "id": "P230618.5.1.2",
                        "delim": "-"
                      },
                      {
                        "v": "šum₂",
                        "id": "P230618.5.1.3"
                      }
                    ],
                    "cf": "šum",
                    "gw": "give",
                    "sense": "to give",
                    "norm0": "V.na.n:šum",
                    "pos": "V/t",
                    "epos": "V/t",
                    "base": "šum₂",
                    "morph": "V.na.n:~"
                  }
                },
                {
                  "node": "d",
                  "type": "line-start",
                  "ref": "P230618.6",
                  "n": "3'",
                  "label": "o i' 3'"
                },
                {
                  "node": "l",
                  "frag": "⸢en⸣-na",
                  "id": "P230618.l00444",
                  "ref": "P230618.6.1",
                  "inst": "enna[until]CNJ",
                  "sig": "@obmc%sux:en-na=enna[until//until]CNJ'CNJ$enna/en-na#~",
                  "f": {
                    "lang": "sux",
                    "form": "en-na",
                    "delim": "",
                    "gdl": [
                      {
                        "v": "en",
                        "id": "P230618.6.1.0",
                        "break": "damaged",
                        "ho": "1",
                        "delim": "-",
                        "hc": "1"
                      },
                      {
                        "v": "na",
                        "id": "P230618.6.1.1"
                      }
                    ],
                    "cf": "enna",
                    "gw": "until",
                    "sense": "until",
                    "norm0": "enna",
                    "pos": "CNJ",
                    "epos": "CNJ",
                    "base": "en-na",
                    "morph": "~"
                  }
                },
                {
                  "node": "l",
                  "frag": "lugal-a-ma-ru",
                  "id": "P230618.l00445",
                  "ref": "P230618.6.2",
                  "inst": "Lugal-amaru[1]PN",
                  "sig": "@obmc%sux:lugal-a-ma-ru=Lugal-amaru[1//1]PN'PN$Lugal-amaru/lugal-a-ma-ru#~",
                  "f": {
                    "lang": "sux",
                    "form": "lugal-a-ma-ru",
                    "gdl": [
                      {
                        "v": "lugal",
                        "id": "P230618.6.2.0",
                        "delim": "-"
                      },
                      {
                        "v": "a",
                        "id": "P230618.6.2.1",
                        "delim": "-"
                      },
                      {
                        "v": "ma",
                        "id": "P230618.6.2.2",
                        "delim": "-"
                      },
                      {
                        "v": "ru",
                        "id": "P230618.6.2.3"
                      }
                    ],
                    "cf": "Lugal-amaru",
                    "gw": "1",
                    "sense": "1",
                    "norm0": "Lugal-amaru",
                    "pos": "PN",
                    "epos": "PN",
                    "base": "lugal-a-ma-ru",
                    "morph": "~"
                  }
                },
                {
                  "node": "d",
                  "type": "line-start",
                  "ref": "P230618.7",
                  "n": "4'",
                  "label": "o i' 4'"
                },
                {
                  "node": "l",
                  "frag": "al-til₃-la-aš",
                  "id": "P230618.l00446",
                  "ref": "P230618.7.1",
                  "inst": "til[live]V/i/til₃#al:~;*a,ak,eše",
                  "sig": "@obmc%sux:al-til₃-la-aš=til[live//live]V/i'V/i$al:til;*a,ak,eše/til₃#al:~;*a,ak,eše",
                  "f": {
                    "lang": "sux",
                    "form": "al-til₃-la-aš",
                    "gdl": [
                      {
                        "v": "al",
                        "id": "P230618.7.1.0",
                        "delim": "-"
                      },
                      {
                        "v": "til₃",
                        "id": "P230618.7.1.1",
                        "delim": "-"
                      },
                      {
                        "v": "la",
                        "id": "P230618.7.1.2",
                        "delim": "-"
                      },
                      {
                        "v": "aš",
                        "id": "P230618.7.1.3"
                      }
                    ],
                    "cf": "til",
                    "gw": "live",
                    "sense": "live",
                    "norm0": "al:til;*a,ak,eše",
                    "pos": "V/i",
                    "epos": "V/i",
                    "base": "til₃",
                    "morph": "al:~;*a,ak,eše"
                  }
                },
                {
                  "node": "d",
                  "type": "line-start",
                  "ref": "P230618.8",
                  "n": "5'",
                  "label": "o i' 5'"
                },
                {
                  "node": "l",
                  "frag": "⸢igi⸣-ni-še₃",
                  "id": "P230618.l00447",
                  "ref": "P230618.8.1",
                  "inst": "igi[face]N",
                  "sig": "@obmc%sux:igi-ni-še₃=igi[face//face]N'N$igi,ani.eše/igi#~,ani.eše",
                  "f": {
                    "lang": "sux",
                    "form": "igi-ni-še₃",
                    "delim": "",
                    "gdl": [
                      {
                        "v": "igi",
                        "id": "P230618.8.1.0",
                        "break": "damaged",
                        "ho": "1",
                        "delim": "-",
                        "hc": "1"
                      },
                      {
                        "v": "ni",
                        "id": "P230618.8.1.1",
                        "delim": "-"
                      },
                      {
                        "v": "še₃",
                        "id": "P230618.8.1.2"
                      }
                    ],
                    "cf": "igi",
                    "gw": "face",
                    "sense": "face",
                    "norm0": "igi,ani.eše",
                    "pos": "N",
                    "epos": "N",
                    "base": "igi",
                    "morph": "~,ani.eše"
                  }
                },
                {
                  "node": "l",
                  "frag": "i₃-gub-bu",
                  "id": "P230618.l00448",
                  "ref": "P230618.8.2",
                  "inst": "gub[to stand]V/i",
                  "sig": "@obmc%sux:i₃-gub-bu=gub[stand//to stand]V/i'V/i$V:gub;e/gub#V:~;e",
                  "f": {
                    "lang": "sux",
                    "form": "i₃-gub-bu",
                    "gdl": [
                      {
                        "v": "i₃",
                        "id": "P230618.8.2.0",
                        "delim": "-"
                      },
                      {
                        "v": "gub",
                        "id": "P230618.8.2.1",
                        "delim": "-"
                      },
                      {
                        "v": "bu",
                        "id": "P230618.8.2.2"
                      }
                    ],
                    "cf": "gub",
                    "gw": "stand",
                    "sense": "to stand",
                    "norm0": "V:gub;e",
                    "pos": "V/i",
                    "epos": "V/i",
                    "base": "gub",
                    "morph": "V:~;e"
                  }
                },
                {
                  "node": "d",
                  "type": "line-start",
                  "ref": "P230618.9",
                  "n": "6'",
                  "label": "o i' 6'"
                },
                {
                  "node": "l",
                  "frag": "⸢egir⸣",
                  "id": "P230618.l00449",
                  "ref": "P230618.9.1",
                  "inst": "egir[back, rear]N",
                  "sig": "@obmc%sux:egir=egir[back//back, rear]N'N$egir/egir#~",
                  "f": {
                    "lang": "sux",
                    "form": "egir",
                    "delim": "",
                    "gdl": [
                      {
                        "v": "egir",
                        "id": "P230618.9.1.0",
                        "break": "damaged",
                        "ho": "1",
                        "hc": "1"
                      }
                    ],
                    "cf": "egir",
                    "gw": "back",
                    "sense": "back, rear",
                    "norm0": "egir",
                    "pos": "N",
                    "epos": "N",
                    "base": "egir",
                    "morph": "~"
                  }
                },
                {
                  "node": "l",
                  "frag": "lugal-a-ma:ru",
                  "id": "P230618.l0044a",
                  "ref": "P230618.9.2",
                  "inst": "Lugal-amaru[1]PN",
                  "sig": "@obmc%sux:lugal-a-ma-ru=Lugal-amaru[1//1]PN'PN$Lugal-amaru/lugal-a-ma-ru#~",
                  "f": {
                    "lang": "sux",
                    "form": "lugal-a-ma-ru",
                    "gdl": [
                      {
                        "v": "lugal",
                        "id": "P230618.9.2.0",
                        "delim": "-"
                      },
                      {
                        "v": "a",
                        "id": "P230618.9.2.1",
                        "delim": "-"
                      },
                      {
                        "gg": "reordering",
                        "gdl_type": "reordering",
                        "group": [
                          {
                            "v": "ma",
                            "id": "P230618.9.2.2",
                            "delim": ":"
                          },
                          {
                            "v": "ru",
                            "id": "P230618.9.2.3"
                          }
                        ]
                      }
                    ],
                    "cf": "Lugal-amaru",
                    "gw": "1",
                    "sense": "1",
                    "norm0": "Lugal-amaru",
                    "pos": "PN",
                    "epos": "PN",
                    "base": "lugal-a-ma-ru",
                    "morph": "~"
                  }
                },
                {
                  "node": "d",
                  "type": "line-start",
                  "ref": "P230618.10",
                  "n": "7'",
                  "label": "o i' 7'"
                },
                {
                  "node": "l",
                  "frag": "ba-uš₂-a-ta",
                  "id": "P230618.l0044b",
                  "ref": "P230618.10.1",
                  "inst": "uš[to die]V/i",
                  "sig": "@obmc%sux:ba-uš₂-a-ta=uš[die//to die]V/i'V/i$ba:uš;a,ta/uš₂#ba:~;a,ta",
                  "f": {
                    "lang": "sux",
                    "form": "ba-uš₂-a-ta",
                    "gdl": [
                      {
                        "v": "ba",
                        "id": "P230618.10.1.0",
                        "delim": "-"
                      },
                      {
                        "v": "uš₂",
                        "id": "P230618.10.1.1",
                        "delim": "-"
                      },
                      {
                        "v": "a",
                        "id": "P230618.10.1.2",
                        "delim": "-"
                      },
                      {
                        "v": "ta",
                        "id": "P230618.10.1.3"
                      }
                    ],
                    "cf": "uš",
                    "gw": "die",
                    "sense": "to die",
                    "norm0": "ba:uš;a,ta",
                    "pos": "V/i",
                    "epos": "V/i",
                    "base": "uš₂",
                    "morph": "ba:~;a,ta"
                  }
                },
                {
                  "node": "d",
                  "type": "line-start",
                  "ref": "P230618.11",
                  "n": "8'",
                  "label": "o i' 8'"
                },
                {
                  "node": "l",
                  "frag": "⸢ibila⸣",
                  "id": "P230618.l0044c",
                  "ref": "P230618.11.1",
                  "inst": "ibila[heir]N",
                  "sig": "@obmc%sux:ibila=ibila[heir//heir]N'N$ibila/ibila#~",
                  "f": {
                    "lang": "sux",
                    "form": "ibila",
                    "delim": "",
                    "gdl": [
                      {
                        "v": "ibila",
                        "id": "P230618.11.1.0",
                        "break": "damaged",
                        "ho": "1",
                        "hc": "1"
                      }
                    ],
                    "cf": "ibila",
                    "gw": "heir",
                    "sense": "heir",
                    "norm0": "ibila",
                    "pos": "N",
                    "epos": "N",
                    "base": "ibila",
                    "morph": "~"
                  }
                },
                {
                  "node": "l",
                  "frag": "lugal-a-ma-ru",
                  "id": "P230618.l0044d",
                  "ref": "P230618.11.2",
                  "inst": "Lugal-amaru[1]PN",
                  "sig": "@obmc%sux:lugal-a-ma-ru=Lugal-amaru[1//1]PN'PN$Lugal-amaru/lugal-a-ma-ru#~",
                  "f": {
                    "lang": "sux",
                    "form": "lugal-a-ma-ru",
                    "gdl": [
                      {
                        "v": "lugal",
                        "id": "P230618.11.2.0",
                        "delim": "-"
                      },
                      {
                        "v": "a",
                        "id": "P230618.11.2.1",
                        "delim": "-"
                      },
                      {
                        "v": "ma",
                        "id": "P230618.11.2.2",
                        "delim": "-"
                      },
                      {
                        "v": "ru",
                        "id": "P230618.11.2.3"
                      }
                    ],
                    "cf": "Lugal-amaru",
                    "gw": "1",
                    "sense": "1",
                    "norm0": "Lugal-amaru",
                    "pos": "PN",
                    "epos": "PN",
                    "base": "lugal-a-ma-ru",
                    "morph": "~"
                  }
                },
                {
                  "node": "d",
                  "type": "line-start",
                  "ref": "P230618.12",
                  "n": "9'",
                  "label": "o i' 9'"
                },
                {
                  "node": "l",
                  "frag": "[a]-⸢na⸣",
                  "id": "P230618.l0044e",
                  "ref": "P230618.12.1",
                  "inst": "ana[what?]QP",
                  "sig": "@obmc%sux:a-na=ana[what?//what?]QP'QP$ana/a-na#~",
                  "f": {
                    "lang": "sux",
                    "form": "a-na",
                    "delim": "",
                    "gdl": [
                      {
                        "v": "a",
                        "id": "P230618.12.1.0",
                        "breakStart": "1",
                        "o": "]",
                        "break": "missing",
                        "breakEnd": "P230618.12.1.0",
                        "delim": "-"
                      },
                      {
                        "v": "na",
                        "id": "P230618.12.1.1",
                        "break": "damaged",
                        "ho": "1",
                        "hc": "1"
                      }
                    ],
                    "cf": "ana",
                    "gw": "what?",
                    "sense": "what?",
                    "norm0": "ana",
                    "pos": "QP",
                    "epos": "QP",
                    "base": "a-na",
                    "morph": "~"
                  }
                },
                {
                  "node": "l",
                  "frag": "me-a-bi",
                  "id": "P230618.l0044f",
                  "ref": "P230618.12.2",
                  "inst": "me[to be]V/i",
                  "sig": "@obmc%sux:me-a-bi=me[be//to be]V/i'V/i$me;a,bi/me#~;a,bi",
                  "f": {
                    "lang": "sux",
                    "form": "me-a-bi",
                    "gdl": [
                      {
                        "v": "me",
                        "id": "P230618.12.2.0",
                        "delim": "-"
                      },
                      {
                        "v": "a",
                        "id": "P230618.12.2.1",
                        "delim": "-"
                      },
                      {
                        "v": "bi",
                        "id": "P230618.12.2.2"
                      }
                    ],
                    "cf": "me",
                    "gw": "be",
                    "sense": "to be",
                    "norm0": "me;a,bi",
                    "pos": "V/i",
                    "epos": "V/i",
                    "base": "me",
                    "morph": "~;a,bi"
                  }
                },
                {
                  "node": "d",
                  "type": "line-start",
                  "ref": "P230618.13",
                  "n": "10'",
                  "label": "o i' 10'"
                },
                {
                  "node": "l",
                  "frag": "[nam]-geme₂-ni-še₃",
                  "id": "P230618.l00450",
                  "ref": "P230618.13.1",
                  "inst": "namgeme[slavery]N",
                  "sig": "@obmc%sux:nam-geme₂-ni-še₃=namgeme[~worker//slavery]N'N$namgeme,ani.eše/nam-geme₂#~,ani.eše",
                  "f": {
                    "lang": "sux",
                    "form": "nam-geme₂-ni-še₃",
                    "gdl": [
                      {
                        "v": "nam",
                        "id": "P230618.13.1.0",
                        "breakStart": "1",
                        "o": "]",
                        "break": "missing",
                        "breakEnd": "P230618.13.1.0",
                        "delim": "-"
                      },
                      {
                        "v": "geme₂",
                        "id": "P230618.13.1.1",
                        "delim": "-"
                      },
                      {
                        "v": "ni",
                        "id": "P230618.13.1.2",
                        "delim": "-"
                      },
                      {
                        "v": "še₃",
                        "id": "P230618.13.1.3"
                      }
                    ],
                    "cf": "namgeme",
                    "gw": "~worker",
                    "sense": "slavery",
                    "norm0": "namgeme,ani.eše",
                    "pos": "N",
                    "epos": "N",
                    "base": "nam-geme₂",
                    "morph": "~,ani.eše"
                  }
                },
                {
                  "node": "d",
                  "type": "line-start",
                  "ref": "P230618.14",
                  "n": "11'",
                  "label": "o i' 11'"
                },
                {
                  "node": "c",
                  "type": "phrase",
                  "tag": "phr",
                  "id": "P230618.U4",
                  "ref": "P230618.ls00000",
                  "cdl": [
                    {
                      "node": "l",
                      "frag": "⸢inim⸣",
                      "id": "P230618.l00451",
                      "ref": "P230618.14.1",
                      "inst": "inim[word]N",
                      "sig": "@obmc%sux:inim=inim[word//word]N'N$inim/inim#~",
                      "f": {
                        "lang": "sux",
                        "form": "inim",
                        "delim": "",
                        "gdl": [
                          {
                            "v": "inim",
                            "id": "P230618.14.1.0",
                            "break": "damaged",
                            "ho": "1",
                            "hc": "1"
                          }
                        ],
                        "cf": "inim",
                        "gw": "word",
                        "sense": "word",
                        "norm0": "inim",
                        "pos": "N",
                        "epos": "N",
                        "base": "inim",
                        "morph": "~"
                      }
                    },
                    {
                      "node": "l",
                      "frag": "nu-um-ŋa₂-ŋa₂-a",
                      "id": "P230618.l00452",
                      "ref": "P230618.14.2",
                      "inst": "ŋar[to place on, put on]V/t",
                      "sig": "@obmc%sux:nu-um-ŋa₂-ŋa₂-a=ŋar[place//to place on, put on]V/t'V/t$nu.m:ŋar;a/ŋa₂-ŋa₂#nu.m:~;a",
                      "f": {
                        "lang": "sux",
                        "form": "nu-um-ŋa₂-ŋa₂-a",
                        "gdl": [
                          {
                            "v": "nu",
                            "id": "P230618.14.2.0",
                            "delim": "-"
                          },
                          {
                            "v": "um",
                            "id": "P230618.14.2.1",
                            "delim": "-"
                          },
                          {
                            "v": "ŋa₂",
                            "id": "P230618.14.2.2",
                            "delim": "-"
                          },
                          {
                            "v": "ŋa₂",
                            "id": "P230618.14.2.3",
                            "delim": "-"
                          },
                          {
                            "v": "a",
                            "id": "P230618.14.2.4"
                          }
                        ],
                        "cf": "ŋar",
                        "gw": "place",
                        "sense": "to place on, put on",
                        "norm0": "nu.m:ŋar;a",
                        "pos": "V/t",
                        "epos": "V/t",
                        "base": "ŋa₂-ŋa₂",
                        "morph": "nu.m:~;a"
                      }
                    }
                  ]
                },
                {
                  "node": "d",
                  "type": "line-start",
                  "ref": "P230618.15",
                  "n": "12'",
                  "label": "o i' 12'"
                },
                {
                  "node": "l",
                  "frag": "{m}lugal-a-ma-ru",
                  "id": "P230618.l00453",
                  "ref": "P230618.15.1",
                  "inst": "Lugal-amaru[1]PN",
                  "sig": "@obmc%sux:{m}lugal-a-ma-ru=Lugal-amaru[1//1]PN'PN$Lugal-amaru/{m}lugal-a-ma-ru#~",
                  "f": {
                    "lang": "sux",
                    "form": "{m}lugal-a-ma-ru",
                    "gdl": [
                      {
                        "det": "semantic",
                        "pos": "pre",
                        "seq": [
                          {
                            "v": "m",
                            "id": "P230618.15.1.0"
                          }
                        ]
                      },
                      {
                        "v": "lugal",
                        "id": "P230618.15.1.1",
                        "delim": "-"
                      },
                      {
                        "v": "a",
                        "id": "P230618.15.1.2",
                        "delim": "-"
                      },
                      {
                        "v": "ma",
                        "id": "P230618.15.1.3",
                        "delim": "-"
                      },
                      {
                        "v": "ru",
                        "id": "P230618.15.1.4"
                      }
                    ],
                    "cf": "Lugal-amaru",
                    "gw": "1",
                    "sense": "1",
                    "norm0": "Lugal-amaru",
                    "pos": "PN",
                    "epos": "PN",
                    "base": "{m}lugal-a-ma-ru",
                    "morph": "~"
                  }
                },
                {
                  "node": "d",
                  "type": "line-start",
                  "ref": "P230618.16",
                  "n": "13'",
                  "label": "o i' 13'"
                },
                {
                  "node": "l",
                  "frag": "ad-da",
                  "id": "P230618.l00454",
                  "ref": "P230618.16.1",
                  "inst": "adda[father]N",
                  "sig": "@obmc%sux:ad-da=adda[father//father]N'N$adda/ad-da#~",
                  "f": {
                    "lang": "sux",
                    "form": "ad-da",
                    "delim": "",
                    "gdl": [
                      {
                        "v": "ad",
                        "id": "P230618.16.1.0",
                        "delim": "-"
                      },
                      {
                        "v": "da",
                        "id": "P230618.16.1.1"
                      }
                    ],
                    "cf": "adda",
                    "gw": "father",
                    "sense": "father",
                    "norm0": "adda",
                    "pos": "N",
                    "epos": "N",
                    "base": "ad-da",
                    "morph": "~"
                  }
                },
                {
                  "node": "l",
                  "frag": "til₃-la",
                  "id": "P230618.l00455",
                  "ref": "P230618.16.2",
                  "inst": "til[to live]V/i",
                  "sig": "@obmc%sux:til₃-la=til[live//to live]V/i'V/i$til;a/til₃#~;a",
                  "f": {
                    "lang": "sux",
                    "form": "til₃-la",
                    "gdl": [
                      {
                        "v": "til₃",
                        "id": "P230618.16.2.0",
                        "delim": "-"
                      },
                      {
                        "v": "la",
                        "id": "P230618.16.2.1"
                      }
                    ],
                    "cf": "til",
                    "gw": "live",
                    "sense": "to live",
                    "norm0": "til;a",
                    "pos": "V/i",
                    "epos": "V/i",
                    "base": "til₃",
                    "morph": "~;a"
                  }
                },
                {
                  "node": "d",
                  "type": "line-start",
                  "ref": "P230618.17",
                  "n": "14'",
                  "label": "o i' 14'"
                },
                {
                  "node": "l",
                  "frag": "mu",
                  "id": "P230618.l00456",
                  "ref": "P230618.17.1",
                  "inst": "mu[name]N",
                  "sig": "@obmc%sux:mu=mu[name//name]N'N$mu/mu#~",
                  "f": {
                    "lang": "sux",
                    "form": "mu",
                    "delim": "",
                    "gdl": [
                      {
                        "v": "mu",
                        "id": "P230618.17.1.0"
                      }
                    ],
                    "cf": "mu",
                    "gw": "name",
                    "sense": "name",
                    "norm0": "mu",
                    "pos": "N",
                    "epos": "N",
                    "base": "mu",
                    "morph": "~"
                  }
                },
                {
                  "node": "l",
                  "frag": "lugal-la-bi",
                  "id": "P230618.l00457",
                  "ref": "P230618.17.2",
                  "inst": "lugal[king]N",
                  "sig": "@obmc%sux:lugal-la-bi=lugal[king//king]N'N$lugal,ak.bi/lugal#~,ak.bi",
                  "f": {
                    "lang": "sux",
                    "form": "lugal-la-bi",
                    "delim": "",
                    "gdl": [
                      {
                        "v": "lugal",
                        "id": "P230618.17.2.0",
                        "delim": "-"
                      },
                      {
                        "v": "la",
                        "id": "P230618.17.2.1",
                        "delim": "-"
                      },
                      {
                        "v": "bi",
                        "id": "P230618.17.2.2"
                      }
                    ],
                    "cf": "lugal",
                    "gw": "king",
                    "sense": "king",
                    "norm0": "lugal,ak.bi",
                    "pos": "N",
                    "epos": "N",
                    "base": "lugal",
                    "morph": "~,ak.bi"
                  }
                },
                {
                  "node": "l",
                  "frag": "in-pad₃",
                  "id": "P230618.l00458",
                  "ref": "P230618.17.3",
                  "inst": "pad[to swear]V/t",
                  "sig": "@obmc%sux:in-pad₃=pad[find//to swear]V/t'V/t$V.n:pad/pad₃#V.n:~",
                  "f": {
                    "lang": "sux",
                    "form": "in-pad₃",
                    "gdl": [
                      {
                        "v": "in",
                        "id": "P230618.17.3.0",
                        "delim": "-"
                      },
                      {
                        "v": "pad₃",
                        "id": "P230618.17.3.1"
                      }
                    ],
                    "cf": "pad",
                    "gw": "find",
                    "sense": "to swear",
                    "norm0": "V.n:pad",
                    "pos": "V/t",
                    "epos": "V/t",
                    "base": "pad₃",
                    "morph": "V.n:~"
                  }
                },
                {
                  "node": "d",
                  "type": "nonx",
                  "ref": "P230618.18",
                  "strict": "1",
                  "extent": "1",
                  "scope": "line",
                  "state": "ruling"
                },
                {
                  "node": "d",
                  "type": "line-start",
                  "ref": "P230618.19",
                  "n": "15'",
                  "label": "o i' 15'"
                },
                {
                  "node": "l",
                  "frag": "1",
                  "id": "P230618.l00459",
                  "ref": "P230618.19.1",
                  "inst": "n",
                  "f": {
                    "lang": "sux",
                    "form": "1",
                    "delim": "",
                    "gdl": [
                      {
                        "n": "n",
                        "sexified": "1(diš)",
                        "form": "1",
                        "id": "P230618.19.1.0",
                        "breakStart": "1",
                        "o": "]",
                        "break": "missing",
                        "breakEnd": "P230618.19.1.0",
                        "seq": [
                          {
                            "r": "1"
                          }
                        ]
                      }
                    ],
                    "pos": "n"
                  }
                },
                {
                  "node": "l",
                  "frag": "⸢saŋ⸣-munus",
                  "id": "P230618.l0045a",
                  "ref": "P230618.19.2",
                  "inst": "saŋmunus[woman]N",
                  "sig": "@obmc%sux:saŋ-munus=saŋmunus[woman//woman]N'N$saŋmunus/saŋ-munus#~",
                  "f": {
                    "lang": "sux",
                    "form": "saŋ-munus",
                    "gdl": [
                      {
                        "v": "saŋ",
                        "id": "P230618.19.2.0",
                        "break": "damaged",
                        "ho": "1",
                        "delim": "-",
                        "hc": "1"
                      },
                      {
                        "v": "munus",
                        "id": "P230618.19.2.1"
                      }
                    ],
                    "cf": "saŋmunus",
                    "gw": "woman",
                    "sense": "woman",
                    "norm0": "saŋmunus",
                    "pos": "N",
                    "epos": "N",
                    "base": "saŋ-munus",
                    "morph": "~"
                  }
                },
                {
                  "node": "d",
                  "type": "line-start",
                  "ref": "P230618.20",
                  "n": "16'",
                  "label": "o i' 16'"
                },
                {
                  "node": "l",
                  "frag": "[um-mi]-wa-aq-ra-at",
                  "id": "P230618.l0045b",
                  "ref": "P230618.20.1",
                  "inst": "Ummi-waqrat[]PN/um-mi-wa-aq-ra-at#~",
                  "sig": "@obmc%sux:um-mi-wa-aq-ra-at=Ummi-waqrat[1//1]PN'PN$Ummi-waqrat/um-mi-wa-aq-ra-at#~",
                  "f": {
                    "lang": "sux",
                    "form": "um-mi-wa-aq-ra-at",
                    "gdl": [
                      {
                        "v": "um",
                        "id": "P230618.20.1.0",
                        "breakStart": "1",
                        "o": "[",
                        "break": "missing",
                        "delim": "-"
                      },
                      {
                        "v": "mi",
                        "id": "P230618.20.1.1",
                        "break": "missing",
                        "o": "]",
                        "breakEnd": "P230618.20.1.0",
                        "delim": "-"
                      },
                      {
                        "v": "wa",
                        "id": "P230618.20.1.2",
                        "delim": "-"
                      },
                      {
                        "v": "aq",
                        "id": "P230618.20.1.3",
                        "delim": "-"
                      },
                      {
                        "v": "ra",
                        "id": "P230618.20.1.4",
                        "delim": "-"
                      },
                      {
                        "v": "at",
                        "id": "P230618.20.1.5"
                      }
                    ],
                    "cf": "Ummi-waqrat",
                    "gw": "1",
                    "sense": "1",
                    "norm0": "Ummi-waqrat",
                    "pos": "PN",
                    "epos": "PN",
                    "base": "um-mi-wa-aq-ra-at",
                    "morph": "~"
                  }
                },
                {
                  "node": "d",
                  "type": "line-start",
                  "ref": "P230618.21",
                  "n": "17'",
                  "label": "o i' 17'"
                },
                {
                  "node": "l",
                  "frag": "[mu]-⸢ni⸣-im",
                  "id": "P230618.l0045c",
                  "ref": "P230618.21.1",
                  "inst": "mu[name]N",
                  "sig": "@obmc%sux:mu-ni-im=mu[name//name]N'N$mu,ani.am/mu#~,ani.am",
                  "f": {
                    "lang": "sux",
                    "form": "mu-ni-im",
                    "gdl": [
                      {
                        "v": "mu",
                        "id": "P230618.21.1.0",
                        "breakStart": "1",
                        "o": "]",
                        "break": "missing",
                        "breakEnd": "P230618.21.1.0",
                        "delim": "-"
                      },
                      {
                        "v": "ni",
                        "id": "P230618.21.1.1",
                        "break": "damaged",
                        "ho": "1",
                        "delim": "-",
                        "hc": "1"
                      },
                      {
                        "v": "im",
                        "id": "P230618.21.1.2"
                      }
                    ],
                    "cf": "mu",
                    "gw": "name",
                    "sense": "name",
                    "norm0": "mu,ani.am",
                    "pos": "N",
                    "epos": "N",
                    "base": "mu",
                    "morph": "~,ani.am"
                  }
                },
                {
                  "node": "d",
                  "type": "line-start",
                  "ref": "P230618.22",
                  "n": "18'",
                  "label": "o i' 18'"
                },
                {
                  "node": "l",
                  "frag": "[geme₂",
                  "id": "P230618.l0045d",
                  "ref": "P230618.22.1",
                  "inst": "geme[female servant, slave]N",
                  "sig": "@obmc%sux:geme₂=geme[worker//female servant, slave]N'N$geme/geme₂#~",
                  "f": {
                    "lang": "sux",
                    "form": "geme₂",
                    "delim": "",
                    "gdl": [
                      {
                        "v": "geme₂",
                        "id": "P230618.22.1.0",
                        "breakStart": "1",
                        "o": "[",
                        "break": "missing"
                      }
                    ],
                    "cf": "geme",
                    "gw": "worker",
                    "sense": "female servant, slave",
                    "norm0": "geme",
                    "pos": "N",
                    "epos": "N",
                    "base": "geme₂",
                    "morph": "~"
                  }
                },
                {
                  "node": "l",
                  "frag": "x]-⸢x-x⸣-[x]",
                  "id": "P230618.l0045e",
                  "ref": "P230618.22.2",
                  "inst": "u",
                  "f": {
                    "lang": "sux",
                    "form": "x-x-x-x",
                    "gdl": [
                      {
                        "v": "x",
                        "id": "P230618.22.2.0",
                        "break": "missing",
                        "o": "]",
                        "breakEnd": "P230618.22.1.0",
                        "delim": "-"
                      },
                      {
                        "v": "x",
                        "id": "P230618.22.2.1",
                        "break": "damaged",
                        "ho": "1",
                        "delim": "-"
                      },
                      {
                        "v": "x",
                        "id": "P230618.22.2.2",
                        "break": "damaged",
                        "delim": "-",
                        "hc": "1"
                      },
                      {
                        "v": "x",
                        "id": "P230618.22.2.3",
                        "breakStart": "1",
                        "o": "]",
                        "break": "missing",
                        "breakEnd": "P230618.22.2.3"
                      }
                    ],
                    "pos": "u"
                  }
                },
                {
                  "node": "d",
                  "type": "nonx",
                  "ref": "P230618.23",
                  "strict": "1",
                  "extent": "rest",
                  "scope": "column",
                  "state": "missing"
                },
                {
                  "node": "d",
                  "subtype": "column 2o '",
                  "type": "column",
                  "ref": "P230618.o.ii_.24",
                  "n": "2",
                  "label": "o ii'"
                },
                {
                  "node": "d",
                  "type": "line-start",
                  "ref": "P230618.25",
                  "n": "1'",
                  "label": "o ii' 1'"
                },
                {
                  "node": "l",
                  "frag": "da",
                  "id": "P230618.l0045f",
                  "ref": "P230618.25.1",
                  "inst": "u",
                  "f": {
                    "lang": "sux",
                    "form": "da",
                    "delim": "",
                    "gdl": [
                      {
                        "v": "da",
                        "id": "P230618.25.1.0"
                      }
                    ],
                    "pos": "u"
                  }
                },
                {
                  "node": "l",
                  "frag": "⸢x",
                  "id": "P230618.l00460",
                  "ref": "P230618.25.2",
                  "inst": "u",
                  "f": {
                    "lang": "sux",
                    "form": "x",
                    "delim": "",
                    "gdl": [
                      {
                        "v": "x",
                        "id": "P230618.25.2.0",
                        "break": "damaged",
                        "ho": "1"
                      }
                    ],
                    "pos": "u"
                  }
                },
                {
                  "node": "l",
                  "frag": "x⸣",
                  "id": "P230618.l00461",
                  "ref": "P230618.25.3",
                  "inst": "u",
                  "f": {
                    "lang": "sux",
                    "form": "x",
                    "delim": "",
                    "gdl": [
                      {
                        "v": "x",
                        "id": "P230618.25.3.0",
                        "break": "damaged",
                        "hc": "1"
                      }
                    ],
                    "pos": "u"
                  }
                },
                {
                  "node": "l",
                  "frag": "[...]",
                  "id": "P230618.l00462",
                  "ref": "P230618.25.4",
                  "inst": "u",
                  "f": {
                    "lang": "sux",
                    "form": "x",
                    "gdl": [
                      {
                        "x": "ellipsis",
                        "id": "P230618.25.4.0",
                        "breakStart": "1",
                        "break": "missing",
                        "o": "]",
                        "breakEnd": "P230618.25.4.0"
                      }
                    ],
                    "pos": "u"
                  }
                },
                {
                  "node": "d",
                  "type": "line-start",
                  "ref": "P230618.26",
                  "n": "2'",
                  "label": "o ii' 2'"
                },
                {
                  "node": "l",
                  "frag": "i-din-{[d}...]",
                  "id": "P230618.l00463",
                  "ref": "P230618.26.1",
                  "inst": "u",
                  "f": {
                    "lang": "sux",
                    "form": "i-din-{d}x",
                    "gdl": [
                      {
                        "v": "i",
                        "id": "P230618.26.1.0",
                        "delim": "-"
                      },
                      {
                        "v": "din",
                        "id": "P230618.26.1.1",
                        "delim": "-"
                      },
                      {
                        "det": "semantic",
                        "pos": "pre",
                        "seq": [
                          {
                            "v": "d",
                            "id": "P230618.26.1.2",
                            "breakStart": "1",
                            "o": "[",
                            "break": "missing"
                          }
                        ]
                      },
                      {
                        "x": "ellipsis",
                        "id": "P230618.26.1.3",
                        "break": "missing",
                        "o": "]",
                        "breakEnd": "P230618.26.1.2"
                      }
                    ],
                    "pos": "u"
                  }
                },
                {
                  "node": "d",
                  "type": "line-start",
                  "ref": "P230618.27",
                  "n": "3'",
                  "label": "o ii' 3'"
                },
                {
                  "node": "l",
                  "frag": "in-na-ni-⸢in⸣-[kur₉]",
                  "id": "P230618.l00464",
                  "ref": "P230618.27.1",
                  "inst": "kur[enter//to bring into]V/i'V/t/kur₉#V.na.ni.n:~",
                  "sig": "@obmc%sux:in-na-ni-in-kur₉=kur[enter//to bring into]V/i'V/t$V.na.ni.n:kur/kur₉#V.na.ni.n:~",
                  "f": {
                    "lang": "sux",
                    "form": "in-na-ni-in-kur₉",
                    "gdl": [
                      {
                        "v": "in",
                        "id": "P230618.27.1.0",
                        "delim": "-"
                      },
                      {
                        "v": "na",
                        "id": "P230618.27.1.1",
                        "delim": "-"
                      },
                      {
                        "v": "ni",
                        "id": "P230618.27.1.2",
                        "delim": "-"
                      },
                      {
                        "v": "in",
                        "id": "P230618.27.1.3",
                        "break": "damaged",
                        "ho": "1",
                        "delim": "-",
                        "hc": "1"
                      },
                      {
                        "v": "kur₉",
                        "id": "P230618.27.1.4",
                        "breakStart": "1",
                        "o": "]",
                        "break": "missing",
                        "breakEnd": "P230618.27.1.4"
                      }
                    ],
                    "cf": "kur",
                    "gw": "enter",
                    "sense": "to bring into",
                    "norm0": "V.na.ni.n:kur",
                    "pos": "V/i",
                    "epos": "V/t",
                    "base": "kur₉",
                    "morph": "V.na.ni.n:~"
                  }
                },
                {
                  "node": "d",
                  "type": "line-start",
                  "ref": "P230618.28",
                  "n": "4'",
                  "label": "o ii' 4'"
                },
                {
                  "node": "l",
                  "frag": "tukum-[bi]",
                  "id": "P230618.l00465",
                  "ref": "P230618.28.1",
                  "inst": "tukumbi[if]CNJ",
                  "sig": "@obmc%sux:tukum-bi=tukumbi[if//if]CNJ'CNJ$tukumbi/tukum-bi#~",
                  "f": {
                    "lang": "sux",
                    "form": "tukum-bi",
                    "gdl": [
                      {
                        "v": "tukum",
                        "id": "P230618.28.1.0",
                        "delim": "-"
                      },
                      {
                        "v": "bi",
                        "id": "P230618.28.1.1",
                        "breakStart": "1",
                        "o": "]",
                        "break": "missing",
                        "breakEnd": "P230618.28.1.1"
                      }
                    ],
                    "cf": "tukumbi",
                    "gw": "if",
                    "sense": "if",
                    "norm0": "tukumbi",
                    "pos": "CNJ",
                    "epos": "CNJ",
                    "base": "tukum-bi",
                    "morph": "~"
                  }
                },
                {
                  "node": "d",
                  "type": "line-start",
                  "ref": "P230618.29",
                  "n": "5'",
                  "label": "o ii' 5'"
                },
                {
                  "node": "l",
                  "frag": "i-din-{⸢d⸣}[...]",
                  "id": "P230618.l00466",
                  "ref": "P230618.29.1",
                  "inst": "%sux:i-din-{d}x=",
                  "f": {
                    "lang": "sux",
                    "form": "i-din-{d}x",
                    "gdl": [
                      {
                        "v": "i",
                        "id": "P230618.29.1.0",
                        "delim": "-"
                      },
                      {
                        "v": "din",
                        "id": "P230618.29.1.1",
                        "delim": "-"
                      },
                      {
                        "det": "semantic",
                        "pos": "pre",
                        "seq": [
                          {
                            "v": "d",
                            "id": "P230618.29.1.2",
                            "break": "damaged",
                            "ho": "1",
                            "hc": "1"
                          }
                        ]
                      },
                      {
                        "x": "ellipsis",
                        "id": "P230618.29.1.3",
                        "breakStart": "1",
                        "break": "missing",
                        "o": "]",
                        "breakEnd": "P230618.29.1.3"
                      }
                    ]
                  }
                },
                {
                  "node": "d",
                  "type": "line-start",
                  "ref": "P230618.30",
                  "n": "6'",
                  "label": "o ii' 6'"
                },
                {
                  "node": "l",
                  "frag": "a-ha-tum",
                  "id": "P230618.l00467",
                  "ref": "P230618.30.1",
                  "inst": "Ahatum[]PN/a-ha-tum#~",
                  "sig": "@obmc%sux:a-ha-tum=Ahatum[1//1]PN'PN$Ahatum/a-ha-tum#~",
                  "f": {
                    "lang": "sux",
                    "form": "a-ha-tum",
                    "delim": "",
                    "gdl": [
                      {
                        "v": "a",
                        "id": "P230618.30.1.0",
                        "delim": "-"
                      },
                      {
                        "v": "ha",
                        "id": "P230618.30.1.1",
                        "delim": "-"
                      },
                      {
                        "v": "tum",
                        "id": "P230618.30.1.2"
                      }
                    ],
                    "cf": "Ahatum",
                    "gw": "1",
                    "sense": "1",
                    "norm0": "Ahatum",
                    "pos": "PN",
                    "epos": "PN",
                    "base": "a-ha-tum",
                    "morph": "~"
                  }
                },
                {
                  "node": "l",
                  "frag": "dam-⸢a⸣-[ni-ra]",
                  "id": "P230618.l00468",
                  "ref": "P230618.30.2",
                  "inst": "dam[spouse]N/dam#~,ani.ra",
                  "sig": "@obmc%sux:dam-a-ni-ra=dam[spouse//spouse]N'N$dam,ani.ra/dam#~,ani.ra",
                  "f": {
                    "lang": "sux",
                    "form": "dam-a-ni-ra",
                    "gdl": [
                      {
                        "v": "dam",
                        "id": "P230618.30.2.0",
                        "delim": "-"
                      },
                      {
                        "v": "a",
                        "id": "P230618.30.2.1",
                        "break": "damaged",
                        "ho": "1",
                        "delim": "-",
                        "hc": "1"
                      },
                      {
                        "v": "ni",
                        "id": "P230618.30.2.2",
                        "breakStart": "1",
                        "o": "[",
                        "break": "missing",
                        "delim": "-"
                      },
                      {
                        "v": "ra",
                        "id": "P230618.30.2.3",
                        "break": "missing",
                        "o": "]",
                        "breakEnd": "P230618.30.2.2"
                      }
                    ],
                    "cf": "dam",
                    "gw": "spouse",
                    "sense": "spouse",
                    "norm0": "dam,ani.ra",
                    "pos": "N",
                    "epos": "N",
                    "base": "dam",
                    "morph": "~,ani.ra"
                  }
                },
                {
                  "node": "d",
                  "type": "line-start",
                  "ref": "P230618.31",
                  "n": "7'",
                  "label": "o ii' 7'"
                },
                {
                  "node": "l",
                  "frag": "dam-ŋu₁₀",
                  "id": "P230618.l00469",
                  "ref": "P230618.31.1",
                  "inst": "dam[spouse]N",
                  "sig": "@obmc%sux:dam-ŋu₁₀=dam[spouse//spouse]N'N$dam,ŋu/dam#~,ŋu",
                  "f": {
                    "lang": "sux",
                    "form": "dam-ŋu₁₀",
                    "delim": "",
                    "gdl": [
                      {
                        "v": "dam",
                        "id": "P230618.31.1.0",
                        "delim": "-"
                      },
                      {
                        "v": "ŋu₁₀",
                        "id": "P230618.31.1.1"
                      }
                    ],
                    "cf": "dam",
                    "gw": "spouse",
                    "sense": "spouse",
                    "norm0": "dam,ŋu",
                    "pos": "N",
                    "epos": "N",
                    "base": "dam",
                    "morph": "~,ŋu"
                  }
                },
                {
                  "node": "l",
                  "frag": "nu-me-⸢en⸣",
                  "id": "P230618.l0046a",
                  "ref": "P230618.31.2",
                  "inst": "me[to be]V/i",
                  "sig": "@obmc%sux:nu-me-en=me[be//to be]V/i'V/i$nu:me;en/me#nu:~;en",
                  "f": {
                    "lang": "sux",
                    "form": "nu-me-en",
                    "gdl": [
                      {
                        "v": "nu",
                        "id": "P230618.31.2.0",
                        "delim": "-"
                      },
                      {
                        "v": "me",
                        "id": "P230618.31.2.1",
                        "delim": "-"
                      },
                      {
                        "v": "en",
                        "id": "P230618.31.2.2",
                        "break": "damaged",
                        "ho": "1",
                        "hc": "1"
                      }
                    ],
                    "cf": "me",
                    "gw": "be",
                    "sense": "to be",
                    "norm0": "nu:me;en",
                    "pos": "V/i",
                    "epos": "V/i",
                    "base": "me",
                    "morph": "nu:~;en"
                  }
                },
                {
                  "node": "d",
                  "type": "line-start",
                  "ref": "P230618.32",
                  "n": "8'",
                  "label": "o ii' 8'"
                },
                {
                  "node": "l",
                  "frag": "ba-na-an-[dug₄]",
                  "id": "P230618.l0046b",
                  "ref": "P230618.32.1",
                  "inst": "dug[to speak]V/t",
                  "sig": "@obmc%sux:ba-na-an-dug₄=dug[speak//to speak]V/t'V/t$ba.na.n:dug/dug₄#ba.na.n:~",
                  "f": {
                    "lang": "sux",
                    "form": "ba-na-an-dug₄",
                    "gdl": [
                      {
                        "v": "ba",
                        "id": "P230618.32.1.0",
                        "delim": "-"
                      },
                      {
                        "v": "na",
                        "id": "P230618.32.1.1",
                        "delim": "-"
                      },
                      {
                        "v": "an",
                        "id": "P230618.32.1.2",
                        "delim": "-"
                      },
                      {
                        "v": "dug₄",
                        "id": "P230618.32.1.3",
                        "breakStart": "1",
                        "o": "]",
                        "break": "missing",
                        "breakEnd": "P230618.32.1.3"
                      }
                    ],
                    "cf": "dug",
                    "gw": "speak",
                    "sense": "to speak",
                    "norm0": "ba.na.n:dug",
                    "pos": "V/t",
                    "epos": "V/t",
                    "base": "dug₄",
                    "morph": "ba.na.n:~"
                  }
                },
                {
                  "node": "d",
                  "type": "line-start",
                  "ref": "P230618.33",
                  "n": "9'",
                  "label": "o ii' 9'"
                },
                {
                  "node": "c",
                  "type": "phrase",
                  "tag": "phr",
                  "id": "P230618.U5",
                  "ref": "P230618.ls00001",
                  "cdl": [
                    {
                      "node": "l",
                      "frag": "umbin",
                      "id": "P230618.l0046c",
                      "ref": "P230618.33.1",
                      "inst": "umbin[wheel]N",
                      "sig": "@obmc%sux:umbin=umbin[wheel//wheel]N'N$umbin/umbin#~",
                      "f": {
                        "lang": "sux",
                        "form": "umbin",
                        "delim": "",
                        "gdl": [
                          {
                            "v": "umbin",
                            "id": "P230618.33.1.0"
                          }
                        ],
                        "cf": "umbin",
                        "gw": "wheel",
                        "sense": "wheel",
                        "norm0": "umbin",
                        "pos": "N",
                        "epos": "N",
                        "base": "umbin",
                        "morph": "~"
                      }
                    },
                    {
                      "node": "l",
                      "frag": "al-TAR-[re-ne]",
                      "id": "P230618.l0046d",
                      "ref": "P230618.33.2",
                      "inst": "TAR[cvve]V/t/TAR#al:~;e.ene",
                      "sig": "@obmc%sux:al-TAR-re-ne=TAR[cvve//cvve]V/t'V/t$al:TAR;e.ene/TAR#al:~;e.ene",
                      "f": {
                        "lang": "sux",
                        "form": "al-TAR-re-ne",
                        "gdl": [
                          {
                            "v": "al",
                            "id": "P230618.33.2.0",
                            "delim": "-"
                          },
                          {
                            "s": "TAR",
                            "id": "P230618.33.2.1",
                            "delim": "-"
                          },
                          {
                            "v": "re",
                            "id": "P230618.33.2.2",
                            "breakStart": "1",
                            "o": "[",
                            "break": "missing",
                            "delim": "-"
                          },
                          {
                            "v": "ne",
                            "id": "P230618.33.2.3",
                            "break": "missing",
                            "o": "]",
                            "breakEnd": "P230618.33.2.2"
                          }
                        ],
                        "cf": "TAR",
                        "gw": "cvve",
                        "sense": "cvve",
                        "norm0": "al:TAR;e.ene",
                        "pos": "V/t",
                        "epos": "V/t",
                        "base": "TAR",
                        "morph": "al:~;e.ene"
                      }
                    }
                  ]
                },
                {
                  "node": "d",
                  "type": "line-start",
                  "ref": "P230618.34",
                  "n": "10'",
                  "label": "o ii' 10'"
                },
                {
                  "node": "l",
                  "frag": "kug-še₃",
                  "id": "P230618.l0046e",
                  "ref": "P230618.34.1",
                  "inst": "kug[metal, silver]N",
                  "exosig": "@obmc%sux:kug-še₃=kug[metal//metal, silver]N'N$kug,eše/kug#~,eše",
                  "exoprj": "epsd2",
                  "exolng": "sux",
                  "f": {
                    "lang": "sux",
                    "form": "kug-še₃",
                    "delim": "",
                    "gdl": [
                      {
                        "v": "kug",
                        "id": "P230618.34.1.0",
                        "delim": "-"
                      },
                      {
                        "v": "še₃",
                        "id": "P230618.34.1.1"
                      }
                    ],
                    "cf": "kug",
                    "gw": "metal",
                    "sense": "metal, silver",
                    "norm0": "kug,eše",
                    "pos": "N",
                    "epos": "N",
                    "base": "kug",
                    "morph": "~,eše"
                  }
                },
                {
                  "node": "l",
                  "frag": "ba-ra-[...]",
                  "id": "P230618.l0046f",
                  "ref": "P230618.34.2",
                  "inst": "u",
                  "f": {
                    "lang": "sux",
                    "form": "ba-ra-x",
                    "gdl": [
                      {
                        "v": "ba",
                        "id": "P230618.34.2.0",
                        "delim": "-"
                      },
                      {
                        "v": "ra",
                        "id": "P230618.34.2.1",
                        "delim": "-"
                      },
                      {
                        "x": "ellipsis",
                        "id": "P230618.34.2.2",
                        "breakStart": "1",
                        "break": "missing",
                        "o": "]",
                        "breakEnd": "P230618.34.2.2"
                      }
                    ],
                    "pos": "u"
                  }
                },
                {
                  "node": "d",
                  "type": "line-start",
                  "ref": "P230618.35",
                  "n": "11'",
                  "label": "o ii' 11'"
                },
                {
                  "node": "l",
                  "frag": "u₃",
                  "id": "P230618.l00470",
                  "ref": "P230618.35.1",
                  "inst": "u[and]CNJ",
                  "sig": "@obmc%sux:u₃=u[and//and]CNJ'CNJ$u/u₃#~",
                  "f": {
                    "lang": "sux",
                    "form": "u₃",
                    "delim": "",
                    "gdl": [
                      {
                        "v": "u₃",
                        "id": "P230618.35.1.0"
                      }
                    ],
                    "cf": "u",
                    "gw": "and",
                    "sense": "and",
                    "norm0": "u",
                    "pos": "CNJ",
                    "epos": "CNJ",
                    "base": "u₃",
                    "morph": "~"
                  }
                },
                {
                  "node": "l",
                  "frag": "a-ha-[tum",
                  "id": "P230618.l00471",
                  "ref": "P230618.35.2",
                  "inst": "Ahatum[]PN/a-ha-tum#~",
                  "sig": "@obmc%sux:a-ha-tum=Ahatum[1//1]PN'PN$Ahatum/a-ha-tum#~",
                  "f": {
                    "lang": "sux",
                    "form": "a-ha-tum",
                    "delim": "",
                    "gdl": [
                      {
                        "v": "a",
                        "id": "P230618.35.2.0",
                        "delim": "-"
                      },
                      {
                        "v": "ha",
                        "id": "P230618.35.2.1",
                        "delim": "-"
                      },
                      {
                        "v": "tum",
                        "id": "P230618.35.2.2",
                        "breakStart": "1",
                        "o": "[",
                        "break": "missing"
                      }
                    ],
                    "cf": "Ahatum",
                    "gw": "1",
                    "sense": "1",
                    "norm0": "Ahatum",
                    "pos": "PN",
                    "epos": "PN",
                    "base": "a-ha-tum",
                    "morph": "~"
                  }
                },
                {
                  "node": "l",
                  "frag": "i-din-...]",
                  "id": "P230618.l00472",
                  "ref": "P230618.35.3",
                  "inst": "u",
                  "f": {
                    "lang": "sux",
                    "form": "i-din-x",
                    "gdl": [
                      {
                        "v": "i",
                        "id": "P230618.35.3.0",
                        "break": "missing",
                        "delim": "-"
                      },
                      {
                        "v": "din",
                        "id": "P230618.35.3.1",
                        "break": "missing",
                        "delim": "-"
                      },
                      {
                        "x": "ellipsis",
                        "id": "P230618.35.3.2",
                        "break": "missing",
                        "o": "]",
                        "breakEnd": "P230618.35.2.2"
                      }
                    ],
                    "pos": "u"
                  }
                },
                {
                  "node": "d",
                  "type": "line-start",
                  "ref": "P230618.36",
                  "n": "12'",
                  "label": "o ii' 12'"
                },
                {
                  "node": "l",
                  "frag": "dam-a-[ni-ra]",
                  "id": "P230618.l00473",
                  "ref": "P230618.36.1",
                  "inst": "dam[spouse]N",
                  "sig": "@obmc%sux:dam-a-ni-ra=dam[spouse//spouse]N'N$dam,ani.ra/dam#~,ani.ra",
                  "f": {
                    "lang": "sux",
                    "form": "dam-a-ni-ra",
                    "gdl": [
                      {
                        "v": "dam",
                        "id": "P230618.36.1.0",
                        "delim": "-"
                      },
                      {
                        "v": "a",
                        "id": "P230618.36.1.1",
                        "delim": "-"
                      },
                      {
                        "v": "ni",
                        "id": "P230618.36.1.2",
                        "breakStart": "1",
                        "o": "[",
                        "break": "missing",
                        "delim": "-"
                      },
                      {
                        "v": "ra",
                        "id": "P230618.36.1.3",
                        "break": "missing",
                        "o": "]",
                        "breakEnd": "P230618.36.1.2"
                      }
                    ],
                    "cf": "dam",
                    "gw": "spouse",
                    "sense": "spouse",
                    "norm0": "dam,ani.ra",
                    "pos": "N",
                    "epos": "N",
                    "base": "dam",
                    "morph": "~,ani.ra"
                  }
                },
                {
                  "node": "d",
                  "type": "line-start",
                  "ref": "P230618.37",
                  "n": "13'",
                  "label": "o ii' 13'"
                },
                {
                  "node": "l",
                  "frag": "dam-ŋu₁₀",
                  "id": "P230618.l00474",
                  "ref": "P230618.37.1",
                  "inst": "dam[spouse]N",
                  "sig": "@obmc%sux:dam-ŋu₁₀=dam[spouse//spouse]N'N$dam,ŋu/dam#~,ŋu",
                  "f": {
                    "lang": "sux",
                    "form": "dam-ŋu₁₀",
                    "delim": "",
                    "gdl": [
                      {
                        "v": "dam",
                        "id": "P230618.37.1.0",
                        "delim": "-"
                      },
                      {
                        "v": "ŋu₁₀",
                        "id": "P230618.37.1.1"
                      }
                    ],
                    "cf": "dam",
                    "gw": "spouse",
                    "sense": "spouse",
                    "norm0": "dam,ŋu",
                    "pos": "N",
                    "epos": "N",
                    "base": "dam",
                    "morph": "~,ŋu"
                  }
                },
                {
                  "node": "l",
                  "frag": "[nu-me-en]",
                  "id": "P230618.l00475",
                  "ref": "P230618.37.2",
                  "inst": "me[to be]V/i",
                  "sig": "@obmc%sux:nu-me-en=me[be//to be]V/i'V/i$nu:me;en/me#nu:~;en",
                  "f": {
                    "lang": "sux",
                    "form": "nu-me-en",
                    "gdl": [
                      {
                        "v": "nu",
                        "id": "P230618.37.2.0",
                        "breakStart": "1",
                        "o": "[",
                        "break": "missing",
                        "delim": "-"
                      },
                      {
                        "v": "me",
                        "id": "P230618.37.2.1",
                        "break": "missing",
                        "delim": "-"
                      },
                      {
                        "v": "en",
                        "id": "P230618.37.2.2",
                        "break": "missing",
                        "o": "]",
                        "breakEnd": "P230618.37.2.0"
                      }
                    ],
                    "cf": "me",
                    "gw": "be",
                    "sense": "to be",
                    "norm0": "nu:me;en",
                    "pos": "V/i",
                    "epos": "V/i",
                    "base": "me",
                    "morph": "nu:~;en"
                  }
                },
                {
                  "node": "d",
                  "type": "line-start",
                  "ref": "P230618.38",
                  "n": "14'",
                  "label": "o ii' 14'"
                },
                {
                  "node": "l",
                  "frag": "ba-⸢na⸣-[an-dug₄]",
                  "id": "P230618.l00476",
                  "ref": "P230618.38.1",
                  "inst": "dug[to speak]V/t",
                  "sig": "@obmc%sux:ba-na-an-dug₄=dug[speak//to speak]V/t'V/t$ba.na.n:dug/dug₄#ba.na.n:~",
                  "f": {
                    "lang": "sux",
                    "form": "ba-na-an-dug₄",
                    "gdl": [
                      {
                        "v": "ba",
                        "id": "P230618.38.1.0",
                        "delim": "-"
                      },
                      {
                        "v": "na",
                        "id": "P230618.38.1.1",
                        "break": "damaged",
                        "ho": "1",
                        "delim": "-",
                        "hc": "1"
                      },
                      {
                        "v": "an",
                        "id": "P230618.38.1.2",
                        "breakStart": "1",
                        "o": "[",
                        "break": "missing",
                        "delim": "-"
                      },
                      {
                        "v": "dug₄",
                        "id": "P230618.38.1.3",
                        "break": "missing",
                        "o": "]",
                        "breakEnd": "P230618.38.1.2"
                      }
                    ],
                    "cf": "dug",
                    "gw": "speak",
                    "sense": "to speak",
                    "norm0": "ba.na.n:dug",
                    "pos": "V/t",
                    "epos": "V/t",
                    "base": "dug₄",
                    "morph": "ba.na.n:~"
                  }
                },
                {
                  "node": "d",
                  "type": "line-start",
                  "ref": "P230618.39",
                  "n": "15'",
                  "label": "o ii' 15'"
                },
                {
                  "node": "l",
                  "frag": "⸢x⸣",
                  "id": "P230618.l00477",
                  "ref": "P230618.39.1",
                  "inst": "u",
                  "f": {
                    "lang": "sux",
                    "form": "x",
                    "delim": "",
                    "gdl": [
                      {
                        "v": "x",
                        "id": "P230618.39.1.0",
                        "break": "damaged",
                        "ho": "1",
                        "hc": "1"
                      }
                    ],
                    "pos": "u"
                  }
                },
                {
                  "node": "l",
                  "frag": "[...]",
                  "id": "P230618.l00478",
                  "ref": "P230618.39.2",
                  "inst": "u",
                  "f": {
                    "lang": "sux",
                    "form": "x",
                    "gdl": [
                      {
                        "x": "ellipsis",
                        "id": "P230618.39.2.0",
                        "breakStart": "1",
                        "break": "missing",
                        "o": "]",
                        "breakEnd": "P230618.39.2.0"
                      }
                    ],
                    "pos": "u"
                  }
                },
                {
                  "node": "d",
                  "type": "nonx",
                  "ref": "P230618.40",
                  "strict": "1",
                  "extent": "rest",
                  "scope": "column",
                  "state": "missing"
                }
              ]
            }
          ]
        }
      ]
    },
    {
      "linkbase": [
        {
          "type": "linkset",
          "xlink_title": "inim ŋar[sue//to sue, to make a legal claim]V/t'V/t",
          "id": "P230618.ls00000",
          "xlink_type": "extended",
          "xlink_role": "psu",
          "sig": "{inim nu-um-ŋa₂-ŋa₂-a = inim[word]N ŋar[place]V/t += inim ŋar[sue//to sue, to make a legal claim]V/t'V/t}::@obmc%sux:inim=inim[word//word]N'N$inim/inim#~++@obmc%sux:nu-um-ŋa₂-ŋa₂-a=ŋar[place//to place on, put on]V/t'V/t$nu.m:ŋar;a/ŋa₂-ŋa₂#nu.m:~;a",
          "links": [
            {
              "type": "link",
              "xlink_title": "inim",
              "xlink_type": "locator",
              "xlink_href": "#P230618.l00451",
              "xlink_role": "elt"
            },
            {
              "type": "link",
              "xlink_title": "ŋar",
              "xlink_type": "locator",
              "xlink_href": "#P230618.l00452",
              "xlink_role": "elt"
            }
          ]
        },
        {
          "type": "linkset",
          "xlink_title": "umbin TAR[shave//to shave]V/t'V/t",
          "id": "P230618.ls00001",
          "xlink_type": "extended",
          "xlink_role": "psu",
          "sig": "{umbin al-TAR-re-ne = umbin[wheel]N TAR[cvve]V/t += umbin TAR[shave//to shave]V/t'V/t}::@obmc%sux:umbin=umbin[wheel//wheel]N'N$umbin/umbin#~++@obmc%sux:al-TAR-re-ne=TAR[cvve//cvve]V/t'V/t$al:TAR;e.ene/TAR#al:~;e.ene",
          "links": [
            {
              "type": "link",
              "xlink_title": "umbin",
              "xlink_type": "locator",
              "xlink_href": "#P230618.l0046c",
              "xlink_role": "elt"
            },
            {
              "type": "link",
              "xlink_title": "TAR",
              "xlink_type": "locator",
              "xlink_href": "#P230618.l0046d",
              "xlink_role": "elt"
            }
          ]
        }
      ]
    }
  ]
}
