{
  "type": "cdl",
  "project": "obmc",
  "source": "http://oracc.org/obmc",
  "license": "This data is released under the CC0 license",
  "license-url": "https://creativecommons.org/publicdomain/zero/1.0/",
  "more-info": "http://oracc.org/doc/opendata/",
  "UTC-timestamp": "2019-02-04T17:10:41",
  "textid": "P230806",
  "cdl": [
    {
      "node": "c",
      "type": "text",
      "id": "P230806.U0",
      "cdl": [
        {
          "node": "d",
          "subtype": "tablet",
          "type": "tablet",
          "ref": "P230806.x65.1",
          "label": "x65"
        },
        {
          "node": "d",
          "subtype": "obverse",
          "type": "obverse",
          "ref": "P230806.o.2",
          "label": "o"
        },
        {
          "node": "d",
          "subtype": "column 1o '",
          "type": "column",
          "ref": "P230806.o.i_.3",
          "n": "1",
          "label": "o i'"
        },
        {
          "node": "d",
          "type": "nonx",
          "ref": "P230806.4",
          "strict": "0",
          "state": "other"
        },
        {
          "node": "d",
          "subtype": "column 2o '",
          "type": "column",
          "ref": "P230806.o.ii_.5",
          "n": "2",
          "label": "o ii'"
        },
        {
          "node": "c",
          "type": "discourse",
          "subtype": "body",
          "id": "P230806.U1",
          "cdl": [
            {
              "node": "c",
              "type": "sentence",
              "implicit": "yes",
              "id": "P230806.U2",
              "label": "o ii' 1' - o ii' 10'",
              "cdl": [
                {
                  "node": "d",
                  "type": "line-start",
                  "ref": "P230806.6",
                  "n": "1'",
                  "label": "o ii' 1'"
                },
                {
                  "node": "l",
                  "frag": "⸢mu-ni⸣-[im]",
                  "id": "P230806.l00b9c",
                  "ref": "P230806.6.1",
                  "inst": "mu[name]N",
                  "sig": "@obmc%sux:mu-ni-im=mu[name//name]N'N$mu,ani.am/mu#~,ani.am",
                  "f": {
                    "lang": "sux",
                    "form": "mu-ni-im",
                    "gdl": [
                      {
                        "v": "mu",
                        "id": "P230806.6.1.0",
                        "break": "damaged",
                        "ho": "1",
                        "delim": "-"
                      },
                      {
                        "v": "ni",
                        "id": "P230806.6.1.1",
                        "break": "damaged",
                        "delim": "-",
                        "hc": "1"
                      },
                      {
                        "v": "im",
                        "id": "P230806.6.1.2",
                        "breakStart": "1",
                        "o": "]",
                        "break": "missing",
                        "breakEnd": "P230806.6.1.2"
                      }
                    ],
                    "cf": "mu",
                    "gw": "name",
                    "sense": "name",
                    "norm0": "mu,ani.am",
                    "pos": "N",
                    "epos": "N",
                    "base": "mu",
                    "morph": "~,ani.am"
                  }
                },
                {
                  "node": "d",
                  "type": "line-start",
                  "ref": "P230806.7",
                  "n": "2'",
                  "label": "o ii' 2'"
                },
                {
                  "node": "l",
                  "frag": "arad",
                  "id": "P230806.l00b9d",
                  "ref": "P230806.7.1",
                  "inst": "arad[slave, servant]N",
                  "sig": "@obmc%sux:arad=arad[slave//slave]N'N$arad/arad#~",
                  "f": {
                    "lang": "sux",
                    "form": "arad",
                    "delim": "",
                    "gdl": [
                      {
                        "v": "arad",
                        "id": "P230806.7.1.0"
                      }
                    ],
                    "cf": "arad",
                    "gw": "slave",
                    "sense": "slave",
                    "norm0": "arad",
                    "pos": "N",
                    "epos": "N",
                    "base": "arad",
                    "morph": "~"
                  }
                },
                {
                  "node": "l",
                  "frag": "{d}⸢nin⸣-[urta-palil]",
                  "id": "P230806.l00b9e",
                  "ref": "P230806.7.2",
                  "inst": "Ninurta-palil[1]PN",
                  "sig": "@obmc%sux:{d}nin-urta-palil=Ninurta-palil[1//1]PN'PN$Ninurta-palil/{d}nin-urta-palil#~",
                  "f": {
                    "lang": "sux",
                    "form": "{d}nin-urta-palil",
                    "gdl": [
                      {
                        "det": "semantic",
                        "pos": "pre",
                        "seq": [
                          {
                            "v": "d",
                            "id": "P230806.7.2.0"
                          }
                        ]
                      },
                      {
                        "v": "nin",
                        "id": "P230806.7.2.1",
                        "break": "damaged",
                        "ho": "1",
                        "delim": "-",
                        "hc": "1"
                      },
                      {
                        "v": "urta",
                        "id": "P230806.7.2.2",
                        "breakStart": "1",
                        "o": "[",
                        "break": "missing",
                        "delim": "-"
                      },
                      {
                        "v": "palil",
                        "id": "P230806.7.2.3",
                        "break": "missing",
                        "o": "]",
                        "breakEnd": "P230806.7.2.2"
                      }
                    ],
                    "cf": "Ninurta-palil",
                    "gw": "1",
                    "sense": "1",
                    "norm0": "Ninurta-palil",
                    "pos": "PN",
                    "epos": "PN",
                    "base": "{d}nin-urta-palil",
                    "morph": "~"
                  }
                },
                {
                  "node": "d",
                  "type": "line-start",
                  "ref": "P230806.8",
                  "n": "3'",
                  "label": "o ii' 3'"
                },
                {
                  "node": "l",
                  "frag": "{m}{d}nin-urta-[palil]",
                  "id": "P230806.l00b9f",
                  "ref": "P230806.8.1",
                  "inst": "Ninurta-palil[1]PN",
                  "sig": "@obmc%sux:{m}{d}nin-urta-palil=Ninurta-palil[1//1]PN'PN$Ninurta-palil/{m}{d}nin-urta-palil#~",
                  "f": {
                    "lang": "sux",
                    "form": "{m}{d}nin-urta-palil",
                    "delim": "",
                    "gdl": [
                      {
                        "det": "semantic",
                        "pos": "pre",
                        "seq": [
                          {
                            "v": "m",
                            "id": "P230806.8.1.0"
                          }
                        ]
                      },
                      {
                        "det": "semantic",
                        "pos": "pre",
                        "seq": [
                          {
                            "v": "d",
                            "id": "P230806.8.1.1"
                          }
                        ]
                      },
                      {
                        "v": "nin",
                        "id": "P230806.8.1.2",
                        "delim": "-"
                      },
                      {
                        "v": "urta",
                        "id": "P230806.8.1.3",
                        "delim": "-"
                      },
                      {
                        "v": "palil",
                        "id": "P230806.8.1.4",
                        "breakStart": "1",
                        "o": "]",
                        "break": "missing",
                        "breakEnd": "P230806.8.1.4"
                      }
                    ],
                    "cf": "Ninurta-palil",
                    "gw": "1",
                    "sense": "1",
                    "norm0": "Ninurta-palil",
                    "pos": "PN",
                    "epos": "PN",
                    "base": "{m}{d}nin-urta-palil",
                    "morph": "~"
                  }
                },
                {
                  "node": "d",
                  "frag": "/",
                  "type": "punct",
                  "ref": "P230806.8.2",
                  "lang": "sux",
                  "delim": ""
                },
                {
                  "node": "l",
                  "frag": "lugal-a-[ni]",
                  "id": "P230806.l00ba0",
                  "ref": "P230806.8.3",
                  "inst": "lugal[owner]N",
                  "sig": "@obmc%sux:lugal-a-ni=lugal[king//owner]N'N$lugal,ani/lugal#~,ani",
                  "f": {
                    "lang": "sux",
                    "form": "lugal-a-ni",
                    "gdl": [
                      {
                        "v": "lugal",
                        "id": "P230806.8.3.0",
                        "delim": "-"
                      },
                      {
                        "v": "a",
                        "id": "P230806.8.3.1",
                        "delim": "-"
                      },
                      {
                        "v": "ni",
                        "id": "P230806.8.3.2",
                        "breakStart": "1",
                        "o": "]",
                        "break": "missing",
                        "breakEnd": "P230806.8.3.2"
                      }
                    ],
                    "cf": "lugal",
                    "gw": "king",
                    "sense": "owner",
                    "norm0": "lugal,ani",
                    "pos": "N",
                    "epos": "N",
                    "base": "lugal",
                    "morph": "~,ani"
                  }
                },
                {
                  "node": "d",
                  "type": "line-start",
                  "ref": "P230806.9",
                  "n": "4'",
                  "label": "o ii' 4'"
                },
                {
                  "node": "l",
                  "frag": "ama-ar-gi₄-[ni",
                  "id": "P230806.l00ba1",
                  "ref": "P230806.9.1",
                  "inst": "amargi[reversion]N",
                  "sig": "@obmc%sux:ama-ar-gi₄-ni=amargi[reversion//reversion]N'N$amargi,ani/ama-ar-gi₄#~,ani",
                  "f": {
                    "lang": "sux",
                    "form": "ama-ar-gi₄-ni",
                    "delim": "",
                    "gdl": [
                      {
                        "v": "ama",
                        "id": "P230806.9.1.0",
                        "delim": "-"
                      },
                      {
                        "v": "ar",
                        "id": "P230806.9.1.1",
                        "delim": "-"
                      },
                      {
                        "v": "gi₄",
                        "id": "P230806.9.1.2",
                        "delim": "-"
                      },
                      {
                        "v": "ni",
                        "id": "P230806.9.1.3",
                        "breakStart": "1",
                        "o": "[",
                        "break": "missing"
                      }
                    ],
                    "cf": "amargi",
                    "gw": "reversion",
                    "sense": "reversion",
                    "norm0": "amargi,ani",
                    "pos": "N",
                    "epos": "N",
                    "base": "ama-ar-gi₄",
                    "morph": "~,ani"
                  }
                },
                {
                  "node": "l",
                  "frag": "in-ŋar]",
                  "id": "P230806.l00ba2",
                  "ref": "P230806.9.2",
                  "inst": "ŋar[to place on, put on]V/t",
                  "sig": "@obmc%sux:in-ŋar=ŋar[place//to place on, put on]V/t'V/t$V.n:ŋar/ŋar#V.n:~",
                  "f": {
                    "lang": "sux",
                    "form": "in-ŋar",
                    "gdl": [
                      {
                        "v": "in",
                        "id": "P230806.9.2.0",
                        "break": "missing",
                        "delim": "-"
                      },
                      {
                        "v": "ŋar",
                        "id": "P230806.9.2.1",
                        "break": "missing",
                        "o": "]",
                        "breakEnd": "P230806.9.1.3"
                      }
                    ],
                    "cf": "ŋar",
                    "gw": "place",
                    "sense": "to place on, put on",
                    "norm0": "V.n:ŋar",
                    "pos": "V/t",
                    "epos": "V/t",
                    "base": "ŋar",
                    "morph": "V.n:~"
                  }
                },
                {
                  "node": "d",
                  "type": "line-start",
                  "ref": "P230806.10",
                  "n": "5'",
                  "label": "o ii' 5'"
                },
                {
                  "node": "l",
                  "frag": "saŋ-ki-ni",
                  "id": "P230806.l00ba3",
                  "ref": "P230806.10.1",
                  "inst": "saŋki[forehead, brow]N",
                  "sig": "@obmc%sux:saŋ-ki-ni=saŋki[forehead//forehead, brow]N'N$saŋki,ani/saŋ-ki#~,ani",
                  "f": {
                    "lang": "sux",
                    "form": "saŋ-ki-ni",
                    "delim": "",
                    "gdl": [
                      {
                        "v": "saŋ",
                        "id": "P230806.10.1.0",
                        "delim": "-"
                      },
                      {
                        "v": "ki",
                        "id": "P230806.10.1.1",
                        "delim": "-"
                      },
                      {
                        "v": "ni",
                        "id": "P230806.10.1.2"
                      }
                    ],
                    "cf": "saŋki",
                    "gw": "forehead",
                    "sense": "forehead, brow",
                    "norm0": "saŋki,ani",
                    "pos": "N",
                    "epos": "N",
                    "base": "saŋ-ki",
                    "morph": "~,ani"
                  }
                },
                {
                  "node": "l",
                  "frag": "in-[dadag]",
                  "id": "P230806.l00ba4",
                  "ref": "P230806.10.2",
                  "inst": "dadag[bright]V/i",
                  "sig": "@obmc%sux:in-dadag=dadag[bright//bright]V/i'V/i$V.n:dadag/dadag#V.n:~",
                  "f": {
                    "lang": "sux",
                    "form": "in-dadag",
                    "gdl": [
                      {
                        "v": "in",
                        "id": "P230806.10.2.0",
                        "delim": "-"
                      },
                      {
                        "v": "dadag",
                        "id": "P230806.10.2.1",
                        "breakStart": "1",
                        "o": "]",
                        "break": "missing",
                        "breakEnd": "P230806.10.2.1"
                      }
                    ],
                    "cf": "dadag",
                    "gw": "bright",
                    "sense": "bright",
                    "norm0": "V.n:dadag",
                    "pos": "V/i",
                    "epos": "V/i",
                    "base": "dadag",
                    "morph": "V.n:~"
                  }
                },
                {
                  "node": "d",
                  "type": "line-start",
                  "ref": "P230806.11",
                  "n": "6'",
                  "label": "o ii' 6'"
                },
                {
                  "node": "l",
                  "frag": "{m}a-bu-um-wa-[qar]",
                  "id": "P230806.l00ba5",
                  "ref": "P230806.11.1",
                  "inst": "Abum-waqar[1]PN",
                  "sig": "@obmc%sux:{m}a-bu-um-wa-qar=Abum-waqar[1//1]PN'PN$Abum-waqar/{m}a-bu-um-wa-qar#~",
                  "f": {
                    "lang": "sux",
                    "form": "{m}a-bu-um-wa-qar",
                    "gdl": [
                      {
                        "det": "semantic",
                        "pos": "pre",
                        "seq": [
                          {
                            "v": "m",
                            "id": "P230806.11.1.0"
                          }
                        ]
                      },
                      {
                        "v": "a",
                        "id": "P230806.11.1.1",
                        "delim": "-"
                      },
                      {
                        "v": "bu",
                        "id": "P230806.11.1.2",
                        "delim": "-"
                      },
                      {
                        "v": "um",
                        "id": "P230806.11.1.3",
                        "delim": "-"
                      },
                      {
                        "v": "wa",
                        "id": "P230806.11.1.4",
                        "delim": "-"
                      },
                      {
                        "v": "qar",
                        "id": "P230806.11.1.5",
                        "breakStart": "1",
                        "o": "]",
                        "break": "missing",
                        "breakEnd": "P230806.11.1.5"
                      }
                    ],
                    "cf": "Abum-waqar",
                    "gw": "1",
                    "sense": "1",
                    "norm0": "Abum-waqar",
                    "pos": "PN",
                    "epos": "PN",
                    "base": "{m}a-bu-um-wa-qar",
                    "morph": "~"
                  }
                },
                {
                  "node": "d",
                  "type": "line-start",
                  "ref": "P230806.12",
                  "n": "7'",
                  "label": "o ii' 7'"
                },
                {
                  "node": "l",
                  "frag": "ud",
                  "id": "P230806.l00ba6",
                  "ref": "P230806.12.1",
                  "inst": "ud[day]N",
                  "sig": "@obmc%sux:ud=ud[sun//day]N'N$ud/ud#~",
                  "f": {
                    "lang": "sux",
                    "form": "ud",
                    "delim": "",
                    "gdl": [
                      {
                        "v": "ud",
                        "id": "P230806.12.1.0"
                      }
                    ],
                    "cf": "ud",
                    "gw": "sun",
                    "sense": "day",
                    "norm0": "ud",
                    "pos": "N",
                    "epos": "N",
                    "base": "ud",
                    "morph": "~"
                  }
                },
                {
                  "node": "l",
                  "frag": "til₃-[la-ni-še₃]",
                  "id": "P230806.l00ba7",
                  "ref": "P230806.12.2",
                  "inst": "til[live]V/i",
                  "sig": "@obmc%sux:til₃-la-ni-še₃=til[live//live]V/i'V/i$til;*a,ani.eše/til₃#~;*a,ani.eše",
                  "f": {
                    "lang": "sux",
                    "form": "til₃-la-ni-še₃",
                    "gdl": [
                      {
                        "v": "til₃",
                        "id": "P230806.12.2.0",
                        "delim": "-"
                      },
                      {
                        "v": "la",
                        "id": "P230806.12.2.1",
                        "breakStart": "1",
                        "o": "[",
                        "break": "missing",
                        "delim": "-"
                      },
                      {
                        "v": "ni",
                        "id": "P230806.12.2.2",
                        "break": "missing",
                        "delim": "-"
                      },
                      {
                        "v": "še₃",
                        "id": "P230806.12.2.3",
                        "break": "missing",
                        "o": "]",
                        "breakEnd": "P230806.12.2.1"
                      }
                    ],
                    "cf": "til",
                    "gw": "live",
                    "sense": "live",
                    "norm0": "til;*a,ani.eše",
                    "pos": "V/i",
                    "epos": "V/i",
                    "base": "til₃",
                    "morph": "~;*a,ani.eše"
                  }
                },
                {
                  "node": "d",
                  "type": "line-start",
                  "ref": "P230806.13",
                  "n": "8'",
                  "label": "o ii' 8'"
                },
                {
                  "node": "l",
                  "frag": "igi-ni-še₃",
                  "id": "P230806.l00ba8",
                  "ref": "P230806.13.1",
                  "inst": "igi[face]N",
                  "sig": "@obmc%sux:igi-ni-še₃=igi[face//face]N'N$igi,ani.eše/igi#~,ani.eše",
                  "f": {
                    "lang": "sux",
                    "form": "igi-ni-še₃",
                    "delim": "",
                    "gdl": [
                      {
                        "v": "igi",
                        "id": "P230806.13.1.0",
                        "delim": "-"
                      },
                      {
                        "v": "ni",
                        "id": "P230806.13.1.1",
                        "delim": "-"
                      },
                      {
                        "v": "še₃",
                        "id": "P230806.13.1.2"
                      }
                    ],
                    "cf": "igi",
                    "gw": "face",
                    "sense": "face",
                    "norm0": "igi,ani.eše",
                    "pos": "N",
                    "epos": "N",
                    "base": "igi",
                    "morph": "~,ani.eše"
                  }
                },
                {
                  "node": "l",
                  "frag": "i₃-[gub-bu]",
                  "id": "P230806.l00ba9",
                  "ref": "P230806.13.2",
                  "inst": "gub[stand]V/i/gub#V:~;e",
                  "sig": "@obmc%sux:i₃-gub-bu=gub[stand//stand]V/i'V/i$V:gub;e/gub#V:~;e",
                  "f": {
                    "lang": "sux",
                    "form": "i₃-gub-bu",
                    "gdl": [
                      {
                        "v": "i₃",
                        "id": "P230806.13.2.0",
                        "delim": "-"
                      },
                      {
                        "v": "gub",
                        "id": "P230806.13.2.1",
                        "breakStart": "1",
                        "o": "[",
                        "break": "missing",
                        "delim": "-"
                      },
                      {
                        "v": "bu",
                        "id": "P230806.13.2.2",
                        "break": "missing",
                        "o": "]",
                        "breakEnd": "P230806.13.2.1"
                      }
                    ],
                    "cf": "gub",
                    "gw": "stand",
                    "sense": "stand",
                    "norm0": "V:gub;e",
                    "pos": "V/i",
                    "epos": "V/i",
                    "base": "gub",
                    "morph": "V:~;e"
                  }
                },
                {
                  "node": "d",
                  "type": "line-start",
                  "ref": "P230806.14",
                  "n": "9'",
                  "label": "o ii' 9'"
                },
                {
                  "node": "l",
                  "frag": "egir",
                  "id": "P230806.l00baa",
                  "ref": "P230806.14.1",
                  "inst": "egir[back, rear]N",
                  "sig": "@obmc%sux:egir=egir[back//back, rear]N'N$egir/egir#~",
                  "f": {
                    "lang": "sux",
                    "form": "egir",
                    "delim": "",
                    "gdl": [
                      {
                        "v": "egir",
                        "id": "P230806.14.1.0"
                      }
                    ],
                    "cf": "egir",
                    "gw": "back",
                    "sense": "back, rear",
                    "norm0": "egir",
                    "pos": "N",
                    "epos": "N",
                    "base": "egir",
                    "morph": "~"
                  }
                },
                {
                  "node": "l",
                  "frag": "{d}⸢nin⸣-[urta-palil]",
                  "id": "P230806.l00bab",
                  "ref": "P230806.14.2",
                  "inst": "Ninurta-palil[1]PN",
                  "sig": "@obmc%sux:{d}nin-urta-palil=Ninurta-palil[1//1]PN'PN$Ninurta-palil/{d}nin-urta-palil#~",
                  "f": {
                    "lang": "sux",
                    "form": "{d}nin-urta-palil",
                    "gdl": [
                      {
                        "det": "semantic",
                        "pos": "pre",
                        "seq": [
                          {
                            "v": "d",
                            "id": "P230806.14.2.0"
                          }
                        ]
                      },
                      {
                        "v": "nin",
                        "id": "P230806.14.2.1",
                        "break": "damaged",
                        "ho": "1",
                        "delim": "-",
                        "hc": "1"
                      },
                      {
                        "v": "urta",
                        "id": "P230806.14.2.2",
                        "breakStart": "1",
                        "o": "[",
                        "break": "missing",
                        "delim": "-"
                      },
                      {
                        "v": "palil",
                        "id": "P230806.14.2.3",
                        "break": "missing",
                        "o": "]",
                        "breakEnd": "P230806.14.2.2"
                      }
                    ],
                    "cf": "Ninurta-palil",
                    "gw": "1",
                    "sense": "1",
                    "norm0": "Ninurta-palil",
                    "pos": "PN",
                    "epos": "PN",
                    "base": "{d}nin-urta-palil",
                    "morph": "~"
                  }
                },
                {
                  "node": "d",
                  "type": "line-start",
                  "ref": "P230806.15",
                  "n": "10'",
                  "label": "o ii' 10'"
                },
                {
                  "node": "l",
                  "frag": "⸢ba⸣-[uš₂-a-ta]",
                  "id": "P230806.l00bac",
                  "ref": "P230806.15.1",
                  "inst": "uš[to die]V/i",
                  "sig": "@obmc%sux:ba-uš₂-a-ta=uš[die//to die]V/i'V/i$ba:uš;a,ta/uš₂#ba:~;a,ta",
                  "f": {
                    "lang": "sux",
                    "form": "ba-uš₂-a-ta",
                    "gdl": [
                      {
                        "v": "ba",
                        "id": "P230806.15.1.0",
                        "break": "damaged",
                        "ho": "1",
                        "delim": "-",
                        "hc": "1"
                      },
                      {
                        "v": "uš₂",
                        "id": "P230806.15.1.1",
                        "breakStart": "1",
                        "o": "[",
                        "break": "missing",
                        "delim": "-"
                      },
                      {
                        "v": "a",
                        "id": "P230806.15.1.2",
                        "break": "missing",
                        "delim": "-"
                      },
                      {
                        "v": "ta",
                        "id": "P230806.15.1.3",
                        "break": "missing",
                        "o": "]",
                        "breakEnd": "P230806.15.1.1"
                      }
                    ],
                    "cf": "uš",
                    "gw": "die",
                    "sense": "to die",
                    "norm0": "ba:uš;a,ta",
                    "pos": "V/i",
                    "epos": "V/i",
                    "base": "uš₂",
                    "morph": "ba:~;a,ta"
                  }
                },
                {
                  "node": "d",
                  "type": "nonx",
                  "ref": "P230806.16",
                  "strict": "1",
                  "extent": "rest",
                  "scope": "column",
                  "state": "missing"
                }
              ]
            }
          ]
        }
      ]
    }
  ]
}
