{
  "type": "cdl",
  "project": "obmc",
  "source": "http://oracc.org/obmc",
  "license": "This data is released under the CC0 license",
  "license-url": "https://creativecommons.org/publicdomain/zero/1.0/",
  "more-info": "http://oracc.org/doc/opendata/",
  "UTC-timestamp": "2019-01-31T16:12:50",
  "textid": "P230625",
  "cdl": [
    {
      "node": "c",
      "type": "text",
      "id": "P230625.U0",
      "cdl": [
        {
          "node": "d",
          "subtype": "tablet",
          "type": "tablet",
          "ref": "P230625.x26.1",
          "label": "x26"
        },
        {
          "node": "d",
          "subtype": "obverse",
          "type": "obverse",
          "ref": "P230625.o.2",
          "label": "o"
        },
        {
          "node": "d",
          "subtype": "column 1o '",
          "type": "column",
          "ref": "P230625.o.i_.3",
          "n": "1",
          "label": "o i'"
        },
        {
          "node": "c",
          "type": "discourse",
          "subtype": "body",
          "id": "P230625.U1",
          "cdl": [
            {
              "node": "c",
              "type": "sentence",
              "implicit": "yes",
              "id": "P230625.U2",
              "label": "o i' 1' - o ii' 8'",
              "cdl": [
                {
                  "node": "d",
                  "type": "line-start",
                  "ref": "P230625.4",
                  "n": "1'",
                  "label": "o i' 1'"
                },
                {
                  "node": "l",
                  "frag": "[...]",
                  "id": "P230625.l0059c",
                  "ref": "P230625.4.1",
                  "inst": "u",
                  "f": {
                    "lang": "sux",
                    "form": "x",
                    "delim": "",
                    "gdl": [
                      {
                        "x": "ellipsis",
                        "id": "P230625.4.1.0",
                        "breakStart": "1",
                        "break": "missing",
                        "o": "]",
                        "breakEnd": "P230625.4.1.0"
                      }
                    ],
                    "pos": "u"
                  }
                },
                {
                  "node": "l",
                  "frag": "x",
                  "id": "P230625.l0059d",
                  "ref": "P230625.4.2",
                  "inst": "u",
                  "f": {
                    "lang": "sux",
                    "form": "x",
                    "gdl": [
                      {
                        "v": "x",
                        "id": "P230625.4.2.0"
                      }
                    ],
                    "pos": "u"
                  }
                },
                {
                  "node": "d",
                  "type": "line-start",
                  "ref": "P230625.5",
                  "n": "2'",
                  "label": "o i' 2'"
                },
                {
                  "node": "l",
                  "frag": "[maš₂-bi]-še₃",
                  "id": "P230625.l0059e",
                  "ref": "P230625.5.1",
                  "inst": "maš[interest (on a loan)]N",
                  "sig": "@obmc%sux:maš₂-bi-še₃=maš[interest//interest (on a loan)]N'N$maš,bi.eše/maš₂#~,bi.eše",
                  "f": {
                    "lang": "sux",
                    "form": "maš₂-bi-še₃",
                    "gdl": [
                      {
                        "v": "maš₂",
                        "id": "P230625.5.1.0",
                        "breakStart": "1",
                        "o": "[",
                        "break": "missing",
                        "delim": "-"
                      },
                      {
                        "v": "bi",
                        "id": "P230625.5.1.1",
                        "break": "missing",
                        "o": "]",
                        "breakEnd": "P230625.5.1.0",
                        "delim": "-"
                      },
                      {
                        "v": "še₃",
                        "id": "P230625.5.1.2"
                      }
                    ],
                    "cf": "maš",
                    "gw": "interest",
                    "sense": "interest (on a loan)",
                    "norm0": "maš,bi.eše",
                    "pos": "N",
                    "epos": "N",
                    "base": "maš₂",
                    "morph": "~,bi.eše"
                  }
                },
                {
                  "node": "d",
                  "type": "line-start",
                  "ref": "P230625.6",
                  "n": "3'",
                  "label": "o i' 3'"
                },
                {
                  "node": "l",
                  "frag": "{m}ša-at-eš₄-tar₂",
                  "id": "P230625.l0059f",
                  "ref": "P230625.6.1",
                  "inst": "Šat-Eštar[1]PN",
                  "sig": "@obmc%sux:{m}ša-at-eš₄-tar₂=Šat-Eštar[1//1]PN'PN$Šat-Eštar/{m}ša-at-eš₄-tar₂#~",
                  "f": {
                    "lang": "sux",
                    "form": "{m}ša-at-eš₄-tar₂",
                    "delim": "",
                    "gdl": [
                      {
                        "det": "semantic",
                        "pos": "pre",
                        "seq": [
                          {
                            "v": "m",
                            "id": "P230625.6.1.0"
                          }
                        ]
                      },
                      {
                        "v": "ša",
                        "id": "P230625.6.1.1",
                        "delim": "-"
                      },
                      {
                        "v": "at",
                        "id": "P230625.6.1.2",
                        "delim": "-"
                      },
                      {
                        "v": "eš₄",
                        "id": "P230625.6.1.3",
                        "delim": "-"
                      },
                      {
                        "v": "tar₂",
                        "id": "P230625.6.1.4"
                      }
                    ],
                    "cf": "Šat-Eštar",
                    "gw": "1",
                    "sense": "1",
                    "norm0": "Šat-Eštar",
                    "pos": "PN",
                    "epos": "PN",
                    "base": "{m}ša-at-eš₄-tar₂",
                    "morph": "~"
                  }
                },
                {
                  "node": "l",
                  "frag": "saŋ-munus",
                  "id": "P230625.l005a0",
                  "ref": "P230625.6.2",
                  "inst": "saŋmunus[woman]N",
                  "sig": "@obmc%sux:saŋ-munus=saŋmunus[woman//woman]N'N$saŋmunus/saŋ-munus#~",
                  "f": {
                    "lang": "sux",
                    "form": "saŋ-munus",
                    "gdl": [
                      {
                        "v": "saŋ",
                        "id": "P230625.6.2.0",
                        "delim": "-"
                      },
                      {
                        "v": "munus",
                        "id": "P230625.6.2.1"
                      }
                    ],
                    "cf": "saŋmunus",
                    "gw": "woman",
                    "sense": "woman",
                    "norm0": "saŋmunus",
                    "pos": "N",
                    "epos": "N",
                    "base": "saŋ-munus",
                    "morph": "~"
                  }
                },
                {
                  "node": "d",
                  "type": "line-start",
                  "ref": "P230625.7",
                  "n": "4'",
                  "label": "o i' 4'"
                },
                {
                  "node": "l",
                  "frag": "geme₂",
                  "id": "P230625.l005a1",
                  "ref": "P230625.7.1",
                  "inst": "geme[female servant, slave]N",
                  "sig": "@obmc%sux:geme₂=geme[worker//female servant, slave]N'N$geme/geme₂#~",
                  "f": {
                    "lang": "sux",
                    "form": "geme₂",
                    "delim": "",
                    "gdl": [
                      {
                        "v": "geme₂",
                        "id": "P230625.7.1.0"
                      }
                    ],
                    "cf": "geme",
                    "gw": "worker",
                    "sense": "female servant, slave",
                    "norm0": "geme",
                    "pos": "N",
                    "epos": "N",
                    "base": "geme₂",
                    "morph": "~"
                  }
                },
                {
                  "node": "l",
                  "frag": "i-pi₂-iq-eš₄-tar₂",
                  "id": "P230625.l005a2",
                  "ref": "P230625.7.2",
                  "inst": "Ipiq-Eštar[]PN/i-pi₂-iq-eš₄-tar₂#~",
                  "sig": "@obmc%sux:i-pi₂-iq-eš₄-tar₂=Ipiq-Eštar[1//1]PN'PN$Ipiq-Eštar/i-pi₂-iq-eš₄-tar₂#~",
                  "f": {
                    "lang": "sux",
                    "form": "i-pi₂-iq-eš₄-tar₂",
                    "gdl": [
                      {
                        "v": "i",
                        "id": "P230625.7.2.0",
                        "delim": "-"
                      },
                      {
                        "v": "pi₂",
                        "id": "P230625.7.2.1",
                        "delim": "-"
                      },
                      {
                        "v": "iq",
                        "id": "P230625.7.2.2",
                        "delim": "-"
                      },
                      {
                        "v": "eš₄",
                        "id": "P230625.7.2.3",
                        "delim": "-"
                      },
                      {
                        "v": "tar₂",
                        "id": "P230625.7.2.4"
                      }
                    ],
                    "cf": "Ipiq-Eštar",
                    "gw": "1",
                    "sense": "1",
                    "norm0": "Ipiq-Eštar",
                    "pos": "PN",
                    "epos": "PN",
                    "base": "i-pi₂-iq-eš₄-tar₂",
                    "morph": "~"
                  }
                },
                {
                  "node": "d",
                  "type": "line-start",
                  "ref": "P230625.8",
                  "n": "5'",
                  "label": "o i' 5'"
                },
                {
                  "node": "l",
                  "frag": "kug-ta",
                  "id": "P230625.l005a3",
                  "ref": "P230625.8.1",
                  "inst": "kug[silver]N",
                  "sig": "@obmc%sux:kug-ta=kug[metal//silver]N'N$kug,ta/kug#~,ta",
                  "f": {
                    "lang": "sux",
                    "form": "kug-ta",
                    "delim": "",
                    "gdl": [
                      {
                        "v": "kug",
                        "id": "P230625.8.1.0",
                        "delim": "-"
                      },
                      {
                        "v": "ta",
                        "id": "P230625.8.1.1"
                      }
                    ],
                    "cf": "kug",
                    "gw": "metal",
                    "sense": "silver",
                    "norm0": "kug,ta",
                    "pos": "N",
                    "epos": "N",
                    "base": "kug",
                    "morph": "~,ta"
                  }
                },
                {
                  "node": "l",
                  "frag": "gub-ba-aš",
                  "id": "P230625.l005a4",
                  "ref": "P230625.8.2",
                  "inst": "gub[to stand]V/i",
                  "sig": "@obmc%sux:gub-ba-aš=gub[stand//to stand]V/i'V/i$gub;a,eše/gub#~;a,eše",
                  "f": {
                    "lang": "sux",
                    "form": "gub-ba-aš",
                    "gdl": [
                      {
                        "v": "gub",
                        "id": "P230625.8.2.0",
                        "delim": "-"
                      },
                      {
                        "v": "ba",
                        "id": "P230625.8.2.1",
                        "delim": "-"
                      },
                      {
                        "v": "aš",
                        "id": "P230625.8.2.2"
                      }
                    ],
                    "cf": "gub",
                    "gw": "stand",
                    "sense": "to stand",
                    "norm0": "gub;a,eše",
                    "pos": "V/i",
                    "epos": "V/i",
                    "base": "gub",
                    "morph": "~;a,eše"
                  }
                },
                {
                  "node": "d",
                  "type": "line-start",
                  "ref": "P230625.9",
                  "n": "6'",
                  "label": "o i' 6'"
                },
                {
                  "node": "l",
                  "frag": "ib₂-ta-gub",
                  "id": "P230625.l005a5",
                  "ref": "P230625.9.1",
                  "inst": "gub[stand//be pledged]V/i'V/i/gub#V.b.ta:~",
                  "sig": "@obmc%sux:ib₂-ta-gub=gub[stand//be pledged]V/i'V/i$V.b.ta:gub/gub#V.b.ta:~",
                  "f": {
                    "lang": "sux",
                    "form": "ib₂-ta-gub",
                    "gdl": [
                      {
                        "v": "ib₂",
                        "id": "P230625.9.1.0",
                        "delim": "-"
                      },
                      {
                        "v": "ta",
                        "id": "P230625.9.1.1",
                        "delim": "-"
                      },
                      {
                        "v": "gub",
                        "id": "P230625.9.1.2"
                      }
                    ],
                    "cf": "gub",
                    "gw": "stand",
                    "sense": "be pledged",
                    "norm0": "V.b.ta:gub",
                    "pos": "V/i",
                    "epos": "V/i",
                    "base": "gub",
                    "morph": "V.b.ta:~"
                  }
                },
                {
                  "node": "d",
                  "type": "line-start",
                  "ref": "P230625.10",
                  "n": "7'",
                  "label": "o i' 7'"
                },
                {
                  "node": "l",
                  "frag": "tukum-bi",
                  "id": "P230625.l005a6",
                  "ref": "P230625.10.1",
                  "inst": "tukumbi[if]CNJ",
                  "sig": "@obmc%sux:tukum-bi=tukumbi[if//if]CNJ'CNJ$tukumbi/tukum-bi#~",
                  "f": {
                    "lang": "sux",
                    "form": "tukum-bi",
                    "gdl": [
                      {
                        "v": "tukum",
                        "id": "P230625.10.1.0",
                        "delim": "-"
                      },
                      {
                        "v": "bi",
                        "id": "P230625.10.1.1"
                      }
                    ],
                    "cf": "tukumbi",
                    "gw": "if",
                    "sense": "if",
                    "norm0": "tukumbi",
                    "pos": "CNJ",
                    "epos": "CNJ",
                    "base": "tukum-bi",
                    "morph": "~"
                  }
                },
                {
                  "node": "d",
                  "type": "line-start",
                  "ref": "P230625.11",
                  "n": "8'",
                  "label": "o i' 8'"
                },
                {
                  "node": "l",
                  "frag": "geme₂",
                  "id": "P230625.l005a7",
                  "ref": "P230625.11.1",
                  "inst": "geme[female servant, slave]N",
                  "sig": "@obmc%sux:geme₂=geme[worker//female servant, slave]N'N$geme/geme₂#~",
                  "f": {
                    "lang": "sux",
                    "form": "geme₂",
                    "delim": "",
                    "gdl": [
                      {
                        "v": "geme₂",
                        "id": "P230625.11.1.0"
                      }
                    ],
                    "cf": "geme",
                    "gw": "worker",
                    "sense": "female servant, slave",
                    "norm0": "geme",
                    "pos": "N",
                    "epos": "N",
                    "base": "geme₂",
                    "morph": "~"
                  }
                },
                {
                  "node": "c",
                  "type": "phrase",
                  "tag": "phr",
                  "id": "P230625.U4",
                  "ref": "P230625.ls00000",
                  "cdl": [
                    {
                      "node": "l",
                      "frag": "ŋa₂-la",
                      "id": "P230625.l005a8",
                      "ref": "P230625.11.2",
                      "inst": "ŋala[cvne]N",
                      "sig": "@obmc%sux:ŋa₂-la=ŋala[cvne//(compound verb nominal element)]N'N$ŋala/ŋa₂-la#~",
                      "f": {
                        "lang": "sux",
                        "form": "ŋa₂-la",
                        "delim": "",
                        "gdl": [
                          {
                            "v": "ŋa₂",
                            "id": "P230625.11.2.0",
                            "delim": "-"
                          },
                          {
                            "v": "la",
                            "id": "P230625.11.2.1"
                          }
                        ],
                        "cf": "ŋala",
                        "gw": "cvne",
                        "sense": "(compound verb nominal element)",
                        "norm0": "ŋala",
                        "pos": "N",
                        "epos": "N",
                        "base": "ŋa₂-la",
                        "morph": "~"
                      }
                    },
                    {
                      "node": "l",
                      "frag": "ba-an-dag",
                      "id": "P230625.l005a9",
                      "ref": "P230625.11.3",
                      "inst": "dag[demolish]V/t",
                      "sig": "@obmc%sux:ba-an-dag=dag[demolish//to demolish]V/t'V/t$ba.n:dag/dag#ba.n:~",
                      "f": {
                        "lang": "sux",
                        "form": "ba-an-dag",
                        "gdl": [
                          {
                            "v": "ba",
                            "id": "P230625.11.3.0",
                            "delim": "-"
                          },
                          {
                            "v": "an",
                            "id": "P230625.11.3.1",
                            "delim": "-"
                          },
                          {
                            "v": "dag",
                            "id": "P230625.11.3.2"
                          }
                        ],
                        "cf": "dag",
                        "gw": "demolish",
                        "sense": "to demolish",
                        "norm0": "ba.n:dag",
                        "pos": "V/t",
                        "epos": "V/t",
                        "base": "dag",
                        "morph": "ba.n:~"
                      }
                    }
                  ]
                },
                {
                  "node": "d",
                  "type": "line-start",
                  "ref": "P230625.12",
                  "n": "9'",
                  "label": "o i' 9'"
                },
                {
                  "node": "l",
                  "frag": "[ud]",
                  "id": "P230625.l005aa",
                  "ref": "P230625.12.1",
                  "inst": "ud[day]N",
                  "sig": "@obmc%sux:ud=ud[sun//day]N'N$ud/ud#~",
                  "f": {
                    "lang": "sux",
                    "form": "ud",
                    "delim": "",
                    "gdl": [
                      {
                        "v": "ud",
                        "id": "P230625.12.1.0",
                        "breakStart": "1",
                        "o": "]",
                        "break": "missing",
                        "breakEnd": "P230625.12.1.0"
                      }
                    ],
                    "cf": "ud",
                    "gw": "sun",
                    "sense": "day",
                    "norm0": "ud",
                    "pos": "N",
                    "epos": "N",
                    "base": "ud",
                    "morph": "~"
                  }
                },
                {
                  "node": "l",
                  "frag": "1-še₃",
                  "id": "P230625.l005ab",
                  "ref": "P230625.12.2",
                  "inst": "n",
                  "f": {
                    "lang": "sux",
                    "form": "1-še₃",
                    "delim": "",
                    "gdl": [
                      {
                        "n": "n",
                        "sexified": "1(diš)",
                        "form": "1",
                        "id": "P230625.12.2.0",
                        "delim": "-",
                        "seq": [
                          {
                            "r": "1"
                          }
                        ]
                      },
                      {
                        "v": "še₃",
                        "id": "P230625.12.2.1"
                      }
                    ],
                    "pos": "n"
                  }
                },
                {
                  "node": "l",
                  "frag": "a₂-ni-⸢še₃⸣",
                  "id": "P230625.l005ac",
                  "ref": "P230625.12.3",
                  "inst": "a[arm//wage]N",
                  "sig": "@obmc%sux:a₂-ni-še₃=a[arm//wage]N'N$a,ani.eše/a₂#~,ani.eše",
                  "f": {
                    "lang": "sux",
                    "form": "a₂-ni-še₃",
                    "gdl": [
                      {
                        "v": "a₂",
                        "id": "P230625.12.3.0",
                        "delim": "-"
                      },
                      {
                        "v": "ni",
                        "id": "P230625.12.3.1",
                        "delim": "-"
                      },
                      {
                        "v": "še₃",
                        "id": "P230625.12.3.2",
                        "break": "damaged",
                        "ho": "1",
                        "hc": "1"
                      }
                    ],
                    "cf": "a",
                    "gw": "arm",
                    "sense": "wage",
                    "norm0": "a,ani.eše",
                    "pos": "N",
                    "epos": "N",
                    "base": "a₂",
                    "morph": "~,ani.eše"
                  }
                },
                {
                  "node": "d",
                  "type": "line-start",
                  "ref": "P230625.13",
                  "n": "10'",
                  "label": "o i' 10'"
                },
                {
                  "node": "l",
                  "frag": "1(ban₂)",
                  "id": "P230625.l005ad",
                  "ref": "P230625.13.1",
                  "inst": "n",
                  "f": {
                    "lang": "sux",
                    "form": "1(ban₂)",
                    "delim": "",
                    "gdl": [
                      {
                        "n": "n",
                        "form": "1(ban₂)",
                        "id": "P230625.13.1.0",
                        "breakStart": "1",
                        "o": "]",
                        "break": "missing",
                        "breakEnd": "P230625.13.1.0",
                        "seq": [
                          {
                            "r": "1"
                          },
                          {
                            "v": "ban₂"
                          }
                        ]
                      }
                    ],
                    "pos": "n"
                  }
                },
                {
                  "node": "l",
                  "frag": "še-⸢ta⸣-[am₃]",
                  "id": "P230625.l005ae",
                  "ref": "P230625.13.2",
                  "inst": "še[barley]N",
                  "sig": "@obmc%sux:še-ta-am₃=še[barley//barley]N'N$še,ta.am/še#~,ta.am",
                  "f": {
                    "lang": "sux",
                    "form": "še-ta-am₃",
                    "gdl": [
                      {
                        "v": "še",
                        "id": "P230625.13.2.0",
                        "delim": "-"
                      },
                      {
                        "v": "ta",
                        "id": "P230625.13.2.1",
                        "break": "damaged",
                        "ho": "1",
                        "delim": "-",
                        "hc": "1"
                      },
                      {
                        "v": "am₃",
                        "id": "P230625.13.2.2",
                        "breakStart": "1",
                        "o": "]",
                        "break": "missing",
                        "breakEnd": "P230625.13.2.2"
                      }
                    ],
                    "cf": "še",
                    "gw": "barley",
                    "sense": "barley",
                    "norm0": "še,ta.am",
                    "pos": "N",
                    "epos": "N",
                    "base": "še",
                    "morph": "~,ta.am"
                  }
                },
                {
                  "node": "d",
                  "type": "line-start",
                  "ref": "P230625.14",
                  "n": "11'",
                  "label": "o i' 11'"
                },
                {
                  "node": "l",
                  "frag": "[al-aŋ₂-e]",
                  "id": "P230625.l005af",
                  "ref": "P230625.14.1",
                  "inst": "aŋ[to measure]V/t",
                  "sig": "@obmc%sux:al-aŋ₂-e=aŋ[measure//to measure]V/t'V/t$al:aŋ;e/aŋ₂#al:~;e",
                  "f": {
                    "lang": "sux",
                    "form": "al-aŋ₂-e",
                    "gdl": [
                      {
                        "v": "al",
                        "id": "P230625.14.1.0",
                        "breakStart": "1",
                        "o": "[",
                        "break": "missing",
                        "delim": "-"
                      },
                      {
                        "v": "aŋ₂",
                        "id": "P230625.14.1.1",
                        "break": "missing",
                        "delim": "-"
                      },
                      {
                        "v": "e",
                        "id": "P230625.14.1.2",
                        "break": "missing",
                        "o": "]",
                        "breakEnd": "P230625.14.1.0"
                      }
                    ],
                    "cf": "aŋ",
                    "gw": "measure",
                    "sense": "to measure",
                    "norm0": "al:aŋ;e",
                    "pos": "V/t",
                    "epos": "V/t",
                    "base": "aŋ₂",
                    "morph": "al:~;e"
                  }
                },
                {
                  "node": "d",
                  "type": "nonx",
                  "ref": "P230625.15",
                  "strict": "1",
                  "extent": "rest",
                  "scope": "column",
                  "state": "missing"
                },
                {
                  "node": "d",
                  "subtype": "column 2o '",
                  "type": "column",
                  "ref": "P230625.o.ii_.16",
                  "n": "2",
                  "label": "o ii'"
                },
                {
                  "node": "d",
                  "type": "line-start",
                  "ref": "P230625.17",
                  "n": "1'",
                  "label": "o ii' 1'"
                },
                {
                  "node": "l",
                  "frag": "tukum-⸢bi⸣",
                  "id": "P230625.l005b0",
                  "ref": "P230625.17.1",
                  "inst": "tukumbi[if]CNJ",
                  "sig": "@obmc%sux:tukum-bi=tukumbi[if//if]CNJ'CNJ$tukumbi/tukum-bi#~",
                  "f": {
                    "lang": "sux",
                    "form": "tukum-bi",
                    "gdl": [
                      {
                        "v": "tukum",
                        "id": "P230625.17.1.0",
                        "delim": "-"
                      },
                      {
                        "v": "bi",
                        "id": "P230625.17.1.1",
                        "break": "damaged",
                        "ho": "1",
                        "hc": "1"
                      }
                    ],
                    "cf": "tukumbi",
                    "gw": "if",
                    "sense": "if",
                    "norm0": "tukumbi",
                    "pos": "CNJ",
                    "epos": "CNJ",
                    "base": "tukum-bi",
                    "morph": "~"
                  }
                },
                {
                  "node": "d",
                  "type": "line-start",
                  "ref": "P230625.18",
                  "n": "2'",
                  "label": "o ii' 2'"
                },
                {
                  "node": "l",
                  "frag": "{m}{d}[...]",
                  "id": "P230625.l005b1",
                  "ref": "P230625.18.1",
                  "inst": "u",
                  "f": {
                    "lang": "sux",
                    "form": "{m}{d}x",
                    "gdl": [
                      {
                        "det": "semantic",
                        "pos": "pre",
                        "seq": [
                          {
                            "v": "m",
                            "id": "P230625.18.1.0"
                          }
                        ]
                      },
                      {
                        "det": "semantic",
                        "pos": "pre",
                        "seq": [
                          {
                            "v": "d",
                            "id": "P230625.18.1.1"
                          }
                        ]
                      },
                      {
                        "x": "ellipsis",
                        "id": "P230625.18.1.2",
                        "breakStart": "1",
                        "break": "missing",
                        "o": "]",
                        "breakEnd": "P230625.18.1.2"
                      }
                    ],
                    "pos": "u"
                  }
                },
                {
                  "node": "d",
                  "type": "line-start",
                  "ref": "P230625.19",
                  "n": "3'",
                  "label": "o ii' 3'"
                },
                {
                  "node": "c",
                  "type": "phrase",
                  "tag": "phr",
                  "id": "P230625.U5",
                  "ref": "P230625.ls00001",
                  "cdl": [
                    {
                      "node": "l",
                      "frag": "ŋa₂-la",
                      "id": "P230625.l005b2",
                      "ref": "P230625.19.1",
                      "inst": "ŋala[cvne]N",
                      "sig": "@obmc%sux:ŋa₂-la=ŋala[cvne//(compound verb nominal element)]N'N$ŋala/ŋa₂-la#~",
                      "f": {
                        "lang": "sux",
                        "form": "ŋa₂-la",
                        "delim": "",
                        "gdl": [
                          {
                            "v": "ŋa₂",
                            "id": "P230625.19.1.0",
                            "delim": "-"
                          },
                          {
                            "v": "la",
                            "id": "P230625.19.1.1"
                          }
                        ],
                        "cf": "ŋala",
                        "gw": "cvne",
                        "sense": "(compound verb nominal element)",
                        "norm0": "ŋala",
                        "pos": "N",
                        "epos": "N",
                        "base": "ŋa₂-la",
                        "morph": "~"
                      }
                    },
                    {
                      "node": "l",
                      "frag": "ba-⸢an⸣-[dag]",
                      "id": "P230625.l005b3",
                      "ref": "P230625.19.2",
                      "inst": "dag[demolish]V/t",
                      "sig": "@obmc%sux:ba-an-dag=dag[demolish//to demolish]V/t'V/t$ba.n:dag/dag#ba.n:~",
                      "f": {
                        "lang": "sux",
                        "form": "ba-an-dag",
                        "gdl": [
                          {
                            "v": "ba",
                            "id": "P230625.19.2.0",
                            "delim": "-"
                          },
                          {
                            "v": "an",
                            "id": "P230625.19.2.1",
                            "break": "damaged",
                            "ho": "1",
                            "delim": "-",
                            "hc": "1"
                          },
                          {
                            "v": "dag",
                            "id": "P230625.19.2.2",
                            "breakStart": "1",
                            "o": "]",
                            "break": "missing",
                            "breakEnd": "P230625.19.2.2"
                          }
                        ],
                        "cf": "dag",
                        "gw": "demolish",
                        "sense": "to demolish",
                        "norm0": "ba.n:dag",
                        "pos": "V/t",
                        "epos": "V/t",
                        "base": "dag",
                        "morph": "ba.n:~"
                      }
                    }
                  ]
                },
                {
                  "node": "d",
                  "type": "line-start",
                  "ref": "P230625.20",
                  "n": "4'",
                  "label": "o ii' 4'"
                },
                {
                  "node": "l",
                  "frag": "ud",
                  "id": "P230625.l005b4",
                  "ref": "P230625.20.1",
                  "inst": "ud[day]N",
                  "sig": "@obmc%sux:ud=ud[sun//day]N'N$ud/ud#~",
                  "f": {
                    "lang": "sux",
                    "form": "ud",
                    "delim": "",
                    "gdl": [
                      {
                        "v": "ud",
                        "id": "P230625.20.1.0"
                      }
                    ],
                    "cf": "ud",
                    "gw": "sun",
                    "sense": "day",
                    "norm0": "ud",
                    "pos": "N",
                    "epos": "N",
                    "base": "ud",
                    "morph": "~"
                  }
                },
                {
                  "node": "l",
                  "frag": "1-še₃",
                  "id": "P230625.l005b5",
                  "ref": "P230625.20.2",
                  "inst": "n",
                  "f": {
                    "lang": "sux",
                    "form": "1-še₃",
                    "delim": "",
                    "gdl": [
                      {
                        "n": "n",
                        "sexified": "1(diš)",
                        "form": "1",
                        "id": "P230625.20.2.0",
                        "delim": "-",
                        "seq": [
                          {
                            "r": "1"
                          }
                        ]
                      },
                      {
                        "v": "še₃",
                        "id": "P230625.20.2.1"
                      }
                    ],
                    "pos": "n"
                  }
                },
                {
                  "node": "l",
                  "frag": "a₂-ni-še₃",
                  "id": "P230625.l005b6",
                  "ref": "P230625.20.3",
                  "inst": "a[wage]N",
                  "sig": "@obmc%sux:a₂-ni-še₃=a[arm//wage]N'N$a,ani.eše/a₂#~,ani.eše",
                  "f": {
                    "lang": "sux",
                    "form": "a₂-ni-še₃",
                    "gdl": [
                      {
                        "v": "a₂",
                        "id": "P230625.20.3.0",
                        "delim": "-"
                      },
                      {
                        "v": "ni",
                        "id": "P230625.20.3.1",
                        "delim": "-"
                      },
                      {
                        "v": "še₃",
                        "id": "P230625.20.3.2"
                      }
                    ],
                    "cf": "a",
                    "gw": "arm",
                    "sense": "wage",
                    "norm0": "a,ani.eše",
                    "pos": "N",
                    "epos": "N",
                    "base": "a₂",
                    "morph": "~,ani.eše"
                  }
                },
                {
                  "node": "d",
                  "type": "line-start",
                  "ref": "P230625.21",
                  "n": "5'",
                  "label": "o ii' 5'"
                },
                {
                  "node": "l",
                  "frag": "1(ban₂)",
                  "id": "P230625.l005b7",
                  "ref": "P230625.21.1",
                  "inst": "n",
                  "f": {
                    "lang": "sux",
                    "form": "1(ban₂)",
                    "delim": "",
                    "gdl": [
                      {
                        "n": "n",
                        "form": "1(ban₂)",
                        "id": "P230625.21.1.0",
                        "seq": [
                          {
                            "r": "1"
                          },
                          {
                            "v": "ban₂"
                          }
                        ]
                      }
                    ],
                    "pos": "n"
                  }
                },
                {
                  "node": "l",
                  "frag": "še-ta-am₃",
                  "id": "P230625.l005b8",
                  "ref": "P230625.21.2",
                  "inst": "še[barley]N",
                  "sig": "@obmc%sux:še-ta-am₃=še[barley//barley]N'N$še,ta.am/še#~,ta.am",
                  "f": {
                    "lang": "sux",
                    "form": "še-ta-am₃",
                    "gdl": [
                      {
                        "v": "še",
                        "id": "P230625.21.2.0",
                        "delim": "-"
                      },
                      {
                        "v": "ta",
                        "id": "P230625.21.2.1",
                        "delim": "-"
                      },
                      {
                        "v": "am₃",
                        "id": "P230625.21.2.2"
                      }
                    ],
                    "cf": "še",
                    "gw": "barley",
                    "sense": "barley",
                    "norm0": "še,ta.am",
                    "pos": "N",
                    "epos": "N",
                    "base": "še",
                    "morph": "~,ta.am"
                  }
                },
                {
                  "node": "d",
                  "type": "line-start",
                  "ref": "P230625.22",
                  "n": "6'",
                  "label": "o ii' 6'"
                },
                {
                  "node": "l",
                  "frag": "al-aŋ₂-e",
                  "id": "P230625.l005b9",
                  "ref": "P230625.22.1",
                  "inst": "aŋ[to measure]V/t",
                  "sig": "@obmc%sux:al-aŋ₂-e=aŋ[measure//to measure]V/t'V/t$al:aŋ;e/aŋ₂#al:~;e",
                  "f": {
                    "lang": "sux",
                    "form": "al-aŋ₂-e",
                    "gdl": [
                      {
                        "v": "al",
                        "id": "P230625.22.1.0",
                        "delim": "-"
                      },
                      {
                        "v": "aŋ₂",
                        "id": "P230625.22.1.1",
                        "delim": "-"
                      },
                      {
                        "v": "e",
                        "id": "P230625.22.1.2"
                      }
                    ],
                    "cf": "aŋ",
                    "gw": "measure",
                    "sense": "to measure",
                    "norm0": "al:aŋ;e",
                    "pos": "V/t",
                    "epos": "V/t",
                    "base": "aŋ₂",
                    "morph": "al:~;e"
                  }
                },
                {
                  "node": "d",
                  "type": "line-start",
                  "ref": "P230625.23",
                  "n": "7'",
                  "label": "o ii' 7'"
                },
                {
                  "node": "l",
                  "frag": "kug-babbar",
                  "id": "P230625.l005ba",
                  "ref": "P230625.23.1",
                  "inst": "kugbabbar[silver]N",
                  "sig": "@obmc%sux:kug-babbar=kugbabbar[silver//silver]N'N$kugbabbar/kug-babbar#~",
                  "f": {
                    "lang": "sux",
                    "form": "kug-babbar",
                    "delim": "",
                    "gdl": [
                      {
                        "v": "kug",
                        "id": "P230625.23.1.0",
                        "delim": "-"
                      },
                      {
                        "v": "babbar",
                        "id": "P230625.23.1.1"
                      }
                    ],
                    "cf": "kugbabbar",
                    "gw": "silver",
                    "sense": "silver",
                    "norm0": "kugbabbar",
                    "pos": "N",
                    "epos": "N",
                    "base": "kug-babbar",
                    "morph": "~"
                  }
                },
                {
                  "node": "l",
                  "frag": "gur-da-bi",
                  "id": "P230625.l005bb",
                  "ref": "P230625.23.2",
                  "inst": "gur[return]V/t",
                  "sig": "@obmc%sux:gur-da-bi=gur[turn//to return]V/i'V/t$gur;ed.a,bi/gur#~;ed.a,bi",
                  "f": {
                    "lang": "sux",
                    "form": "gur-da-bi",
                    "gdl": [
                      {
                        "v": "gur",
                        "id": "P230625.23.2.0",
                        "delim": "-"
                      },
                      {
                        "v": "da",
                        "id": "P230625.23.2.1",
                        "delim": "-"
                      },
                      {
                        "v": "bi",
                        "id": "P230625.23.2.2"
                      }
                    ],
                    "cf": "gur",
                    "gw": "turn",
                    "sense": "to return",
                    "norm0": "gur;ed.a,bi",
                    "pos": "V/i",
                    "epos": "V/t",
                    "base": "gur",
                    "morph": "~;ed.a,bi"
                  }
                },
                {
                  "node": "d",
                  "type": "line-start",
                  "ref": "P230625.24",
                  "n": "8'",
                  "label": "o ii' 8'"
                },
                {
                  "node": "l",
                  "frag": "arad₂-da-ni",
                  "id": "P230625.l005bc",
                  "ref": "P230625.24.1",
                  "inst": "arad[slave]N/arad₂#~,ani",
                  "sig": "@obmc%sux:arad₂-da-ni=arad[slave//slave]N'N$arad,ani/arad₂#~,ani",
                  "f": {
                    "lang": "sux",
                    "form": "arad₂-da-ni",
                    "delim": "",
                    "gdl": [
                      {
                        "v": "arad₂",
                        "id": "P230625.24.1.0",
                        "delim": "-"
                      },
                      {
                        "v": "da",
                        "id": "P230625.24.1.1",
                        "delim": "-"
                      },
                      {
                        "v": "ni",
                        "id": "P230625.24.1.2"
                      }
                    ],
                    "cf": "arad",
                    "gw": "slave",
                    "sense": "slave",
                    "norm0": "arad,ani",
                    "pos": "N",
                    "epos": "N",
                    "base": "arad₂",
                    "morph": "~,ani"
                  }
                },
                {
                  "node": "l",
                  "frag": "ba-an-tum₃",
                  "id": "P230625.l005bd",
                  "ref": "P230625.24.2",
                  "inst": "tum[to bring]V/t",
                  "sig": "@obmc%sux:ba-an-tum₃=tum[bring//to bring]V/t'V/t$ba.n:tum/tum₃#ba.n:~",
                  "f": {
                    "lang": "sux",
                    "form": "ba-an-tum₃",
                    "gdl": [
                      {
                        "v": "ba",
                        "id": "P230625.24.2.0",
                        "delim": "-"
                      },
                      {
                        "v": "an",
                        "id": "P230625.24.2.1",
                        "delim": "-"
                      },
                      {
                        "v": "tum₃",
                        "id": "P230625.24.2.2"
                      }
                    ],
                    "cf": "tum",
                    "gw": "bring",
                    "sense": "to bring",
                    "norm0": "ba.n:tum",
                    "pos": "V/t",
                    "epos": "V/t",
                    "base": "tum₃",
                    "morph": "ba.n:~"
                  }
                },
                {
                  "node": "d",
                  "type": "nonx",
                  "ref": "P230625.25",
                  "strict": "1",
                  "extent": "1",
                  "scope": "line",
                  "state": "erased"
                },
                {
                  "node": "d",
                  "type": "nonx",
                  "ref": "P230625.26",
                  "strict": "1",
                  "extent": "rest",
                  "scope": "column",
                  "state": "missing"
                },
                {
                  "node": "d",
                  "subtype": "reverse",
                  "type": "reverse",
                  "ref": "P230625.r.27",
                  "label": "r"
                },
                {
                  "node": "d",
                  "subtype": "column 1r '",
                  "type": "column",
                  "ref": "P230625.r.i_.28",
                  "n": "1",
                  "label": "r i'"
                },
                {
                  "node": "d",
                  "type": "nonx",
                  "ref": "P230625.29",
                  "strict": "1",
                  "extent": "n",
                  "scope": "line",
                  "state": "traces"
                }
              ]
            }
          ]
        }
      ]
    },
    {
      "linkbase": [
        {
          "type": "linkset",
          "xlink_title": "ŋala dag[cease//to cease]V/t'V/t",
          "id": "P230625.ls00000",
          "xlink_type": "extended",
          "xlink_role": "psu",
          "sig": "{ŋa₂-la ba-an-dag = ŋala[cvne]N dag[demolish]V/t += ŋala dag[cease//to cease]V/t'V/t}::@obmc%sux:ŋa₂-la=ŋala[cvne//(compound verb nominal element)]N'N$ŋala/ŋa₂-la#~++@obmc%sux:ba-an-dag=dag[demolish//to demolish]V/t'V/t$ba.n:dag/dag#ba.n:~",
          "links": [
            {
              "type": "link",
              "xlink_title": "ŋala",
              "xlink_type": "locator",
              "xlink_href": "#P230625.l005a8",
              "xlink_role": "elt"
            },
            {
              "type": "link",
              "xlink_title": "dag",
              "xlink_type": "locator",
              "xlink_href": "#P230625.l005a9",
              "xlink_role": "elt"
            }
          ]
        },
        {
          "type": "linkset",
          "xlink_title": "ŋala dag[cease//to cease]V/t'V/t",
          "id": "P230625.ls00001",
          "xlink_type": "extended",
          "xlink_role": "psu",
          "sig": "{ŋa₂-la ba-an-dag = ŋala[cvne]N dag[demolish]V/t += ŋala dag[cease//to cease]V/t'V/t}::@obmc%sux:ŋa₂-la=ŋala[cvne//(compound verb nominal element)]N'N$ŋala/ŋa₂-la#~++@obmc%sux:ba-an-dag=dag[demolish//to demolish]V/t'V/t$ba.n:dag/dag#ba.n:~",
          "links": [
            {
              "type": "link",
              "xlink_title": "ŋala",
              "xlink_type": "locator",
              "xlink_href": "#P230625.l005b2",
              "xlink_role": "elt"
            },
            {
              "type": "link",
              "xlink_title": "dag",
              "xlink_type": "locator",
              "xlink_href": "#P230625.l005b3",
              "xlink_role": "elt"
            }
          ]
        }
      ]
    }
  ]
}
