{
  "type": "cdl",
  "project": "obmc",
  "source": "http://oracc.org/obmc",
  "license": "This data is released under the CC0 license",
  "license-url": "https://creativecommons.org/publicdomain/zero/1.0/",
  "more-info": "http://oracc.org/doc/opendata/",
  "UTC-timestamp": "2019-01-31T16:12:48",
  "textid": "P230420",
  "cdl": [
    {
      "node": "c",
      "type": "text",
      "id": "P230420.U0",
      "cdl": [
        {
          "node": "d",
          "subtype": "tablet",
          "type": "tablet",
          "ref": "P230420.x18.1",
          "label": "x18"
        },
        {
          "node": "d",
          "subtype": "obverse",
          "type": "obverse",
          "ref": "P230420.o.2",
          "label": "o"
        },
        {
          "node": "d",
          "subtype": "column 1o",
          "type": "column",
          "ref": "P230420.o.i.3",
          "n": "1",
          "label": "o i"
        },
        {
          "node": "c",
          "type": "discourse",
          "subtype": "body",
          "id": "P230420.U1",
          "cdl": [
            {
              "node": "c",
              "type": "sentence",
              "implicit": "yes",
              "id": "P230420.U2",
              "label": "o i 1' - r i' 10'",
              "cdl": [
                {
                  "node": "d",
                  "type": "line-start",
                  "ref": "P230420.4",
                  "n": "1'",
                  "label": "o i 1'"
                },
                {
                  "node": "l",
                  "frag": "⸢sig₉-ge₄⸣-[de₃]",
                  "id": "P230420.l0037c",
                  "ref": "P230420.4.1",
                  "inst": "sig[put]V/t",
                  "sig": "@obmc%sux:sig₉-ge₄-de₃=sig[put//put]V/t'V/t$sig;ed.e/sig₉#~;ed.e",
                  "f": {
                    "lang": "sux",
                    "form": "sig₉-ge₄-de₃",
                    "gdl": [
                      {
                        "v": "sig₉",
                        "id": "P230420.4.1.0",
                        "break": "damaged",
                        "ho": "1",
                        "delim": "-"
                      },
                      {
                        "v": "ge₄",
                        "id": "P230420.4.1.1",
                        "break": "damaged",
                        "delim": "-",
                        "hc": "1"
                      },
                      {
                        "v": "de₃",
                        "id": "P230420.4.1.2",
                        "breakStart": "1",
                        "o": "]",
                        "break": "missing",
                        "breakEnd": "P230420.4.1.2"
                      }
                    ],
                    "cf": "sig",
                    "gw": "put",
                    "sense": "put",
                    "norm0": "sig;ed.e",
                    "pos": "V/t",
                    "epos": "V/t",
                    "base": "sig₉",
                    "morph": "~;ed.e"
                  }
                },
                {
                  "node": "d",
                  "type": "line-start",
                  "ref": "P230420.5",
                  "n": "2'",
                  "label": "o i 2'"
                },
                {
                  "node": "l",
                  "frag": "⸢ki",
                  "id": "P230420.l0037d",
                  "ref": "P230420.5.1",
                  "inst": "ki[place]N",
                  "sig": "@obmc%sux:ki=ki[place//place]N'N$ki/ki#~",
                  "f": {
                    "lang": "sux",
                    "form": "ki",
                    "delim": "",
                    "gdl": [
                      {
                        "v": "ki",
                        "id": "P230420.5.1.0",
                        "break": "damaged",
                        "ho": "1"
                      }
                    ],
                    "cf": "ki",
                    "gw": "place",
                    "sense": "place",
                    "norm0": "ki",
                    "pos": "N",
                    "epos": "N",
                    "base": "ki",
                    "morph": "~"
                  }
                },
                {
                  "node": "l",
                  "frag": "a⸣-hu-ni-⸢ta⸣",
                  "id": "P230420.l0037e",
                  "ref": "P230420.5.2",
                  "inst": "Ahuni[1]PN",
                  "sig": "@obmc%sux:a-hu-ni-ta=Ahuni[1//1]PN'PN$Ahuni,ta/a-hu-ni#~,ta",
                  "f": {
                    "lang": "sux",
                    "form": "a-hu-ni-ta",
                    "gdl": [
                      {
                        "v": "a",
                        "id": "P230420.5.2.0",
                        "break": "damaged",
                        "delim": "-",
                        "hc": "1"
                      },
                      {
                        "v": "hu",
                        "id": "P230420.5.2.1",
                        "delim": "-"
                      },
                      {
                        "v": "ni",
                        "id": "P230420.5.2.2",
                        "delim": "-"
                      },
                      {
                        "v": "ta",
                        "id": "P230420.5.2.3",
                        "break": "damaged",
                        "ho": "1",
                        "hc": "1"
                      }
                    ],
                    "cf": "Ahuni",
                    "gw": "1",
                    "sense": "1",
                    "norm0": "Ahuni,ta",
                    "pos": "PN",
                    "epos": "PN",
                    "base": "a-hu-ni",
                    "morph": "~,ta"
                  }
                },
                {
                  "node": "d",
                  "type": "line-start",
                  "ref": "P230420.6",
                  "n": "3'",
                  "label": "o i 3'"
                },
                {
                  "node": "l",
                  "frag": "{[m]}(AN.AN-)dan-na-ke₄",
                  "id": "P230420.l0037f",
                  "ref": "P230420.6.1",
                  "inst": "Ilan-danna[1]PN",
                  "sig": "@obmc%sux:{m}AN.AN-dan-na-ke₄=Ilan-danna[1//1]PN'PN$Ilan-danna,e/{m}AN.AN-dan-na#~,e",
                  "f": {
                    "lang": "sux",
                    "form": "{m}AN.AN-dan-na-ke₄",
                    "gdl": [
                      {
                        "det": "semantic",
                        "pos": "pre",
                        "seq": [
                          {
                            "v": "m",
                            "id": "P230420.6.1.0",
                            "breakStart": "1",
                            "o": "]",
                            "break": "missing",
                            "breakEnd": "P230420.6.1.0"
                          }
                        ]
                      },
                      {
                        "gg": "group",
                        "gdl_type": "group",
                        "group": [
                          {
                            "s": "AN",
                            "id": "P230420.6.1.1",
                            "delim": "."
                          },
                          {
                            "s": "AN",
                            "id": "P230420.6.1.2",
                            "delim": "-"
                          }
                        ]
                      },
                      {
                        "v": "dan",
                        "id": "P230420.6.1.3",
                        "delim": "-"
                      },
                      {
                        "v": "na",
                        "id": "P230420.6.1.4",
                        "delim": "-"
                      },
                      {
                        "v": "ke₄",
                        "id": "P230420.6.1.5"
                      }
                    ],
                    "cf": "Ilan-danna",
                    "gw": "1",
                    "sense": "1",
                    "norm0": "Ilan-danna,e",
                    "pos": "PN",
                    "epos": "PN",
                    "base": "{m}AN.AN-dan-na",
                    "morph": "~,e"
                  }
                },
                {
                  "node": "d",
                  "type": "line-start",
                  "ref": "P230420.7",
                  "n": "4'",
                  "label": "o i 4'"
                },
                {
                  "node": "c",
                  "type": "phrase",
                  "tag": "phr",
                  "id": "P230420.U4",
                  "ref": "P230420.ls00000",
                  "cdl": [
                    {
                      "node": "l",
                      "frag": "⸢šu⸣",
                      "id": "P230420.l00380",
                      "ref": "P230420.7.1",
                      "inst": "šu[hand]N",
                      "sig": "@obmc%sux:šu=šu[hand//hand]N'N$šu/šu#~",
                      "f": {
                        "lang": "sux",
                        "form": "šu",
                        "delim": "",
                        "gdl": [
                          {
                            "v": "šu",
                            "id": "P230420.7.1.0",
                            "break": "damaged",
                            "ho": "1",
                            "hc": "1"
                          }
                        ],
                        "cf": "šu",
                        "gw": "hand",
                        "sense": "hand",
                        "norm0": "šu",
                        "pos": "N",
                        "epos": "N",
                        "base": "šu",
                        "morph": "~"
                      }
                    },
                    {
                      "node": "l",
                      "frag": "ba-an-ti",
                      "id": "P230420.l00381",
                      "ref": "P230420.7.2",
                      "inst": "teŋ[to approach]V/i",
                      "sig": "@obmc%sux:ba-an-ti=teŋ[approach//to approach]V/i'V/i$ba.n:teŋ/teŋ₄#ba.n:~",
                      "f": {
                        "lang": "sux",
                        "form": "ba-an-ti",
                        "gdl": [
                          {
                            "v": "ba",
                            "id": "P230420.7.2.0",
                            "delim": "-"
                          },
                          {
                            "v": "an",
                            "id": "P230420.7.2.1",
                            "delim": "-"
                          },
                          {
                            "v": "ti",
                            "id": "P230420.7.2.2"
                          }
                        ],
                        "cf": "teŋ",
                        "gw": "approach",
                        "sense": "to approach",
                        "norm0": "ba.n:teŋ",
                        "pos": "V/i",
                        "epos": "V/i",
                        "base": "teŋ₄",
                        "morph": "ba.n:~"
                      }
                    }
                  ]
                },
                {
                  "node": "d",
                  "type": "line-start",
                  "ref": "P230420.8",
                  "n": "5'",
                  "label": "o i 5'"
                },
                {
                  "node": "l",
                  "frag": "⸢mu⸣",
                  "id": "P230420.l00382",
                  "ref": "P230420.8.1",
                  "inst": "mu[name]N",
                  "sig": "@obmc%sux:mu=mu[name//name]N'N$mu/mu#~",
                  "f": {
                    "lang": "sux",
                    "form": "mu",
                    "delim": "",
                    "gdl": [
                      {
                        "v": "mu",
                        "id": "P230420.8.1.0",
                        "break": "damaged",
                        "ho": "1",
                        "hc": "1"
                      }
                    ],
                    "cf": "mu",
                    "gw": "name",
                    "sense": "name",
                    "norm0": "mu",
                    "pos": "N",
                    "epos": "N",
                    "base": "mu",
                    "morph": "~"
                  }
                },
                {
                  "node": "l",
                  "frag": "dumu",
                  "id": "P230420.l00383",
                  "ref": "P230420.8.2",
                  "inst": "dumu[child, son, daughter]N",
                  "sig": "@obmc%sux:dumu=dumu[child//child, son, daughter]N'N$dumu/dumu#~",
                  "f": {
                    "lang": "sux",
                    "form": "dumu",
                    "delim": "",
                    "gdl": [
                      {
                        "v": "dumu",
                        "id": "P230420.8.2.0"
                      }
                    ],
                    "cf": "dumu",
                    "gw": "child",
                    "sense": "child, son, daughter",
                    "norm0": "dumu",
                    "pos": "N",
                    "epos": "N",
                    "base": "dumu",
                    "morph": "~"
                  }
                },
                {
                  "node": "l",
                  "frag": "nu-tuku",
                  "id": "P230420.l00384",
                  "ref": "P230420.8.3",
                  "inst": "tuku[to acquire, get]V/t",
                  "sig": "@obmc%sux:nu-tuku=tuku[acquire//to acquire, get]V/t'V/t$nu:tuku/tuku#nu:~",
                  "f": {
                    "lang": "sux",
                    "form": "nu-tuku",
                    "gdl": [
                      {
                        "v": "nu",
                        "id": "P230420.8.3.0",
                        "delim": "-"
                      },
                      {
                        "v": "tuku",
                        "id": "P230420.8.3.1"
                      }
                    ],
                    "cf": "tuku",
                    "gw": "acquire",
                    "sense": "to acquire, get",
                    "norm0": "nu:tuku",
                    "pos": "V/t",
                    "epos": "V/t",
                    "base": "tuku",
                    "morph": "nu:~"
                  }
                },
                {
                  "node": "d",
                  "type": "line-start",
                  "ref": "P230420.9",
                  "n": "6'",
                  "label": "o i 6'"
                },
                {
                  "node": "l",
                  "frag": "⸢mu⸣",
                  "id": "P230420.l00385",
                  "ref": "P230420.9.1",
                  "inst": "mu[name]N",
                  "sig": "@obmc%sux:mu=mu[name//name]N'N$mu/mu#~",
                  "f": {
                    "lang": "sux",
                    "form": "mu",
                    "delim": "",
                    "gdl": [
                      {
                        "v": "mu",
                        "id": "P230420.9.1.0",
                        "break": "damaged",
                        "ho": "1",
                        "hc": "1"
                      }
                    ],
                    "cf": "mu",
                    "gw": "name",
                    "sense": "name",
                    "norm0": "mu",
                    "pos": "N",
                    "epos": "N",
                    "base": "mu",
                    "morph": "~"
                  }
                },
                {
                  "node": "l",
                  "frag": "dam",
                  "id": "P230420.l00386",
                  "ref": "P230420.9.2",
                  "inst": "dam[spouse]N",
                  "sig": "@obmc%sux:dam=dam[spouse//spouse]N'N$dam/dam#~",
                  "f": {
                    "lang": "sux",
                    "form": "dam",
                    "delim": "",
                    "gdl": [
                      {
                        "v": "dam",
                        "id": "P230420.9.2.0"
                      }
                    ],
                    "cf": "dam",
                    "gw": "spouse",
                    "sense": "spouse",
                    "norm0": "dam",
                    "pos": "N",
                    "epos": "N",
                    "base": "dam",
                    "morph": "~"
                  }
                },
                {
                  "node": "l",
                  "frag": "dumu",
                  "id": "P230420.l00387",
                  "ref": "P230420.9.3",
                  "inst": "dumu[child, son, daughter]N",
                  "sig": "@obmc%sux:dumu=dumu[child//child, son, daughter]N'N$dumu/dumu#~",
                  "f": {
                    "lang": "sux",
                    "form": "dumu",
                    "delim": "",
                    "gdl": [
                      {
                        "v": "dumu",
                        "id": "P230420.9.3.0"
                      }
                    ],
                    "cf": "dumu",
                    "gw": "child",
                    "sense": "child, son, daughter",
                    "norm0": "dumu",
                    "pos": "N",
                    "epos": "N",
                    "base": "dumu",
                    "morph": "~"
                  }
                },
                {
                  "node": "l",
                  "frag": "nu-da-tuku",
                  "id": "P230420.l00388",
                  "ref": "P230420.9.4",
                  "inst": "tuku[to acquire, get]V/t",
                  "sig": "@obmc%sux:nu-da-tuku=tuku[acquire//to acquire, get]V/t'V/t$nu.V.da:tuku/tuku#nu.V.da:~",
                  "f": {
                    "lang": "sux",
                    "form": "nu-da-tuku",
                    "gdl": [
                      {
                        "v": "nu",
                        "id": "P230420.9.4.0",
                        "delim": "-"
                      },
                      {
                        "v": "da",
                        "id": "P230420.9.4.1",
                        "delim": "-"
                      },
                      {
                        "v": "tuku",
                        "id": "P230420.9.4.2"
                      }
                    ],
                    "cf": "tuku",
                    "gw": "acquire",
                    "sense": "to acquire, get",
                    "norm0": "nu.V.da:tuku",
                    "pos": "V/t",
                    "epos": "V/t",
                    "base": "tuku",
                    "morph": "nu.V.da:~"
                  }
                },
                {
                  "node": "d",
                  "type": "line-start",
                  "ref": "P230420.10",
                  "n": "7'",
                  "label": "o i 7'"
                },
                {
                  "node": "l",
                  "frag": "⸢maš₂⸣",
                  "id": "P230420.l00389",
                  "ref": "P230420.10.1",
                  "inst": "maš[interest (on a loan)]N",
                  "sig": "@obmc%sux:maš₂=maš[interest//interest (on a loan)]N'N$maš/maš₂#~",
                  "f": {
                    "lang": "sux",
                    "form": "maš₂",
                    "delim": "",
                    "gdl": [
                      {
                        "v": "maš₂",
                        "id": "P230420.10.1.0",
                        "break": "damaged",
                        "ho": "1",
                        "hc": "1"
                      }
                    ],
                    "cf": "maš",
                    "gw": "interest",
                    "sense": "interest (on a loan)",
                    "norm0": "maš",
                    "pos": "N",
                    "epos": "N",
                    "base": "maš₂",
                    "morph": "~"
                  }
                },
                {
                  "node": "l",
                  "frag": "niŋ₂-DU",
                  "id": "P230420.l0038a",
                  "ref": "P230420.10.2",
                  "inst": "niŋ₂.DU[delivery]N",
                  "sig": "@obmc%sux:niŋ₂-DU=niŋ₂.DU[delivery//delivery]N'N$niŋ₂.DU/niŋ₂-DU#~",
                  "f": {
                    "lang": "sux",
                    "form": "niŋ₂-DU",
                    "gdl": [
                      {
                        "v": "niŋ₂",
                        "id": "P230420.10.2.0",
                        "delim": "-"
                      },
                      {
                        "s": "DU",
                        "id": "P230420.10.2.1"
                      }
                    ],
                    "cf": "niŋ₂.DU",
                    "gw": "delivery",
                    "sense": "delivery",
                    "norm0": "niŋ₂.DU",
                    "pos": "N",
                    "epos": "N",
                    "base": "niŋ₂-DU",
                    "morph": "~"
                  }
                },
                {
                  "node": "d",
                  "type": "line-start",
                  "ref": "P230420.11",
                  "n": "8'",
                  "label": "o i 8'"
                },
                {
                  "node": "l",
                  "frag": "10",
                  "id": "P230420.l0038b",
                  "ref": "P230420.11.1",
                  "inst": "n",
                  "f": {
                    "lang": "sux",
                    "form": "10",
                    "delim": "",
                    "gdl": [
                      {
                        "n": "n",
                        "sexified": "1(u)",
                        "form": "10",
                        "id": "P230420.11.1.0",
                        "breakStart": "1",
                        "o": "]",
                        "break": "missing",
                        "breakEnd": "P230420.11.1.0",
                        "seq": [
                          {
                            "r": "10"
                          }
                        ]
                      }
                    ],
                    "pos": "n"
                  }
                },
                {
                  "node": "l",
                  "frag": "giŋ₄",
                  "id": "P230420.l0038c",
                  "ref": "P230420.11.2",
                  "inst": "giŋ[a unit of weight, shekel]N",
                  "sig": "@obmc%sux:giŋ₄=giŋ[unit//a unit of weight, shekel]N'N$giŋ/giŋ₄#~",
                  "f": {
                    "lang": "sux",
                    "form": "giŋ₄",
                    "delim": "",
                    "gdl": [
                      {
                        "v": "giŋ₄",
                        "id": "P230420.11.2.0"
                      }
                    ],
                    "cf": "giŋ",
                    "gw": "unit",
                    "sense": "a unit of weight, shekel",
                    "norm0": "giŋ",
                    "pos": "N",
                    "epos": "N",
                    "base": "giŋ₄",
                    "morph": "~"
                  }
                },
                {
                  "node": "l",
                  "frag": "kug-babbar",
                  "id": "P230420.l0038d",
                  "ref": "P230420.11.3",
                  "inst": "kugbabbar[silver]N",
                  "sig": "@obmc%sux:kug-babbar=kugbabbar[silver//silver]N'N$kugbabbar/kug-babbar#~",
                  "f": {
                    "lang": "sux",
                    "form": "kug-babbar",
                    "gdl": [
                      {
                        "v": "kug",
                        "id": "P230420.11.3.0",
                        "delim": "-"
                      },
                      {
                        "v": "babbar",
                        "id": "P230420.11.3.1"
                      }
                    ],
                    "cf": "kugbabbar",
                    "gw": "silver",
                    "sense": "silver",
                    "norm0": "kugbabbar",
                    "pos": "N",
                    "epos": "N",
                    "base": "kug-babbar",
                    "morph": "~"
                  }
                },
                {
                  "node": "d",
                  "type": "line-start",
                  "ref": "P230420.12",
                  "n": "9'",
                  "label": "o i 9'"
                },
                {
                  "node": "l",
                  "frag": "ab-tum₃-da-a",
                  "id": "P230420.l0038e",
                  "ref": "P230420.12.1",
                  "inst": "+tum[bring]V/t/tum₃#V.b:~;de.a",
                  "sig": "@obmc%sux:ab-tum₃-da-a=tum[bring//bring]V/t'V/t$V.b:tum;de.a/tum₃#V.b:~;de.a",
                  "f": {
                    "lang": "sux",
                    "form": "ab-tum₃-da-a",
                    "gdl": [
                      {
                        "v": "ab",
                        "id": "P230420.12.1.0",
                        "delim": "-"
                      },
                      {
                        "v": "tum₃",
                        "id": "P230420.12.1.1",
                        "delim": "-"
                      },
                      {
                        "v": "da",
                        "id": "P230420.12.1.2",
                        "delim": "-"
                      },
                      {
                        "v": "a",
                        "id": "P230420.12.1.3"
                      }
                    ],
                    "cf": "tum",
                    "gw": "bring",
                    "sense": "bring",
                    "norm0": "V.b:tum;de.a",
                    "pos": "V/t",
                    "epos": "V/t",
                    "base": "tum₃",
                    "morph": "V.b:~;de.a"
                  }
                },
                {
                  "node": "d",
                  "type": "line-start",
                  "ref": "P230420.13",
                  "n": "10'",
                  "label": "o i 10'"
                },
                {
                  "node": "l",
                  "frag": "[x]-⸢x-x⸣-še₃",
                  "id": "P230420.l0038f",
                  "ref": "P230420.13.1",
                  "inst": "u",
                  "f": {
                    "lang": "sux",
                    "form": "x-x-x-še₃",
                    "gdl": [
                      {
                        "v": "x",
                        "id": "P230420.13.1.0",
                        "breakStart": "1",
                        "o": "]",
                        "break": "missing",
                        "breakEnd": "P230420.13.1.0",
                        "delim": "-"
                      },
                      {
                        "v": "x",
                        "id": "P230420.13.1.1",
                        "break": "damaged",
                        "ho": "1",
                        "delim": "-"
                      },
                      {
                        "v": "x",
                        "id": "P230420.13.1.2",
                        "break": "damaged",
                        "delim": "-",
                        "hc": "1"
                      },
                      {
                        "v": "še₃",
                        "id": "P230420.13.1.3"
                      }
                    ],
                    "pos": "u"
                  }
                },
                {
                  "node": "d",
                  "type": "nonx",
                  "ref": "P230420.14",
                  "strict": "1",
                  "extent": "rest",
                  "scope": "column",
                  "state": "missing"
                },
                {
                  "node": "d",
                  "subtype": "reverse",
                  "type": "reverse",
                  "ref": "P230420.r.15",
                  "label": "r"
                },
                {
                  "node": "d",
                  "subtype": "column 1r '",
                  "type": "column",
                  "ref": "P230420.r.i_.16",
                  "n": "1",
                  "label": "r i'"
                },
                {
                  "node": "d",
                  "type": "line-start",
                  "ref": "P230420.17",
                  "n": "1'",
                  "label": "r i' 1'"
                },
                {
                  "node": "c",
                  "type": "phrase",
                  "tag": "phr",
                  "id": "P230420.U5",
                  "ref": "P230420.ls00001",
                  "cdl": [
                    {
                      "node": "l",
                      "frag": "šu",
                      "id": "P230420.l00390",
                      "ref": "P230420.17.1",
                      "inst": "šu[hand]N",
                      "sig": "@obmc%sux:šu=šu[hand//hand]N'N$šu/šu#~",
                      "f": {
                        "lang": "sux",
                        "form": "šu",
                        "delim": "",
                        "gdl": [
                          {
                            "v": "šu",
                            "id": "P230420.17.1.0"
                          }
                        ],
                        "cf": "šu",
                        "gw": "hand",
                        "sense": "hand",
                        "norm0": "šu",
                        "pos": "N",
                        "epos": "N",
                        "base": "šu",
                        "morph": "~"
                      }
                    },
                    {
                      "node": "l",
                      "frag": "[ba-an-ti]",
                      "id": "P230420.l00391",
                      "ref": "P230420.17.2",
                      "inst": "teŋ[to approach]V/i",
                      "sig": "@obmc%sux:ba-an-ti=teŋ[approach//to approach]V/i'V/i$ba.n:teŋ/teŋ₄#ba.n:~",
                      "f": {
                        "lang": "sux",
                        "form": "ba-an-ti",
                        "gdl": [
                          {
                            "v": "ba",
                            "id": "P230420.17.2.0",
                            "breakStart": "1",
                            "o": "[",
                            "break": "missing",
                            "delim": "-"
                          },
                          {
                            "v": "an",
                            "id": "P230420.17.2.1",
                            "break": "missing",
                            "delim": "-"
                          },
                          {
                            "v": "ti",
                            "id": "P230420.17.2.2",
                            "break": "missing",
                            "o": "]",
                            "breakEnd": "P230420.17.2.0"
                          }
                        ],
                        "cf": "teŋ",
                        "gw": "approach",
                        "sense": "to approach",
                        "norm0": "ba.n:teŋ",
                        "pos": "V/i",
                        "epos": "V/i",
                        "base": "teŋ₄",
                        "morph": "ba.n:~"
                      }
                    }
                  ]
                },
                {
                  "node": "d",
                  "type": "line-start",
                  "ref": "P230420.18",
                  "n": "2'",
                  "label": "r i' 2'"
                },
                {
                  "node": "l",
                  "frag": "mu-[DU",
                  "id": "P230420.l00392",
                  "ref": "P230420.18.1",
                  "inst": "mu.DU[delivery]N",
                  "sig": "@obmc%sux:mu-DU=mu.DU[delivery//delivery]N'N$mu.DU/mu-DU#~",
                  "f": {
                    "lang": "sux",
                    "form": "mu-DU",
                    "delim": "",
                    "gdl": [
                      {
                        "v": "mu",
                        "id": "P230420.18.1.0",
                        "delim": "-"
                      },
                      {
                        "s": "DU",
                        "id": "P230420.18.1.1",
                        "breakStart": "1",
                        "o": "[",
                        "break": "missing"
                      }
                    ],
                    "cf": "mu.DU",
                    "gw": "delivery",
                    "sense": "delivery",
                    "norm0": "mu.DU",
                    "pos": "N",
                    "epos": "N",
                    "base": "mu-DU",
                    "morph": "~"
                  }
                },
                {
                  "node": "l",
                  "frag": "ud",
                  "id": "P230420.l00393",
                  "ref": "P230420.18.2",
                  "inst": "ud[day]N",
                  "sig": "@obmc%sux:ud=ud[sun//day]N'N$ud/ud#~",
                  "f": {
                    "lang": "sux",
                    "form": "ud",
                    "delim": "",
                    "gdl": [
                      {
                        "v": "ud",
                        "id": "P230420.18.2.0",
                        "break": "missing"
                      }
                    ],
                    "cf": "ud",
                    "gw": "sun",
                    "sense": "day",
                    "norm0": "ud",
                    "pos": "N",
                    "epos": "N",
                    "base": "ud",
                    "morph": "~"
                  }
                },
                {
                  "node": "l",
                  "frag": "buru₁₄-ka]",
                  "id": "P230420.l00394",
                  "ref": "P230420.18.3",
                  "inst": "buru[harvest]N",
                  "sig": "@obmc%sux:buru₁₄-ka=buru[harvest//harvest]N'N$buru,ak.ak/buru₁₄#~,ak.ak",
                  "f": {
                    "lang": "sux",
                    "form": "buru₁₄-ka",
                    "gdl": [
                      {
                        "v": "buru₁₄",
                        "id": "P230420.18.3.0",
                        "break": "missing",
                        "delim": "-"
                      },
                      {
                        "v": "ka",
                        "id": "P230420.18.3.1",
                        "break": "missing",
                        "o": "]",
                        "breakEnd": "P230420.18.1.1"
                      }
                    ],
                    "cf": "buru",
                    "gw": "harvest",
                    "sense": "harvest",
                    "norm0": "buru,ak.ak",
                    "pos": "N",
                    "epos": "N",
                    "base": "buru₁₄",
                    "morph": "~,ak.ak"
                  }
                },
                {
                  "node": "d",
                  "type": "line-start",
                  "ref": "P230420.19",
                  "n": "3'",
                  "label": "r i' 3'"
                },
                {
                  "node": "l",
                  "frag": "še-bi",
                  "id": "P230420.l00395",
                  "ref": "P230420.19.1",
                  "inst": "še[barley]N",
                  "sig": "@obmc%sux:še-bi=še[barley//barley]N'N$še,bi/še#~,bi",
                  "f": {
                    "lang": "sux",
                    "form": "še-bi",
                    "delim": "",
                    "gdl": [
                      {
                        "v": "še",
                        "id": "P230420.19.1.0",
                        "delim": "-"
                      },
                      {
                        "v": "bi",
                        "id": "P230420.19.1.1"
                      }
                    ],
                    "cf": "še",
                    "gw": "barley",
                    "sense": "barley",
                    "norm0": "še,bi",
                    "pos": "N",
                    "epos": "N",
                    "base": "še",
                    "morph": "~,bi"
                  }
                },
                {
                  "node": "l",
                  "frag": "[al-aŋ₂-e]",
                  "id": "P230420.l00396",
                  "ref": "P230420.19.2",
                  "inst": "aŋ[to measure]V/t",
                  "sig": "@obmc%sux:al-aŋ₂-e=aŋ[measure//to measure]V/t'V/t$al:aŋ;e/aŋ₂#al:~;e",
                  "f": {
                    "lang": "sux",
                    "form": "al-aŋ₂-e",
                    "gdl": [
                      {
                        "v": "al",
                        "id": "P230420.19.2.0",
                        "breakStart": "1",
                        "o": "[",
                        "break": "missing",
                        "delim": "-"
                      },
                      {
                        "v": "aŋ₂",
                        "id": "P230420.19.2.1",
                        "break": "missing",
                        "delim": "-"
                      },
                      {
                        "v": "e",
                        "id": "P230420.19.2.2",
                        "break": "missing",
                        "o": "]",
                        "breakEnd": "P230420.19.2.0"
                      }
                    ],
                    "cf": "aŋ",
                    "gw": "measure",
                    "sense": "to measure",
                    "norm0": "al:aŋ;e",
                    "pos": "V/t",
                    "epos": "V/t",
                    "base": "aŋ₂",
                    "morph": "al:~;e"
                  }
                },
                {
                  "node": "d",
                  "type": "line-start",
                  "ref": "P230420.20",
                  "n": "4'",
                  "label": "r i' 4'"
                },
                {
                  "node": "l",
                  "frag": "lu₂-ki-[inim-ma]",
                  "id": "P230420.l00397",
                  "ref": "P230420.20.1",
                  "inst": "lukiʾinimak[witness]N",
                  "sig": "@obmc%sux:lu₂-ki-inim-ma=lukiʾinimak[witness//witness]N'N$lukiʾinimak/lu₂-ki-inim-ma#~",
                  "f": {
                    "lang": "sux",
                    "form": "lu₂-ki-inim-ma",
                    "gdl": [
                      {
                        "v": "lu₂",
                        "id": "P230420.20.1.0",
                        "delim": "-"
                      },
                      {
                        "v": "ki",
                        "id": "P230420.20.1.1",
                        "delim": "-"
                      },
                      {
                        "v": "inim",
                        "id": "P230420.20.1.2",
                        "breakStart": "1",
                        "o": "[",
                        "break": "missing",
                        "delim": "-"
                      },
                      {
                        "v": "ma",
                        "id": "P230420.20.1.3",
                        "break": "missing",
                        "o": "]",
                        "breakEnd": "P230420.20.1.2"
                      }
                    ],
                    "cf": "lukiʾinimak",
                    "gw": "witness",
                    "sense": "witness",
                    "norm0": "lukiʾinimak",
                    "pos": "N",
                    "epos": "N",
                    "base": "lu₂-ki-inim-ma",
                    "morph": "~"
                  }
                },
                {
                  "node": "d",
                  "type": "line-start",
                  "ref": "P230420.21",
                  "n": "5'",
                  "label": "r i' 5'"
                },
                {
                  "node": "l",
                  "frag": "itud-bi",
                  "id": "P230420.l00398",
                  "ref": "P230420.21.1",
                  "inst": "itud[month]N",
                  "sig": "@obmc%sux:itud-bi=itud[moon//month]N'N$itud,bi/itud#~,bi",
                  "f": {
                    "lang": "sux",
                    "form": "itud-bi",
                    "delim": "",
                    "gdl": [
                      {
                        "v": "itud",
                        "id": "P230420.21.1.0",
                        "delim": "-"
                      },
                      {
                        "v": "bi",
                        "id": "P230420.21.1.1"
                      }
                    ],
                    "cf": "itud",
                    "gw": "moon",
                    "sense": "month",
                    "norm0": "itud,bi",
                    "pos": "N",
                    "epos": "N",
                    "base": "itud",
                    "morph": "~,bi"
                  }
                },
                {
                  "node": "l",
                  "frag": "mu-[bi]",
                  "id": "P230420.l00399",
                  "ref": "P230420.21.2",
                  "inst": "mu[year]N",
                  "sig": "@obmc%sux:mu-bi=mu[year//year]N'N$mu,bi/mu#~,bi",
                  "f": {
                    "lang": "sux",
                    "form": "mu-bi",
                    "gdl": [
                      {
                        "v": "mu",
                        "id": "P230420.21.2.0",
                        "delim": "-"
                      },
                      {
                        "v": "bi",
                        "id": "P230420.21.2.1",
                        "breakStart": "1",
                        "o": "]",
                        "break": "missing",
                        "breakEnd": "P230420.21.2.1"
                      }
                    ],
                    "cf": "mu",
                    "gw": "year",
                    "sense": "year",
                    "norm0": "mu,bi",
                    "pos": "N",
                    "epos": "N",
                    "base": "mu",
                    "morph": "~,bi"
                  }
                },
                {
                  "node": "d",
                  "type": "nonx",
                  "ref": "P230420.22",
                  "strict": "1",
                  "extent": "2",
                  "scope": "line",
                  "state": "ruling"
                },
                {
                  "node": "d",
                  "type": "line-start",
                  "ref": "P230420.23",
                  "n": "6'",
                  "label": "r i' 6'"
                },
                {
                  "node": "l",
                  "frag": "[n]",
                  "id": "P230420.l0039a",
                  "ref": "P230420.23.1",
                  "inst": "n",
                  "f": {
                    "lang": "sux",
                    "form": "n",
                    "delim": "",
                    "gdl": [
                      {
                        "v": "n",
                        "id": "P230420.23.1.0",
                        "breakStart": "1",
                        "o": "]",
                        "break": "missing",
                        "breakEnd": "P230420.23.1.0"
                      }
                    ],
                    "pos": "n"
                  }
                },
                {
                  "node": "l",
                  "frag": "4(barig)",
                  "id": "P230420.l0039b",
                  "ref": "P230420.23.2",
                  "inst": "n",
                  "f": {
                    "lang": "sux",
                    "form": "4(barig)",
                    "delim": "",
                    "gdl": [
                      {
                        "n": "n",
                        "form": "4(barig)",
                        "id": "P230420.23.2.0",
                        "seq": [
                          {
                            "r": "4"
                          },
                          {
                            "v": "barig"
                          }
                        ]
                      }
                    ],
                    "pos": "n"
                  }
                },
                {
                  "node": "l",
                  "frag": "3(ban₂)",
                  "id": "P230420.l0039c",
                  "ref": "P230420.23.3",
                  "inst": "n",
                  "f": {
                    "lang": "sux",
                    "form": "3(ban₂)",
                    "delim": "",
                    "gdl": [
                      {
                        "n": "n",
                        "form": "3(ban₂)",
                        "id": "P230420.23.3.0",
                        "seq": [
                          {
                            "r": "3"
                          },
                          {
                            "v": "ban₂"
                          }
                        ]
                      }
                    ],
                    "pos": "n"
                  }
                },
                {
                  "node": "l",
                  "frag": "[še",
                  "id": "P230420.l0039d",
                  "ref": "P230420.23.4",
                  "inst": "še[barley]N",
                  "sig": "@obmc%sux:še=še[barley//barley]N'N$še/še#~",
                  "f": {
                    "lang": "sux",
                    "form": "še",
                    "delim": "",
                    "gdl": [
                      {
                        "v": "še",
                        "id": "P230420.23.4.0",
                        "breakStart": "1",
                        "o": "[",
                        "break": "missing"
                      }
                    ],
                    "cf": "še",
                    "gw": "barley",
                    "sense": "barley",
                    "norm0": "še",
                    "pos": "N",
                    "epos": "N",
                    "base": "še",
                    "morph": "~"
                  }
                },
                {
                  "node": "l",
                  "frag": "gur]",
                  "id": "P230420.l0039e",
                  "ref": "P230420.23.5",
                  "inst": "gur[unit of capacity]N",
                  "sig": "@obmc%sux:gur=gur[unit//unit of capacity]N'N$gur/gur#~",
                  "f": {
                    "lang": "sux",
                    "form": "gur",
                    "gdl": [
                      {
                        "v": "gur",
                        "id": "P230420.23.5.0",
                        "break": "missing",
                        "o": "]",
                        "breakEnd": "P230420.23.4.0"
                      }
                    ],
                    "cf": "gur",
                    "gw": "unit",
                    "sense": "unit of capacity",
                    "norm0": "gur",
                    "pos": "N",
                    "epos": "N",
                    "base": "gur",
                    "morph": "~"
                  }
                },
                {
                  "node": "d",
                  "type": "line-start",
                  "ref": "P230420.24",
                  "n": "7'",
                  "label": "r i' 7'"
                },
                {
                  "node": "l",
                  "frag": "[maš₂",
                  "id": "P230420.l0039f",
                  "ref": "P230420.24.1",
                  "inst": "maš[interest (on a loan)]N",
                  "sig": "@obmc%sux:maš₂=maš[interest//interest (on a loan)]N'N$maš/maš₂#~",
                  "f": {
                    "lang": "sux",
                    "form": "maš₂",
                    "delim": "",
                    "gdl": [
                      {
                        "v": "maš₂",
                        "id": "P230420.24.1.0",
                        "breakStart": "1",
                        "o": "[",
                        "break": "missing"
                      }
                    ],
                    "cf": "maš",
                    "gw": "interest",
                    "sense": "interest (on a loan)",
                    "norm0": "maš",
                    "pos": "N",
                    "epos": "N",
                    "base": "maš₂",
                    "morph": "~"
                  }
                },
                {
                  "node": "l",
                  "frag": "1(aš)",
                  "id": "P230420.l003a0",
                  "ref": "P230420.24.2",
                  "inst": "aš[one]NU",
                  "sig": "@obmc%sux:1(aš)=aš[one//one]NU'NU$aš/aš#~",
                  "f": {
                    "lang": "sux",
                    "form": "1(aš)",
                    "delim": "",
                    "gdl": [
                      {
                        "n": "n",
                        "form": "1(aš)",
                        "id": "P230420.24.2.0",
                        "break": "missing",
                        "seq": [
                          {
                            "r": "1"
                          },
                          {
                            "v": "aš"
                          }
                        ]
                      }
                    ],
                    "cf": "aš",
                    "gw": "one",
                    "sense": "one",
                    "norm0": "aš",
                    "pos": "NU",
                    "epos": "NU",
                    "base": "aš",
                    "morph": "~"
                  }
                },
                {
                  "node": "l",
                  "frag": "gur",
                  "id": "P230420.l003a1",
                  "ref": "P230420.24.3",
                  "inst": "gur[unit of capacity]N",
                  "sig": "@obmc%sux:gur=gur[unit//unit of capacity]N'N$gur/gur#~",
                  "f": {
                    "lang": "sux",
                    "form": "gur",
                    "delim": "",
                    "gdl": [
                      {
                        "v": "gur",
                        "id": "P230420.24.3.0",
                        "break": "missing"
                      }
                    ],
                    "cf": "gur",
                    "gw": "unit",
                    "sense": "unit of capacity",
                    "norm0": "gur",
                    "pos": "N",
                    "epos": "N",
                    "base": "gur",
                    "morph": "~"
                  }
                },
                {
                  "node": "l",
                  "frag": "1(barig)",
                  "id": "P230420.l003a2",
                  "ref": "P230420.24.4",
                  "inst": "n",
                  "f": {
                    "lang": "sux",
                    "form": "1(barig)",
                    "delim": "",
                    "gdl": [
                      {
                        "n": "n",
                        "form": "1(barig)",
                        "id": "P230420.24.4.0",
                        "break": "missing",
                        "seq": [
                          {
                            "r": "1"
                          },
                          {
                            "v": "barig"
                          }
                        ]
                      }
                    ],
                    "pos": "n"
                  }
                },
                {
                  "node": "l",
                  "frag": "4(ban₂)",
                  "id": "P230420.l003a3",
                  "ref": "P230420.24.5",
                  "inst": "n",
                  "f": {
                    "lang": "sux",
                    "form": "4(ban₂)",
                    "delim": "",
                    "gdl": [
                      {
                        "n": "n",
                        "form": "4(ban₂)",
                        "id": "P230420.24.5.0",
                        "break": "missing",
                        "o": "]",
                        "breakEnd": "P230420.24.1.0",
                        "seq": [
                          {
                            "r": "4"
                          },
                          {
                            "v": "ban₂"
                          }
                        ]
                      }
                    ],
                    "pos": "n"
                  }
                },
                {
                  "node": "l",
                  "frag": "⸢še-ta-am₃⸣",
                  "id": "P230420.l003a4",
                  "ref": "P230420.24.6",
                  "inst": "še[barley]N",
                  "sig": "@obmc%sux:še-ta-am₃=še[barley//barley]N'N$še,ta.am/še#~,ta.am",
                  "f": {
                    "lang": "sux",
                    "form": "še-ta-am₃",
                    "gdl": [
                      {
                        "v": "še",
                        "id": "P230420.24.6.0",
                        "break": "damaged",
                        "ho": "1",
                        "delim": "-"
                      },
                      {
                        "v": "ta",
                        "id": "P230420.24.6.1",
                        "break": "damaged",
                        "delim": "-"
                      },
                      {
                        "v": "am₃",
                        "id": "P230420.24.6.2",
                        "break": "damaged",
                        "hc": "1"
                      }
                    ],
                    "cf": "še",
                    "gw": "barley",
                    "sense": "barley",
                    "norm0": "še,ta.am",
                    "pos": "N",
                    "epos": "N",
                    "base": "še",
                    "morph": "~,ta.am"
                  }
                },
                {
                  "node": "d",
                  "type": "line-start",
                  "ref": "P230420.25",
                  "n": "8'",
                  "label": "r i' 8'"
                },
                {
                  "node": "l",
                  "frag": "[sig₉-ge₄]-de₃",
                  "id": "P230420.l003a5",
                  "ref": "P230420.25.1",
                  "inst": "sig[put]V/t",
                  "sig": "@obmc%sux:sig₉-ge₄-de₃=sig[put//put]V/t'V/t$sig;ed.e/sig₉#~;ed.e",
                  "f": {
                    "lang": "sux",
                    "form": "sig₉-ge₄-de₃",
                    "gdl": [
                      {
                        "v": "sig₉",
                        "id": "P230420.25.1.0",
                        "breakStart": "1",
                        "o": "[",
                        "break": "missing",
                        "delim": "-"
                      },
                      {
                        "v": "ge₄",
                        "id": "P230420.25.1.1",
                        "break": "missing",
                        "o": "]",
                        "breakEnd": "P230420.25.1.0",
                        "delim": "-"
                      },
                      {
                        "v": "de₃",
                        "id": "P230420.25.1.2"
                      }
                    ],
                    "cf": "sig",
                    "gw": "put",
                    "sense": "put",
                    "norm0": "sig;ed.e",
                    "pos": "V/t",
                    "epos": "V/t",
                    "base": "sig₉",
                    "morph": "~;ed.e"
                  }
                },
                {
                  "node": "d",
                  "type": "line-start",
                  "ref": "P230420.26",
                  "n": "9'",
                  "label": "r i' 9'"
                },
                {
                  "node": "l",
                  "frag": "[ki",
                  "id": "P230420.l003a6",
                  "ref": "P230420.26.1",
                  "inst": "ki[place]N",
                  "sig": "@obmc%sux:ki=ki[place//place]N'N$ki/ki#~",
                  "f": {
                    "lang": "sux",
                    "form": "ki",
                    "delim": "",
                    "gdl": [
                      {
                        "v": "ki",
                        "id": "P230420.26.1.0",
                        "breakStart": "1",
                        "o": "[",
                        "break": "missing"
                      }
                    ],
                    "cf": "ki",
                    "gw": "place",
                    "sense": "place",
                    "norm0": "ki",
                    "pos": "N",
                    "epos": "N",
                    "base": "ki",
                    "morph": "~"
                  }
                },
                {
                  "node": "l",
                  "frag": "...]-⸢x-x⸣-ta",
                  "id": "P230420.l003a7",
                  "ref": "P230420.26.2",
                  "inst": "u",
                  "f": {
                    "lang": "sux",
                    "form": "x-x-x-ta",
                    "gdl": [
                      {
                        "x": "ellipsis",
                        "id": "P230420.26.2.0",
                        "break": "missing",
                        "o": "]",
                        "breakEnd": "P230420.26.1.0",
                        "delim": "-"
                      },
                      {
                        "v": "x",
                        "id": "P230420.26.2.1",
                        "break": "damaged",
                        "ho": "1",
                        "delim": "-"
                      },
                      {
                        "v": "x",
                        "id": "P230420.26.2.2",
                        "break": "damaged",
                        "delim": "-",
                        "hc": "1"
                      },
                      {
                        "v": "ta",
                        "id": "P230420.26.2.3"
                      }
                    ],
                    "pos": "u"
                  }
                },
                {
                  "node": "d",
                  "type": "line-start",
                  "ref": "P230420.27",
                  "n": "10'",
                  "label": "r i' 10'"
                },
                {
                  "node": "l",
                  "frag": "[...]",
                  "id": "P230420.l003a8",
                  "ref": "P230420.27.1",
                  "inst": "u",
                  "f": {
                    "lang": "sux",
                    "form": "x",
                    "delim": "",
                    "gdl": [
                      {
                        "x": "ellipsis",
                        "id": "P230420.27.1.0",
                        "breakStart": "1",
                        "break": "missing",
                        "o": "]",
                        "breakEnd": "P230420.27.1.0"
                      }
                    ],
                    "pos": "u"
                  }
                },
                {
                  "node": "l",
                  "frag": "⸢x",
                  "id": "P230420.l003a9",
                  "ref": "P230420.27.2",
                  "inst": "u",
                  "f": {
                    "lang": "sux",
                    "form": "x",
                    "delim": "",
                    "gdl": [
                      {
                        "v": "x",
                        "id": "P230420.27.2.0",
                        "break": "damaged",
                        "ho": "1"
                      }
                    ],
                    "pos": "u"
                  }
                },
                {
                  "node": "l",
                  "frag": "x⸣",
                  "id": "P230420.l003aa",
                  "ref": "P230420.27.3",
                  "inst": "u",
                  "f": {
                    "lang": "sux",
                    "form": "x",
                    "gdl": [
                      {
                        "v": "x",
                        "id": "P230420.27.3.0",
                        "break": "damaged",
                        "hc": "1"
                      }
                    ],
                    "pos": "u"
                  }
                },
                {
                  "node": "d",
                  "type": "nonx",
                  "ref": "P230420.28",
                  "strict": "1",
                  "extent": "rest",
                  "scope": "column",
                  "state": "missing"
                }
              ]
            }
          ]
        }
      ]
    },
    {
      "linkbase": [
        {
          "type": "linkset",
          "xlink_title": "šu teŋ[accept//to accept]V/t'V/t",
          "id": "P230420.ls00000",
          "xlink_type": "extended",
          "xlink_role": "psu",
          "sig": "{šu ba-an-ti = šu[hand]N teŋ[approach]V/i += šu teŋ[accept//to accept]V/t'V/t}::@obmc%sux:šu=šu[hand//hand]N'N$šu/šu#~++@obmc%sux:ba-an-ti=teŋ[approach//to approach]V/i'V/i$ba.n:teŋ/teŋ₄#ba.n:~",
          "links": [
            {
              "type": "link",
              "xlink_title": "šu",
              "xlink_type": "locator",
              "xlink_href": "#P230420.l00380",
              "xlink_role": "elt"
            },
            {
              "type": "link",
              "xlink_title": "teŋ",
              "xlink_type": "locator",
              "xlink_href": "#P230420.l00381",
              "xlink_role": "elt"
            }
          ]
        },
        {
          "type": "linkset",
          "xlink_title": "šu teŋ[accept//to accept]V/t'V/t",
          "id": "P230420.ls00001",
          "xlink_type": "extended",
          "xlink_role": "psu",
          "sig": "{šu ba-an-ti = šu[hand]N teŋ[approach]V/i += šu teŋ[accept//to accept]V/t'V/t}::@obmc%sux:šu=šu[hand//hand]N'N$šu/šu#~++@obmc%sux:ba-an-ti=teŋ[approach//to approach]V/i'V/i$ba.n:teŋ/teŋ₄#ba.n:~",
          "links": [
            {
              "type": "link",
              "xlink_title": "šu",
              "xlink_type": "locator",
              "xlink_href": "#P230420.l00390",
              "xlink_role": "elt"
            },
            {
              "type": "link",
              "xlink_title": "teŋ",
              "xlink_type": "locator",
              "xlink_href": "#P230420.l00391",
              "xlink_role": "elt"
            }
          ]
        }
      ]
    }
  ]
}
