{
  "type": "cdl",
  "project": "obmc",
  "source": "http://oracc.org/obmc",
  "license": "This data is released under the CC0 license",
  "license-url": "https://creativecommons.org/publicdomain/zero/1.0/",
  "more-info": "http://oracc.org/doc/opendata/",
  "UTC-timestamp": "2019-01-31T16:12:54",
  "textid": "P230794",
  "cdl": [
    {
      "node": "c",
      "type": "text",
      "id": "P230794.U0",
      "cdl": [
        {
          "node": "d",
          "subtype": "tablet",
          "type": "tablet",
          "ref": "P230794.x59.1",
          "label": "x59"
        },
        {
          "node": "d",
          "subtype": "obverse",
          "type": "obverse",
          "ref": "P230794.o.2",
          "label": "o"
        },
        {
          "node": "d",
          "subtype": "column 1o '",
          "type": "column",
          "ref": "P230794.o.i_.3",
          "n": "1",
          "label": "o i'"
        },
        {
          "node": "d",
          "type": "nonx",
          "ref": "P230794.4",
          "strict": "0",
          "state": "other"
        },
        {
          "node": "d",
          "subtype": "column 2o '",
          "type": "column",
          "ref": "P230794.o.ii_.5",
          "n": "2",
          "label": "o ii'"
        },
        {
          "node": "c",
          "type": "discourse",
          "subtype": "body",
          "id": "P230794.U1",
          "cdl": [
            {
              "node": "c",
              "type": "sentence",
              "implicit": "yes",
              "id": "P230794.U2",
              "label": "o ii' 1' - o ii' 9'",
              "cdl": [
                {
                  "node": "d",
                  "type": "line-start",
                  "ref": "P230794.6",
                  "n": "1'",
                  "label": "o ii' 1'"
                },
                {
                  "node": "c",
                  "type": "phrase",
                  "tag": "phr",
                  "id": "P230794.U4",
                  "ref": "P230794.ls00000",
                  "cdl": [
                    {
                      "node": "l",
                      "frag": "⸢šu⸣",
                      "id": "P230794.l00aa2",
                      "ref": "P230794.6.1",
                      "inst": "šu[hand]N",
                      "sig": "@obmc%sux:šu=šu[hand//hand]N'N$šu/šu#~",
                      "f": {
                        "lang": "sux",
                        "form": "šu",
                        "delim": "",
                        "gdl": [
                          {
                            "v": "šu",
                            "id": "P230794.6.1.0",
                            "break": "damaged",
                            "ho": "1",
                            "hc": "1"
                          }
                        ],
                        "cf": "šu",
                        "gw": "hand",
                        "sense": "hand",
                        "norm0": "šu",
                        "pos": "N",
                        "epos": "N",
                        "base": "šu",
                        "morph": "~"
                      }
                    },
                    {
                      "node": "l",
                      "frag": "[ba-an-ti]",
                      "id": "P230794.l00aa3",
                      "ref": "P230794.6.2",
                      "inst": "teŋ[approach]V/i",
                      "sig": "@obmc%sux:ba-an-ti=teŋ[approach//approach]V/i'V/i$ba.n:teŋ/teŋ₄#ba.n:~",
                      "f": {
                        "lang": "sux",
                        "form": "ba-an-ti",
                        "gdl": [
                          {
                            "v": "ba",
                            "id": "P230794.6.2.0",
                            "breakStart": "1",
                            "o": "[",
                            "break": "missing",
                            "delim": "-"
                          },
                          {
                            "v": "an",
                            "id": "P230794.6.2.1",
                            "break": "missing",
                            "delim": "-"
                          },
                          {
                            "v": "ti",
                            "id": "P230794.6.2.2",
                            "break": "missing",
                            "o": "]",
                            "breakEnd": "P230794.6.2.0"
                          }
                        ],
                        "cf": "teŋ",
                        "gw": "approach",
                        "sense": "approach",
                        "norm0": "ba.n:teŋ",
                        "pos": "V/i",
                        "epos": "V/i",
                        "base": "teŋ₄",
                        "morph": "ba.n:~"
                      }
                    }
                  ]
                },
                {
                  "node": "d",
                  "type": "line-start",
                  "ref": "P230794.7",
                  "n": "2'",
                  "label": "o ii' 2'"
                },
                {
                  "node": "l",
                  "frag": "maš₂-bi-še₃",
                  "id": "P230794.l00aa4",
                  "ref": "P230794.7.1",
                  "inst": "maš[interest (on a loan)]N",
                  "sig": "@obmc%sux:maš₂-bi-še₃=maš[interest//interest (on a loan)]N'N$maš,bi.eše/maš₂#~,bi.eše",
                  "f": {
                    "lang": "sux",
                    "form": "maš₂-bi-še₃",
                    "delim": "",
                    "gdl": [
                      {
                        "v": "maš₂",
                        "id": "P230794.7.1.0",
                        "delim": "-"
                      },
                      {
                        "v": "bi",
                        "id": "P230794.7.1.1",
                        "delim": "-"
                      },
                      {
                        "v": "še₃",
                        "id": "P230794.7.1.2"
                      }
                    ],
                    "cf": "maš",
                    "gw": "interest",
                    "sense": "interest (on a loan)",
                    "norm0": "maš,bi.eše",
                    "pos": "N",
                    "epos": "N",
                    "base": "maš₂",
                    "morph": "~,bi.eše"
                  }
                },
                {
                  "node": "l",
                  "frag": "1",
                  "id": "P230794.l00aa5",
                  "ref": "P230794.7.2",
                  "inst": "n",
                  "f": {
                    "lang": "sux",
                    "form": "1",
                    "delim": "",
                    "gdl": [
                      {
                        "n": "n",
                        "sexified": "1(diš)",
                        "form": "1",
                        "id": "P230794.7.2.0",
                        "seq": [
                          {
                            "r": "1"
                          }
                        ]
                      }
                    ],
                    "pos": "n"
                  }
                },
                {
                  "node": "l",
                  "frag": "⸢saŋ⸣-[munus]",
                  "id": "P230794.l00aa6",
                  "ref": "P230794.7.3",
                  "inst": "saŋmunus[woman]N",
                  "sig": "@obmc%sux:saŋ-munus=saŋmunus[woman//woman]N'N$saŋmunus/saŋ-munus#~",
                  "f": {
                    "lang": "sux",
                    "form": "saŋ-munus",
                    "gdl": [
                      {
                        "v": "saŋ",
                        "id": "P230794.7.3.0",
                        "break": "damaged",
                        "ho": "1",
                        "delim": "-",
                        "hc": "1"
                      },
                      {
                        "v": "munus",
                        "id": "P230794.7.3.1",
                        "breakStart": "1",
                        "o": "]",
                        "break": "missing",
                        "breakEnd": "P230794.7.3.1"
                      }
                    ],
                    "cf": "saŋmunus",
                    "gw": "woman",
                    "sense": "woman",
                    "norm0": "saŋmunus",
                    "pos": "N",
                    "epos": "N",
                    "base": "saŋ-munus",
                    "morph": "~"
                  }
                },
                {
                  "node": "d",
                  "type": "line-start",
                  "ref": "P230794.8",
                  "n": "3'",
                  "label": "o ii' 3'"
                },
                {
                  "node": "l",
                  "frag": "{f}a-ma-at-{d}⸢suen⸣",
                  "id": "P230794.l00aa7",
                  "ref": "P230794.8.1",
                  "inst": "+Amat-Sin[]PN/{f}a-ma-at-{d}suen#~",
                  "sig": "@obmc%sux:{f}a-ma-at-{d}suen=Amat-Sin[1//1]PN'PN$Amat-Sin/{f}a-ma-at-{d}suen#~",
                  "f": {
                    "lang": "sux",
                    "form": "{f}a-ma-at-{d}suen",
                    "gdl": [
                      {
                        "det": "semantic",
                        "pos": "pre",
                        "seq": [
                          {
                            "v": "f",
                            "id": "P230794.8.1.0"
                          }
                        ]
                      },
                      {
                        "v": "a",
                        "id": "P230794.8.1.1",
                        "delim": "-"
                      },
                      {
                        "v": "ma",
                        "id": "P230794.8.1.2",
                        "delim": "-"
                      },
                      {
                        "v": "at",
                        "id": "P230794.8.1.3",
                        "delim": "-"
                      },
                      {
                        "det": "semantic",
                        "pos": "pre",
                        "seq": [
                          {
                            "v": "d",
                            "id": "P230794.8.1.4"
                          }
                        ]
                      },
                      {
                        "v": "suen",
                        "id": "P230794.8.1.5",
                        "break": "damaged",
                        "ho": "1",
                        "hc": "1"
                      }
                    ],
                    "cf": "Amat-Sin",
                    "gw": "1",
                    "sense": "1",
                    "norm0": "Amat-Sin",
                    "pos": "PN",
                    "epos": "PN",
                    "base": "{f}a-ma-at-{d}suen",
                    "morph": "~"
                  }
                },
                {
                  "node": "d",
                  "type": "line-start",
                  "ref": "P230794.9",
                  "n": "4'",
                  "label": "o ii' 4'"
                },
                {
                  "node": "l",
                  "frag": "mu-ni-⸢im⸣",
                  "id": "P230794.l00aa8",
                  "ref": "P230794.9.1",
                  "inst": "mu[name]N",
                  "sig": "@obmc%sux:mu-ni-im=mu[name//name]N'N$mu,ani.am/mu#~,ani.am",
                  "f": {
                    "lang": "sux",
                    "form": "mu-ni-im",
                    "gdl": [
                      {
                        "v": "mu",
                        "id": "P230794.9.1.0",
                        "delim": "-"
                      },
                      {
                        "v": "ni",
                        "id": "P230794.9.1.1",
                        "delim": "-"
                      },
                      {
                        "v": "im",
                        "id": "P230794.9.1.2",
                        "break": "damaged",
                        "ho": "1",
                        "hc": "1"
                      }
                    ],
                    "cf": "mu",
                    "gw": "name",
                    "sense": "name",
                    "norm0": "mu,ani.am",
                    "pos": "N",
                    "epos": "N",
                    "base": "mu",
                    "morph": "~,ani.am"
                  }
                },
                {
                  "node": "d",
                  "type": "line-start",
                  "ref": "P230794.10",
                  "n": "5'",
                  "label": "o ii' 5'"
                },
                {
                  "node": "l",
                  "frag": "geme₂",
                  "id": "P230794.l00aa9",
                  "ref": "P230794.10.1",
                  "inst": "geme[female servant, slave]N",
                  "sig": "@obmc%sux:geme₂=geme[worker//female servant, slave]N'N$geme/geme₂#~",
                  "f": {
                    "lang": "sux",
                    "form": "geme₂",
                    "delim": "",
                    "gdl": [
                      {
                        "v": "geme₂",
                        "id": "P230794.10.1.0"
                      }
                    ],
                    "cf": "geme",
                    "gw": "worker",
                    "sense": "female servant, slave",
                    "norm0": "geme",
                    "pos": "N",
                    "epos": "N",
                    "base": "geme₂",
                    "morph": "~"
                  }
                },
                {
                  "node": "l",
                  "frag": "i-din-{d}šakkan₂",
                  "id": "P230794.l00aaa",
                  "ref": "P230794.10.2",
                  "inst": "Iddin-Šakkan[1]PN",
                  "sig": "@obmc%sux:i-din-{d}šakkan₂=Iddin-Šakkan[1//1]PN'PN$Iddin-Šakkan/i-din-{d}šakkan₂#~",
                  "f": {
                    "lang": "sux",
                    "form": "i-din-{d}šakkan₂",
                    "gdl": [
                      {
                        "v": "i",
                        "id": "P230794.10.2.0",
                        "delim": "-"
                      },
                      {
                        "v": "din",
                        "id": "P230794.10.2.1",
                        "delim": "-"
                      },
                      {
                        "det": "semantic",
                        "pos": "pre",
                        "seq": [
                          {
                            "v": "d",
                            "id": "P230794.10.2.2"
                          }
                        ]
                      },
                      {
                        "v": "šakkan₂",
                        "id": "P230794.10.2.3"
                      }
                    ],
                    "cf": "Iddin-Šakkan",
                    "gw": "1",
                    "sense": "1",
                    "norm0": "Iddin-Šakkan",
                    "pos": "PN",
                    "epos": "PN",
                    "base": "i-din-{d}šakkan₂",
                    "morph": "~"
                  }
                },
                {
                  "node": "d",
                  "type": "line-start",
                  "ref": "P230794.11",
                  "n": "6'",
                  "label": "o ii' 6'"
                },
                {
                  "node": "l",
                  "frag": "{m}i-din-{d}šakkan₂",
                  "id": "P230794.l00aab",
                  "ref": "P230794.11.1",
                  "inst": "Iddin-Šakkan[1]PN",
                  "sig": "@obmc%sux:{m}i-din-{d}šakkan₂=Iddin-Šakkan[1//1]PN'PN$Iddin-Šakkan/{m}i-din-{d}šakkan₂#~",
                  "f": {
                    "lang": "sux",
                    "form": "{m}i-din-{d}šakkan₂",
                    "delim": "",
                    "gdl": [
                      {
                        "det": "semantic",
                        "pos": "pre",
                        "seq": [
                          {
                            "v": "m",
                            "id": "P230794.11.1.0"
                          }
                        ]
                      },
                      {
                        "v": "i",
                        "id": "P230794.11.1.1",
                        "delim": "-"
                      },
                      {
                        "v": "din",
                        "id": "P230794.11.1.2",
                        "delim": "-"
                      },
                      {
                        "det": "semantic",
                        "pos": "pre",
                        "seq": [
                          {
                            "v": "d",
                            "id": "P230794.11.1.3"
                          }
                        ]
                      },
                      {
                        "v": "šakkan₂",
                        "id": "P230794.11.1.4"
                      }
                    ],
                    "cf": "Iddin-Šakkan",
                    "gw": "1",
                    "sense": "1",
                    "norm0": "Iddin-Šakkan",
                    "pos": "PN",
                    "epos": "PN",
                    "base": "{m}i-din-{d}šakkan₂",
                    "morph": "~"
                  }
                },
                {
                  "node": "l",
                  "frag": "lugal-a-ni(IR)",
                  "id": "P230794.l00aac",
                  "ref": "P230794.11.2",
                  "inst": "lugal[owner]N",
                  "sig": "@obmc%sux:lugal-a-ni=lugal[king//owner]N'N$lugal,ani/lugal#~,ani",
                  "f": {
                    "lang": "sux",
                    "form": "lugal-a-ni",
                    "gdl": [
                      {
                        "v": "lugal",
                        "id": "P230794.11.2.0",
                        "delim": "-"
                      },
                      {
                        "v": "a",
                        "id": "P230794.11.2.1",
                        "delim": "-"
                      },
                      {
                        "gg": "correction",
                        "gdl_type": "correction",
                        "group": [
                          {
                            "v": "ni",
                            "id": "P230794.11.2.2",
                            "gdl_remarked": "1"
                          },
                          {
                            "s": "IR"
                          }
                        ]
                      }
                    ],
                    "cf": "lugal",
                    "gw": "king",
                    "sense": "owner",
                    "norm0": "lugal,ani",
                    "pos": "N",
                    "epos": "N",
                    "base": "lugal",
                    "morph": "~,ani"
                  }
                },
                {
                  "node": "d",
                  "type": "line-start",
                  "ref": "P230794.12",
                  "n": "7'",
                  "label": "o ii' 7'"
                },
                {
                  "node": "l",
                  "frag": "{m}a-li₂-AN-ra",
                  "id": "P230794.l00aad",
                  "ref": "P230794.12.1",
                  "inst": "Ali-ilum[]PN/a-li₂-AN#~,ra",
                  "sig": "@obmc%sux:{m}a-li₂-AN-ra=Ali-ilum[1//1]PN'PN$Ali-ilum,ra/a-li₂-AN#~,ra",
                  "f": {
                    "lang": "sux",
                    "form": "{m}a-li₂-AN-ra",
                    "gdl": [
                      {
                        "det": "semantic",
                        "pos": "pre",
                        "seq": [
                          {
                            "v": "m",
                            "id": "P230794.12.1.0"
                          }
                        ]
                      },
                      {
                        "v": "a",
                        "id": "P230794.12.1.1",
                        "delim": "-"
                      },
                      {
                        "v": "li₂",
                        "id": "P230794.12.1.2",
                        "delim": "-"
                      },
                      {
                        "s": "AN",
                        "id": "P230794.12.1.3",
                        "delim": "-"
                      },
                      {
                        "v": "ra",
                        "id": "P230794.12.1.4"
                      }
                    ],
                    "cf": "Ali-ilum",
                    "gw": "1",
                    "sense": "1",
                    "norm0": "Ali-ilum,ra",
                    "pos": "PN",
                    "epos": "PN",
                    "base": "a-li₂-AN",
                    "morph": "~,ra"
                  }
                },
                {
                  "node": "d",
                  "type": "line-start",
                  "ref": "P230794.13",
                  "n": "8'",
                  "label": "o ii' 8'"
                },
                {
                  "node": "l",
                  "frag": "kug-ta",
                  "id": "P230794.l00aae",
                  "ref": "P230794.13.1",
                  "inst": "kug[silver]N",
                  "sig": "@obmc%sux:kug-ta=kug[metal//silver]N'N$kug,ta/kug#~,ta",
                  "f": {
                    "lang": "sux",
                    "form": "kug-ta",
                    "delim": "",
                    "gdl": [
                      {
                        "v": "kug",
                        "id": "P230794.13.1.0",
                        "delim": "-"
                      },
                      {
                        "v": "ta",
                        "id": "P230794.13.1.1"
                      }
                    ],
                    "cf": "kug",
                    "gw": "metal",
                    "sense": "silver",
                    "norm0": "kug,ta",
                    "pos": "N",
                    "epos": "N",
                    "base": "kug",
                    "morph": "~,ta"
                  }
                },
                {
                  "node": "l",
                  "frag": "gub-ba-aš",
                  "id": "P230794.l00aaf",
                  "ref": "P230794.13.2",
                  "inst": "gub[to stand]V/i",
                  "sig": "@obmc%sux:gub-ba-aš=gub[stand//to stand]V/i'V/i$gub;a,eše/gub#~;a,eše",
                  "f": {
                    "lang": "sux",
                    "form": "gub-ba-aš",
                    "gdl": [
                      {
                        "v": "gub",
                        "id": "P230794.13.2.0",
                        "delim": "-"
                      },
                      {
                        "v": "ba",
                        "id": "P230794.13.2.1",
                        "delim": "-"
                      },
                      {
                        "v": "aš",
                        "id": "P230794.13.2.2"
                      }
                    ],
                    "cf": "gub",
                    "gw": "stand",
                    "sense": "to stand",
                    "norm0": "gub;a,eše",
                    "pos": "V/i",
                    "epos": "V/i",
                    "base": "gub",
                    "morph": "~;a,eše"
                  }
                },
                {
                  "node": "d",
                  "type": "line-start",
                  "ref": "P230794.14",
                  "n": "9'",
                  "label": "o ii' 9'"
                },
                {
                  "node": "l",
                  "frag": "⸢ib₂⸣-ta-⸢gub⸣-[bu]",
                  "id": "P230794.l00ab0",
                  "ref": "P230794.14.1",
                  "inst": "gub[to be pledged]V/i",
                  "sig": "@obmc%sux:ib₂-ta-gub-bu=gub[stand//to be pledged]V/i'V/i$V.b.ta:gub;e/gub#V.b.ta:~;e",
                  "f": {
                    "lang": "sux",
                    "form": "ib₂-ta-gub-bu",
                    "gdl": [
                      {
                        "v": "ib₂",
                        "id": "P230794.14.1.0",
                        "break": "damaged",
                        "ho": "1",
                        "delim": "-",
                        "hc": "1"
                      },
                      {
                        "v": "ta",
                        "id": "P230794.14.1.1",
                        "delim": "-"
                      },
                      {
                        "v": "gub",
                        "id": "P230794.14.1.2",
                        "break": "damaged",
                        "ho": "1",
                        "delim": "-",
                        "hc": "1"
                      },
                      {
                        "v": "bu",
                        "id": "P230794.14.1.3",
                        "breakStart": "1",
                        "o": "]",
                        "break": "missing",
                        "breakEnd": "P230794.14.1.3"
                      }
                    ],
                    "cf": "gub",
                    "gw": "stand",
                    "sense": "to be pledged",
                    "norm0": "V.b.ta:gub;e",
                    "pos": "V/i",
                    "epos": "V/i",
                    "base": "gub",
                    "morph": "V.b.ta:~;e"
                  }
                },
                {
                  "node": "d",
                  "type": "nonx",
                  "ref": "P230794.15",
                  "strict": "1",
                  "extent": "rest",
                  "scope": "column",
                  "state": "missing"
                },
                {
                  "node": "d",
                  "subtype": "reverse",
                  "type": "reverse",
                  "ref": "P230794.r.16",
                  "label": "r"
                },
                {
                  "node": "d",
                  "subtype": "column 1r '",
                  "type": "column",
                  "ref": "P230794.r.i_.17",
                  "n": "1",
                  "label": "r i'"
                },
                {
                  "node": "d",
                  "type": "nonx",
                  "ref": "P230794.18",
                  "strict": "0",
                  "state": "other"
                },
                {
                  "node": "d",
                  "subtype": "column 2r '",
                  "type": "column",
                  "ref": "P230794.r.ii_.19",
                  "n": "2",
                  "label": "r ii'"
                },
                {
                  "node": "d",
                  "type": "nonx",
                  "ref": "P230794.20",
                  "strict": "0",
                  "state": "other"
                }
              ]
            }
          ]
        }
      ]
    },
    {
      "linkbase": [
        {
          "type": "linkset",
          "xlink_title": "šu teŋ[accept//to accept]V/t'V/t",
          "id": "P230794.ls00000",
          "xlink_type": "extended",
          "xlink_role": "psu",
          "sig": "{šu ba-an-ti = šu[hand]N teŋ[approach]V/i += šu teŋ[accept//to accept]V/t'V/t}::@obmc%sux:šu=šu[hand//hand]N'N$šu/šu#~++@obmc%sux:ba-an-ti=teŋ[approach//to approach]V/i'V/i$ba.n:teŋ/teŋ₄#ba.n:~",
          "links": [
            {
              "type": "link",
              "xlink_title": "šu",
              "xlink_type": "locator",
              "xlink_href": "#P230794.l00aa2",
              "xlink_role": "elt"
            },
            {
              "type": "link",
              "xlink_title": "teŋ",
              "xlink_type": "locator",
              "xlink_href": "#P230794.l00aa3",
              "xlink_role": "elt"
            }
          ]
        }
      ]
    }
  ]
}
