{
  "type": "cdl",
  "project": "obmc",
  "source": "http://oracc.org/obmc",
  "license": "This data is released under the CC0 license",
  "license-url": "https://creativecommons.org/publicdomain/zero/1.0/",
  "more-info": "http://oracc.org/doc/opendata/",
  "UTC-timestamp": "2019-01-31T16:12:58",
  "textid": "P252249",
  "cdl": [
    {
      "node": "c",
      "type": "text",
      "id": "P252249.U0",
      "cdl": [
        {
          "node": "d",
          "subtype": "tablet",
          "type": "tablet",
          "ref": "P252249.x73.1",
          "label": "x73"
        },
        {
          "node": "d",
          "subtype": "obverse",
          "type": "obverse",
          "ref": "P252249.o.2",
          "label": "o"
        },
        {
          "node": "c",
          "type": "discourse",
          "subtype": "body",
          "id": "P252249.U1",
          "cdl": [
            {
              "node": "c",
              "type": "sentence",
              "implicit": "yes",
              "id": "P252249.U2",
              "label": "o 1 - r 2",
              "cdl": [
                {
                  "node": "d",
                  "type": "line-start",
                  "ref": "P252249.3",
                  "n": "1",
                  "label": "o 1"
                },
                {
                  "node": "l",
                  "frag": "[n]",
                  "id": "P252249.l0121b",
                  "ref": "P252249.3.1",
                  "inst": "n",
                  "f": {
                    "lang": "sux",
                    "form": "n",
                    "delim": "",
                    "gdl": [
                      {
                        "v": "n",
                        "id": "P252249.3.1.0",
                        "breakStart": "1",
                        "o": "]",
                        "break": "missing",
                        "breakEnd": "P252249.3.1.0"
                      }
                    ],
                    "pos": "n"
                  }
                },
                {
                  "node": "l",
                  "frag": "še",
                  "id": "P252249.l0121c",
                  "ref": "P252249.3.2",
                  "inst": "še[barley]N",
                  "sig": "@obmc%sux:še=še[barley//barley]N'N$še/še#~",
                  "f": {
                    "lang": "sux",
                    "form": "še",
                    "delim": "",
                    "gdl": [
                      {
                        "v": "še",
                        "id": "P252249.3.2.0"
                      }
                    ],
                    "cf": "še",
                    "gw": "barley",
                    "sense": "barley",
                    "norm0": "še",
                    "pos": "N",
                    "epos": "N",
                    "base": "še",
                    "morph": "~"
                  }
                },
                {
                  "node": "l",
                  "frag": "gur",
                  "id": "P252249.l0121d",
                  "ref": "P252249.3.3",
                  "inst": "gur[unit]",
                  "sig": "@obmc%sux:gur=gur[unit//unit of capacity]N'N$gur/gur#~",
                  "f": {
                    "lang": "sux",
                    "form": "gur",
                    "gdl": [
                      {
                        "v": "gur",
                        "id": "P252249.3.3.0"
                      }
                    ],
                    "cf": "gur",
                    "gw": "unit",
                    "sense": "unit of capacity",
                    "norm0": "gur",
                    "pos": "N",
                    "epos": "N",
                    "base": "gur",
                    "morph": "~"
                  }
                },
                {
                  "node": "d",
                  "type": "line-start",
                  "ref": "P252249.4",
                  "n": "2",
                  "label": "o 2"
                },
                {
                  "node": "l",
                  "frag": "⸢šu⸣-la₂",
                  "id": "P252249.l0121e",
                  "ref": "P252249.4.1",
                  "inst": "šulaʾa[consignment]N",
                  "sig": "@obmc%sux:šu-la₂=šulaʾa[consignment//consignment]N'N$šulaʾa/šu-la₂#~",
                  "f": {
                    "lang": "sux",
                    "form": "šu-la₂",
                    "delim": "",
                    "gdl": [
                      {
                        "v": "šu",
                        "id": "P252249.4.1.0",
                        "break": "damaged",
                        "ho": "1",
                        "delim": "-",
                        "hc": "1"
                      },
                      {
                        "v": "la₂",
                        "id": "P252249.4.1.1"
                      }
                    ],
                    "cf": "šulaʾa",
                    "gw": "consignment",
                    "sense": "consignment",
                    "norm0": "šulaʾa",
                    "pos": "N",
                    "epos": "N",
                    "base": "šu-la₂",
                    "morph": "~"
                  }
                },
                {
                  "node": "l",
                  "frag": "maš₂",
                  "id": "P252249.l0121f",
                  "ref": "P252249.4.2",
                  "inst": "maš[interest (on a loan)]N",
                  "sig": "@obmc%sux:maš₂=maš[interest//interest (on a loan)]N'N$maš/maš₂#~",
                  "f": {
                    "lang": "sux",
                    "form": "maš₂",
                    "delim": "",
                    "gdl": [
                      {
                        "v": "maš₂",
                        "id": "P252249.4.2.0"
                      }
                    ],
                    "cf": "maš",
                    "gw": "interest",
                    "sense": "interest (on a loan)",
                    "norm0": "maš",
                    "pos": "N",
                    "epos": "N",
                    "base": "maš₂",
                    "morph": "~"
                  }
                },
                {
                  "node": "l",
                  "frag": "nu-tuku",
                  "id": "P252249.l01220",
                  "ref": "P252249.4.3",
                  "inst": "tuku[to acquire, get]V/t",
                  "sig": "@obmc%sux:nu-tuku=tuku[acquire//to acquire, get]V/t'V/t$nu:tuku/tuku#nu:~",
                  "f": {
                    "lang": "sux",
                    "form": "nu-tuku",
                    "gdl": [
                      {
                        "v": "nu",
                        "id": "P252249.4.3.0",
                        "delim": "-"
                      },
                      {
                        "v": "tuku",
                        "id": "P252249.4.3.1"
                      }
                    ],
                    "cf": "tuku",
                    "gw": "acquire",
                    "sense": "to acquire, get",
                    "norm0": "nu:tuku",
                    "pos": "V/t",
                    "epos": "V/t",
                    "base": "tuku",
                    "morph": "nu:~"
                  }
                },
                {
                  "node": "d",
                  "type": "line-start",
                  "ref": "P252249.5",
                  "n": "3",
                  "label": "o 3"
                },
                {
                  "node": "l",
                  "frag": "ki",
                  "id": "P252249.l01221",
                  "ref": "P252249.5.1",
                  "inst": "ki[place]N",
                  "sig": "@obmc%sux:ki=ki[place//place]N'N$ki/ki#~",
                  "f": {
                    "lang": "sux",
                    "form": "ki",
                    "delim": "",
                    "gdl": [
                      {
                        "v": "ki",
                        "id": "P252249.5.1.0"
                      }
                    ],
                    "cf": "ki",
                    "gw": "place",
                    "sense": "place",
                    "norm0": "ki",
                    "pos": "N",
                    "epos": "N",
                    "base": "ki",
                    "morph": "~"
                  }
                },
                {
                  "node": "l",
                  "frag": "AN-ra-bi",
                  "id": "P252249.l01222",
                  "ref": "P252249.5.2",
                  "inst": "Ilum-rabi[]PN",
                  "sig": "@obmc%sux:AN-ra-bi=Ilum-rabi[1//1]PN'PN$Ilum-rabi/AN-ra-bi#~",
                  "f": {
                    "lang": "sux",
                    "form": "AN-ra-bi",
                    "gdl": [
                      {
                        "s": "AN",
                        "id": "P252249.5.2.0",
                        "delim": "-"
                      },
                      {
                        "v": "ra",
                        "id": "P252249.5.2.1",
                        "delim": "-"
                      },
                      {
                        "v": "bi",
                        "id": "P252249.5.2.2"
                      }
                    ],
                    "cf": "Ilum-rabi",
                    "gw": "1",
                    "sense": "1",
                    "norm0": "Ilum-rabi",
                    "pos": "PN",
                    "epos": "PN",
                    "base": "AN-ra-bi",
                    "morph": "~"
                  }
                },
                {
                  "node": "d",
                  "type": "line-start",
                  "ref": "P252249.6",
                  "n": "4",
                  "label": "o 4"
                },
                {
                  "node": "l",
                  "frag": "{m}{d}UTU-⸢na-ṣir⸣",
                  "id": "P252249.l01223",
                  "ref": "P252249.6.1",
                  "inst": "Šamaš-naṣir[]PN",
                  "sig": "@obmc%sux:{m}{d}UTU-na-ṣir=Šamaš-naṣir[1//1]PN'PN$Šamaš-naṣir/{m}{d}UTU-na-ṣir#~",
                  "f": {
                    "lang": "sux",
                    "form": "{m}{d}UTU-na-ṣir",
                    "gdl": [
                      {
                        "det": "semantic",
                        "pos": "pre",
                        "seq": [
                          {
                            "v": "m",
                            "id": "P252249.6.1.0"
                          }
                        ]
                      },
                      {
                        "det": "semantic",
                        "pos": "pre",
                        "seq": [
                          {
                            "v": "d",
                            "id": "P252249.6.1.1"
                          }
                        ]
                      },
                      {
                        "s": "UTU",
                        "id": "P252249.6.1.2",
                        "delim": "-"
                      },
                      {
                        "v": "na",
                        "id": "P252249.6.1.3",
                        "break": "damaged",
                        "ho": "1",
                        "delim": "-"
                      },
                      {
                        "v": "ṣir",
                        "id": "P252249.6.1.4",
                        "break": "damaged",
                        "hc": "1"
                      }
                    ],
                    "cf": "Šamaš-naṣir",
                    "gw": "1",
                    "sense": "1",
                    "norm0": "Šamaš-naṣir",
                    "pos": "PN",
                    "epos": "PN",
                    "base": "{m}{d}UTU-na-ṣir",
                    "morph": "~"
                  }
                },
                {
                  "node": "d",
                  "type": "line-start",
                  "ref": "P252249.7",
                  "n": "5",
                  "label": "o 5"
                },
                {
                  "node": "c",
                  "type": "phrase",
                  "tag": "phr",
                  "id": "P252249.U4",
                  "ref": "P252249.ls00000",
                  "cdl": [
                    {
                      "node": "l",
                      "frag": "šu",
                      "id": "P252249.l01224",
                      "ref": "P252249.7.1",
                      "inst": "šu[hand]N",
                      "sig": "@obmc%sux:šu=šu[hand//hand]N'N$šu/šu#~",
                      "f": {
                        "lang": "sux",
                        "form": "šu",
                        "delim": "",
                        "gdl": [
                          {
                            "v": "šu",
                            "id": "P252249.7.1.0"
                          }
                        ],
                        "cf": "šu",
                        "gw": "hand",
                        "sense": "hand",
                        "norm0": "šu",
                        "pos": "N",
                        "epos": "N",
                        "base": "šu",
                        "morph": "~"
                      }
                    },
                    {
                      "node": "l",
                      "frag": "ba-an-⸢ti⸣",
                      "id": "P252249.l01225",
                      "ref": "P252249.7.2",
                      "inst": "teŋ[approach]V/i",
                      "sig": "@obmc%sux:ba-an-ti=teŋ[approach//approach]V/i'V/i$ba.n:teŋ/teŋ₄#ba.n:~",
                      "f": {
                        "lang": "sux",
                        "form": "ba-an-ti",
                        "gdl": [
                          {
                            "v": "ba",
                            "id": "P252249.7.2.0",
                            "delim": "-"
                          },
                          {
                            "v": "an",
                            "id": "P252249.7.2.1",
                            "delim": "-"
                          },
                          {
                            "v": "ti",
                            "id": "P252249.7.2.2",
                            "break": "damaged",
                            "ho": "1",
                            "hc": "1"
                          }
                        ],
                        "cf": "teŋ",
                        "gw": "approach",
                        "sense": "approach",
                        "norm0": "ba.n:teŋ",
                        "pos": "V/i",
                        "epos": "V/i",
                        "base": "teŋ₄",
                        "morph": "ba.n:~"
                      }
                    }
                  ]
                },
                {
                  "node": "d",
                  "type": "line-start",
                  "ref": "P252249.8",
                  "n": "6",
                  "label": "o 6"
                },
                {
                  "node": "l",
                  "frag": "{iti}šeg₁₂-⸢a⸣",
                  "id": "P252249.l01226",
                  "ref": "P252249.8.1",
                  "inst": "Šega[1]MN",
                  "sig": "@obmc%sux:{iti}šeg₁₂-a=Šega[1//1]MN'MN$Šega/{iti}šeg₁₂-a#~",
                  "f": {
                    "lang": "sux",
                    "form": "{iti}šeg₁₂-a",
                    "gdl": [
                      {
                        "det": "semantic",
                        "pos": "pre",
                        "seq": [
                          {
                            "v": "iti",
                            "id": "P252249.8.1.0"
                          }
                        ]
                      },
                      {
                        "v": "šeg₁₂",
                        "id": "P252249.8.1.1",
                        "delim": "-"
                      },
                      {
                        "v": "a",
                        "id": "P252249.8.1.2",
                        "break": "damaged",
                        "ho": "1",
                        "hc": "1"
                      }
                    ],
                    "cf": "Šega",
                    "gw": "1",
                    "sense": "1",
                    "norm0": "Šega",
                    "pos": "MN",
                    "epos": "MN",
                    "base": "{iti}šeg₁₂-a",
                    "morph": "~"
                  }
                },
                {
                  "node": "d",
                  "type": "line-start",
                  "ref": "P252249.9",
                  "n": "7",
                  "label": "o 7"
                },
                {
                  "node": "l",
                  "frag": "še",
                  "id": "P252249.l01227",
                  "ref": "P252249.9.1",
                  "inst": "še[barley]",
                  "sig": "@obmc%sux:še=še[barley//barley]N'N$še/še#~",
                  "f": {
                    "lang": "sux",
                    "form": "še",
                    "delim": "",
                    "gdl": [
                      {
                        "v": "še",
                        "id": "P252249.9.1.0"
                      }
                    ],
                    "cf": "še",
                    "gw": "barley",
                    "sense": "barley",
                    "norm0": "še",
                    "pos": "N",
                    "epos": "N",
                    "base": "še",
                    "morph": "~"
                  }
                },
                {
                  "node": "l",
                  "frag": "i₃-⸢aŋ₂⸣-e",
                  "id": "P252249.l01228",
                  "ref": "P252249.9.2",
                  "inst": "aŋ[measure]V/t",
                  "sig": "@obmc%sux:i₃-aŋ₂-e=aŋ[measure//measure]V/t'V/t$V:aŋ;e/aŋ₂#V:~;e",
                  "f": {
                    "lang": "sux",
                    "form": "i₃-aŋ₂-e",
                    "gdl": [
                      {
                        "v": "i₃",
                        "id": "P252249.9.2.0",
                        "delim": "-"
                      },
                      {
                        "v": "aŋ₂",
                        "id": "P252249.9.2.1",
                        "break": "damaged",
                        "ho": "1",
                        "delim": "-",
                        "hc": "1"
                      },
                      {
                        "v": "e",
                        "id": "P252249.9.2.2"
                      }
                    ],
                    "cf": "aŋ",
                    "gw": "measure",
                    "sense": "measure",
                    "norm0": "V:aŋ;e",
                    "pos": "V/t",
                    "epos": "V/t",
                    "base": "aŋ₂",
                    "morph": "V:~;e"
                  }
                },
                {
                  "node": "d",
                  "type": "line-start",
                  "ref": "P252249.10",
                  "n": "8",
                  "label": "o 8"
                },
                {
                  "node": "l",
                  "frag": "⸢tukum⸣-bi",
                  "id": "P252249.l01229",
                  "ref": "P252249.10.1",
                  "inst": "tukumbi[if]CNJ",
                  "sig": "@obmc%sux:tukum-bi=tukumbi[if//if]CNJ'CNJ$tukumbi/tukum-bi#~",
                  "f": {
                    "lang": "sux",
                    "form": "tukum-bi",
                    "gdl": [
                      {
                        "v": "tukum",
                        "id": "P252249.10.1.0",
                        "break": "damaged",
                        "ho": "1",
                        "delim": "-",
                        "hc": "1"
                      },
                      {
                        "v": "bi",
                        "id": "P252249.10.1.1"
                      }
                    ],
                    "cf": "tukumbi",
                    "gw": "if",
                    "sense": "if",
                    "norm0": "tukumbi",
                    "pos": "CNJ",
                    "epos": "CNJ",
                    "base": "tukum-bi",
                    "morph": "~"
                  }
                },
                {
                  "node": "d",
                  "type": "line-start",
                  "ref": "P252249.11",
                  "n": "9",
                  "label": "o 9"
                },
                {
                  "node": "l",
                  "frag": "{iti}šeg₁₂-[a]",
                  "id": "P252249.l0122a",
                  "ref": "P252249.11.1",
                  "inst": "Šega[1]MN",
                  "sig": "@obmc%sux:{iti}šeg₁₂-a=Šega[1//1]MN'MN$Šega/{iti}šeg₁₂-a#~",
                  "f": {
                    "lang": "sux",
                    "form": "{iti}šeg₁₂-a",
                    "gdl": [
                      {
                        "det": "semantic",
                        "pos": "pre",
                        "seq": [
                          {
                            "v": "iti",
                            "id": "P252249.11.1.0"
                          }
                        ]
                      },
                      {
                        "v": "šeg₁₂",
                        "id": "P252249.11.1.1",
                        "delim": "-"
                      },
                      {
                        "v": "a",
                        "id": "P252249.11.1.2",
                        "breakStart": "1",
                        "o": "]",
                        "break": "missing",
                        "breakEnd": "P252249.11.1.2"
                      }
                    ],
                    "cf": "Šega",
                    "gw": "1",
                    "sense": "1",
                    "norm0": "Šega",
                    "pos": "MN",
                    "epos": "MN",
                    "base": "{iti}šeg₁₂-a",
                    "morph": "~"
                  }
                },
                {
                  "node": "d",
                  "type": "line-start",
                  "ref": "P252249.12",
                  "n": "10",
                  "label": "o 10"
                },
                {
                  "node": "l",
                  "frag": "še",
                  "id": "P252249.l0122b",
                  "ref": "P252249.12.1",
                  "inst": "še[barley]N",
                  "sig": "@obmc%sux:še=še[barley//barley]N'N$še/še#~",
                  "f": {
                    "lang": "sux",
                    "form": "še",
                    "delim": "",
                    "gdl": [
                      {
                        "v": "še",
                        "id": "P252249.12.1.0"
                      }
                    ],
                    "cf": "še",
                    "gw": "barley",
                    "sense": "barley",
                    "norm0": "še",
                    "pos": "N",
                    "epos": "N",
                    "base": "še",
                    "morph": "~"
                  }
                },
                {
                  "node": "l",
                  "frag": "nu-ni-aŋ₂-[e]",
                  "id": "P252249.l0122c",
                  "ref": "P252249.12.2",
                  "inst": "aŋ[measure]",
                  "sig": "@obmc%sux:nu-ni-aŋ₂-e=aŋ[measure//measure]V/t'V/t$nu.ni:aŋ;e/aŋ₂#nu.ni:~;e",
                  "f": {
                    "lang": "sux",
                    "form": "nu-ni-aŋ₂-e",
                    "gdl": [
                      {
                        "v": "nu",
                        "id": "P252249.12.2.0",
                        "delim": "-"
                      },
                      {
                        "v": "ni",
                        "id": "P252249.12.2.1",
                        "delim": "-"
                      },
                      {
                        "v": "aŋ₂",
                        "id": "P252249.12.2.2",
                        "delim": "-"
                      },
                      {
                        "v": "e",
                        "id": "P252249.12.2.3",
                        "breakStart": "1",
                        "o": "]",
                        "break": "missing",
                        "breakEnd": "P252249.12.2.3"
                      }
                    ],
                    "cf": "aŋ",
                    "gw": "measure",
                    "sense": "measure",
                    "norm0": "nu.ni:aŋ;e",
                    "pos": "V/t",
                    "epos": "V/t",
                    "base": "aŋ₂",
                    "morph": "nu.ni:~;e"
                  }
                },
                {
                  "node": "d",
                  "type": "line-start",
                  "ref": "P252249.13",
                  "n": "11",
                  "label": "o 11"
                },
                {
                  "node": "l",
                  "frag": "še",
                  "id": "P252249.l0122d",
                  "ref": "P252249.13.1",
                  "inst": "še[barley]N",
                  "sig": "@obmc%sux:še=še[barley//barley]N'N$še/še#~",
                  "f": {
                    "lang": "sux",
                    "form": "še",
                    "delim": "",
                    "gdl": [
                      {
                        "v": "še",
                        "id": "P252249.13.1.0"
                      }
                    ],
                    "cf": "še",
                    "gw": "barley",
                    "sense": "barley",
                    "norm0": "še",
                    "pos": "N",
                    "epos": "N",
                    "base": "še",
                    "morph": "~"
                  }
                },
                {
                  "node": "l",
                  "frag": "u₃",
                  "id": "P252249.l0122e",
                  "ref": "P252249.13.2",
                  "inst": "u[and]CNJ",
                  "sig": "@obmc%sux:u₃=u[and//and]CNJ'CNJ$u/u₃#~",
                  "f": {
                    "lang": "sux",
                    "form": "u₃",
                    "delim": "",
                    "gdl": [
                      {
                        "v": "u₃",
                        "id": "P252249.13.2.0"
                      }
                    ],
                    "cf": "u",
                    "gw": "and",
                    "sense": "and",
                    "norm0": "u",
                    "pos": "CNJ",
                    "epos": "CNJ",
                    "base": "u₃",
                    "morph": "~"
                  }
                },
                {
                  "node": "l",
                  "frag": "maš₂-bi",
                  "id": "P252249.l0122f",
                  "ref": "P252249.13.3",
                  "inst": "maš[interest]N",
                  "sig": "@obmc%sux:maš₂-bi=maš[interest//interest (on a loan)]N'N$maš,bi/maš₂#~,bi",
                  "f": {
                    "lang": "sux",
                    "form": "maš₂-bi",
                    "delim": "",
                    "gdl": [
                      {
                        "v": "maš₂",
                        "id": "P252249.13.3.0",
                        "delim": "-"
                      },
                      {
                        "v": "bi",
                        "id": "P252249.13.3.1"
                      }
                    ],
                    "cf": "maš",
                    "gw": "interest",
                    "sense": "interest (on a loan)",
                    "norm0": "maš,bi",
                    "pos": "N",
                    "epos": "N",
                    "base": "maš₂",
                    "morph": "~,bi"
                  }
                },
                {
                  "node": "l",
                  "frag": "i₃-⸢aŋ₂⸣-e",
                  "id": "P252249.l01230",
                  "ref": "P252249.13.4",
                  "inst": "aŋ[measure]V/t",
                  "sig": "@obmc%sux:i₃-aŋ₂-e=aŋ[measure//measure]V/t'V/t$V:aŋ;e/aŋ₂#V:~;e",
                  "f": {
                    "lang": "sux",
                    "form": "i₃-aŋ₂-e",
                    "gdl": [
                      {
                        "v": "i₃",
                        "id": "P252249.13.4.0",
                        "delim": "-"
                      },
                      {
                        "v": "aŋ₂",
                        "id": "P252249.13.4.1",
                        "break": "damaged",
                        "ho": "1",
                        "delim": "-",
                        "hc": "1"
                      },
                      {
                        "v": "e",
                        "id": "P252249.13.4.2"
                      }
                    ],
                    "cf": "aŋ",
                    "gw": "measure",
                    "sense": "measure",
                    "norm0": "V:aŋ;e",
                    "pos": "V/t",
                    "epos": "V/t",
                    "base": "aŋ₂",
                    "morph": "V:~;e"
                  }
                },
                {
                  "node": "d",
                  "type": "line-start",
                  "ref": "P252249.14",
                  "n": "12",
                  "label": "o 12"
                },
                {
                  "node": "l",
                  "frag": "mu",
                  "id": "P252249.l01231",
                  "ref": "P252249.14.1",
                  "inst": "mu[name]N",
                  "sig": "@obmc%sux:mu=mu[name//name]N'N$mu/mu#~",
                  "f": {
                    "lang": "sux",
                    "form": "mu",
                    "delim": "",
                    "gdl": [
                      {
                        "v": "mu",
                        "id": "P252249.14.1.0"
                      }
                    ],
                    "cf": "mu",
                    "gw": "name",
                    "sense": "name",
                    "norm0": "mu",
                    "pos": "N",
                    "epos": "N",
                    "base": "mu",
                    "morph": "~"
                  }
                },
                {
                  "node": "l",
                  "frag": "lugal-la-bi",
                  "id": "P252249.l01232",
                  "ref": "P252249.14.2",
                  "inst": "lugal[king]",
                  "sig": "@obmc%sux:lugal-la-bi=lugal[king//king]N'N$lugal,ak.bi/lugal#~,ak.bi",
                  "f": {
                    "lang": "sux",
                    "form": "lugal-la-bi",
                    "delim": "",
                    "gdl": [
                      {
                        "v": "lugal",
                        "id": "P252249.14.2.0",
                        "delim": "-"
                      },
                      {
                        "v": "la",
                        "id": "P252249.14.2.1",
                        "delim": "-"
                      },
                      {
                        "v": "bi",
                        "id": "P252249.14.2.2"
                      }
                    ],
                    "cf": "lugal",
                    "gw": "king",
                    "sense": "king",
                    "norm0": "lugal,ak.bi",
                    "pos": "N",
                    "epos": "N",
                    "base": "lugal",
                    "morph": "~,ak.bi"
                  }
                },
                {
                  "node": "l",
                  "frag": "in-pad₃",
                  "id": "P252249.l01233",
                  "ref": "P252249.14.3",
                  "inst": "pad[swear]V/t",
                  "sig": "@obmc%sux:in-pad₃=pad[find//to swear]V/t'V/t$V.n:pad/pad₃#V.n:~",
                  "f": {
                    "lang": "sux",
                    "form": "in-pad₃",
                    "gdl": [
                      {
                        "v": "in",
                        "id": "P252249.14.3.0",
                        "delim": "-"
                      },
                      {
                        "v": "pad₃",
                        "id": "P252249.14.3.1"
                      }
                    ],
                    "cf": "pad",
                    "gw": "find",
                    "sense": "to swear",
                    "norm0": "V.n:pad",
                    "pos": "V/t",
                    "epos": "V/t",
                    "base": "pad₃",
                    "morph": "V.n:~"
                  }
                },
                {
                  "node": "d",
                  "subtype": "reverse",
                  "type": "reverse",
                  "ref": "P252249.r.15",
                  "label": "r"
                },
                {
                  "node": "d",
                  "type": "line-start",
                  "ref": "P252249.16",
                  "n": "1",
                  "label": "r 1"
                },
                {
                  "node": "l",
                  "frag": "[...]",
                  "id": "P252249.l01234",
                  "ref": "P252249.16.1",
                  "inst": "u",
                  "f": {
                    "lang": "sux",
                    "form": "x",
                    "delim": "",
                    "gdl": [
                      {
                        "x": "ellipsis",
                        "id": "P252249.16.1.0",
                        "breakStart": "1",
                        "break": "missing",
                        "o": "]",
                        "breakEnd": "P252249.16.1.0"
                      }
                    ],
                    "pos": "u"
                  }
                },
                {
                  "node": "l",
                  "frag": "⸢gur",
                  "id": "P252249.l01235",
                  "ref": "P252249.16.2",
                  "inst": "gur[unit of capacity]N",
                  "sig": "@obmc%sux:gur=gur[unit//unit of capacity]N'N$gur/gur#~",
                  "f": {
                    "lang": "sux",
                    "form": "gur",
                    "delim": "",
                    "gdl": [
                      {
                        "v": "gur",
                        "id": "P252249.16.2.0",
                        "break": "damaged",
                        "ho": "1"
                      }
                    ],
                    "cf": "gur",
                    "gw": "unit",
                    "sense": "unit of capacity",
                    "norm0": "gur",
                    "pos": "N",
                    "epos": "N",
                    "base": "gur",
                    "morph": "~"
                  }
                },
                {
                  "node": "l",
                  "frag": "še⸣",
                  "id": "P252249.l01236",
                  "ref": "P252249.16.3",
                  "inst": "še[barley]N",
                  "sig": "@obmc%sux:še=še[barley//barley]N'N$še/še#~",
                  "f": {
                    "lang": "sux",
                    "form": "še",
                    "gdl": [
                      {
                        "v": "še",
                        "id": "P252249.16.3.0",
                        "break": "damaged",
                        "hc": "1"
                      }
                    ],
                    "cf": "še",
                    "gw": "barley",
                    "sense": "barley",
                    "norm0": "še",
                    "pos": "N",
                    "epos": "N",
                    "base": "še",
                    "morph": "~"
                  }
                },
                {
                  "node": "d",
                  "type": "line-start",
                  "ref": "P252249.17",
                  "n": "2",
                  "label": "r 2"
                },
                {
                  "node": "l",
                  "frag": "šu-la₂",
                  "id": "P252249.l01237",
                  "ref": "P252249.17.1",
                  "inst": "šulaʾa[a type of consignment]N",
                  "sig": "@obmc%sux:šu-la₂=šulaʾa[consignment//a type of consignment]N'N$šulaʾa/šu-la₂#~",
                  "f": {
                    "lang": "sux",
                    "form": "šu-la₂",
                    "delim": "",
                    "gdl": [
                      {
                        "v": "šu",
                        "id": "P252249.17.1.0",
                        "delim": "-"
                      },
                      {
                        "v": "la₂",
                        "id": "P252249.17.1.1"
                      }
                    ],
                    "cf": "šulaʾa",
                    "gw": "consignment",
                    "sense": "a type of consignment",
                    "norm0": "šulaʾa",
                    "pos": "N",
                    "epos": "N",
                    "base": "šu-la₂",
                    "morph": "~"
                  }
                },
                {
                  "node": "l",
                  "frag": "⸢maš₂",
                  "id": "P252249.l01238",
                  "ref": "P252249.17.2",
                  "inst": "maš[interest (on a loan)]N",
                  "sig": "@obmc%sux:maš₂=maš[interest//interest (on a loan)]N'N$maš/maš₂#~",
                  "f": {
                    "lang": "sux",
                    "form": "maš₂",
                    "delim": "",
                    "gdl": [
                      {
                        "v": "maš₂",
                        "id": "P252249.17.2.0",
                        "break": "damaged",
                        "ho": "1"
                      }
                    ],
                    "cf": "maš",
                    "gw": "interest",
                    "sense": "interest (on a loan)",
                    "norm0": "maš",
                    "pos": "N",
                    "epos": "N",
                    "base": "maš₂",
                    "morph": "~"
                  }
                },
                {
                  "node": "l",
                  "frag": "nu-tuku⸣",
                  "id": "P252249.l01239",
                  "ref": "P252249.17.3",
                  "inst": "tuku[to acquire, get]V/t",
                  "sig": "@obmc%sux:nu-tuku=tuku[acquire//to acquire, get]V/t'V/t$nu:tuku/tuku#nu:~",
                  "f": {
                    "lang": "sux",
                    "form": "nu-tuku",
                    "delim": "",
                    "gdl": [
                      {
                        "v": "nu",
                        "id": "P252249.17.3.0",
                        "break": "damaged",
                        "delim": "-"
                      },
                      {
                        "v": "tuku",
                        "id": "P252249.17.3.1",
                        "break": "damaged",
                        "hc": "1"
                      }
                    ],
                    "cf": "tuku",
                    "gw": "acquire",
                    "sense": "to acquire, get",
                    "norm0": "nu:tuku",
                    "pos": "V/t",
                    "epos": "V/t",
                    "base": "tuku",
                    "morph": "nu:~"
                  }
                },
                {
                  "node": "l",
                  "frag": "x",
                  "id": "P252249.l0123a",
                  "ref": "P252249.17.4",
                  "inst": "u",
                  "f": {
                    "lang": "sux",
                    "form": "x",
                    "gdl": [
                      {
                        "v": "x",
                        "id": "P252249.17.4.0"
                      }
                    ],
                    "pos": "u"
                  }
                },
                {
                  "node": "d",
                  "type": "nonx",
                  "ref": "P252249.18",
                  "strict": "1",
                  "extent": "rest",
                  "scope": "tablet",
                  "state": "blank"
                }
              ]
            }
          ]
        }
      ]
    },
    {
      "linkbase": [
        {
          "type": "linkset",
          "xlink_title": "šu teŋ[accept//to accept]V/t'V/t",
          "id": "P252249.ls00000",
          "xlink_type": "extended",
          "xlink_role": "psu",
          "sig": "{šu ba-an-ti = šu[hand]N teŋ[approach]V/i += šu teŋ[accept//to accept]V/t'V/t}::@obmc%sux:šu=šu[hand//hand]N'N$šu/šu#~++@obmc%sux:ba-an-ti=teŋ[approach//to approach]V/i'V/i$ba.n:teŋ/teŋ₄#ba.n:~",
          "links": [
            {
              "type": "link",
              "xlink_title": "šu",
              "xlink_type": "locator",
              "xlink_href": "#P252249.l01224",
              "xlink_role": "elt"
            },
            {
              "type": "link",
              "xlink_title": "teŋ",
              "xlink_type": "locator",
              "xlink_href": "#P252249.l01225",
              "xlink_role": "elt"
            }
          ]
        }
      ]
    }
  ]
}
