{
  "type": "cdl",
  "project": "obmc",
  "source": "http://oracc.org/obmc",
  "license": "This data is released under the CC0 license",
  "license-url": "https://creativecommons.org/publicdomain/zero/1.0/",
  "more-info": "http://oracc.org/doc/opendata/",
  "UTC-timestamp": "2019-02-04T17:10:44",
  "textid": "P252260",
  "cdl": [
    {
      "node": "c",
      "type": "text",
      "id": "P252260.U0",
      "cdl": [
        {
          "node": "d",
          "subtype": "tablet",
          "type": "tablet",
          "ref": "P252260.x78.1",
          "label": "x78"
        },
        {
          "node": "d",
          "subtype": "obverse",
          "type": "obverse",
          "ref": "P252260.o.2",
          "label": "o"
        },
        {
          "node": "c",
          "type": "discourse",
          "subtype": "body",
          "id": "P252260.U1",
          "cdl": [
            {
              "node": "c",
              "type": "sentence",
              "implicit": "yes",
              "id": "P252260.U2",
              "label": "o 1 - r 7",
              "cdl": [
                {
                  "node": "d",
                  "type": "line-start",
                  "ref": "P252260.3",
                  "n": "1",
                  "label": "o 1"
                },
                {
                  "node": "l",
                  "frag": "(8.1/2)",
                  "id": "P252260.l01301",
                  "ref": "P252260.3.1",
                  "inst": "n",
                  "f": {
                    "lang": "sux",
                    "form": "8.1/2",
                    "delim": "",
                    "gdl": [
                      {
                        "gg": "group",
                        "gdl_type": "group",
                        "group": [
                          {
                            "n": "n",
                            "sexified": "8(diš)",
                            "form": "8",
                            "id": "P252260.3.1.0",
                            "breakStart": "1",
                            "o": "[",
                            "break": "missing",
                            "delim": ".",
                            "seq": [
                              {
                                "r": "8"
                              }
                            ]
                          },
                          {
                            "n": "n",
                            "sexified": "1/2(disz)",
                            "form": "1/2",
                            "id": "P252260.3.1.1",
                            "break": "missing",
                            "seq": [
                              {
                                "r": "1/2"
                              }
                            ]
                          }
                        ]
                      }
                    ],
                    "pos": "n"
                  }
                },
                {
                  "node": "l",
                  "frag": "giŋ₄]",
                  "id": "P252260.l01302",
                  "ref": "P252260.3.2",
                  "inst": "giŋ[a unit of weight, shekel]N",
                  "sig": "@obmc%sux:giŋ₄=giŋ[unit//a unit of weight, shekel]N'N$giŋ/giŋ₄#~",
                  "f": {
                    "lang": "sux",
                    "form": "giŋ₄",
                    "delim": "",
                    "gdl": [
                      {
                        "v": "giŋ₄",
                        "id": "P252260.3.2.0",
                        "break": "missing",
                        "o": "]",
                        "breakEnd": "P252260.3.1.0"
                      }
                    ],
                    "cf": "giŋ",
                    "gw": "unit",
                    "sense": "a unit of weight, shekel",
                    "norm0": "giŋ",
                    "pos": "N",
                    "epos": "N",
                    "base": "giŋ₄",
                    "morph": "~"
                  }
                },
                {
                  "node": "l",
                  "frag": "⸢kug⸣-[babbar]",
                  "id": "P252260.l01303",
                  "ref": "P252260.3.3",
                  "inst": "kugbabbar[silver]N",
                  "sig": "@obmc%sux:kug-babbar=kugbabbar[silver//silver]N'N$kugbabbar/kug-babbar#~",
                  "f": {
                    "lang": "sux",
                    "form": "kug-babbar",
                    "gdl": [
                      {
                        "v": "kug",
                        "id": "P252260.3.3.0",
                        "break": "damaged",
                        "ho": "1",
                        "delim": "-",
                        "hc": "1"
                      },
                      {
                        "v": "babbar",
                        "id": "P252260.3.3.1",
                        "breakStart": "1",
                        "o": "]",
                        "break": "missing",
                        "breakEnd": "P252260.3.3.1"
                      }
                    ],
                    "cf": "kugbabbar",
                    "gw": "silver",
                    "sense": "silver",
                    "norm0": "kugbabbar",
                    "pos": "N",
                    "epos": "N",
                    "base": "kug-babbar",
                    "morph": "~"
                  }
                },
                {
                  "node": "d",
                  "type": "line-start",
                  "ref": "P252260.4",
                  "n": "2",
                  "label": "o 2"
                },
                {
                  "node": "l",
                  "frag": "[niŋ₂]",
                  "id": "P252260.l01304",
                  "ref": "P252260.4.1",
                  "inst": "niŋ[thing, possession]N",
                  "sig": "@obmc%sux:niŋ₂=niŋ[thing//thing, possession]N'N$niŋ/niŋ₂#~",
                  "f": {
                    "lang": "sux",
                    "form": "niŋ₂",
                    "delim": "",
                    "gdl": [
                      {
                        "v": "niŋ₂",
                        "id": "P252260.4.1.0",
                        "breakStart": "1",
                        "o": "]",
                        "break": "missing",
                        "breakEnd": "P252260.4.1.0"
                      }
                    ],
                    "cf": "niŋ",
                    "gw": "thing",
                    "sense": "thing, possession",
                    "norm0": "niŋ",
                    "pos": "N",
                    "epos": "N",
                    "base": "niŋ₂",
                    "morph": "~"
                  }
                },
                {
                  "node": "l",
                  "frag": "be-li₂-šu-⸢nu⸣",
                  "id": "P252260.l01305",
                  "ref": "P252260.4.2",
                  "inst": "Belšunu[]PN",
                  "sig": "@obmc%sux:be-li₂-šu-nu=Belšunu[1//1]PN'PN$Belšunu/be-li₂-šu-nu#~",
                  "f": {
                    "lang": "sux",
                    "form": "be-li₂-šu-nu",
                    "gdl": [
                      {
                        "v": "be",
                        "id": "P252260.4.2.0",
                        "delim": "-"
                      },
                      {
                        "v": "li₂",
                        "id": "P252260.4.2.1",
                        "delim": "-"
                      },
                      {
                        "v": "šu",
                        "id": "P252260.4.2.2",
                        "delim": "-"
                      },
                      {
                        "v": "nu",
                        "id": "P252260.4.2.3",
                        "break": "damaged",
                        "ho": "1",
                        "hc": "1"
                      }
                    ],
                    "cf": "Belšunu",
                    "gw": "1",
                    "sense": "1",
                    "norm0": "Belšunu",
                    "pos": "PN",
                    "epos": "PN",
                    "base": "be-li₂-šu-nu",
                    "morph": "~"
                  }
                },
                {
                  "node": "d",
                  "type": "line-start",
                  "ref": "P252260.5",
                  "n": "3",
                  "label": "o 3"
                },
                {
                  "node": "l",
                  "frag": "[ugu]",
                  "id": "P252260.l01306",
                  "ref": "P252260.5.1",
                  "inst": "ugu[against]N",
                  "sig": "@obmc%sux:ugu=ugu[skull//against]N'N$ugu/ugu#~",
                  "f": {
                    "lang": "sux",
                    "form": "ugu",
                    "delim": "",
                    "gdl": [
                      {
                        "v": "ugu",
                        "id": "P252260.5.1.0",
                        "breakStart": "1",
                        "o": "]",
                        "break": "missing",
                        "breakEnd": "P252260.5.1.0"
                      }
                    ],
                    "cf": "ugu",
                    "gw": "skull",
                    "sense": "against",
                    "norm0": "ugu",
                    "pos": "N",
                    "epos": "N",
                    "base": "ugu",
                    "morph": "~"
                  }
                },
                {
                  "node": "l",
                  "frag": "i-din-{d}iš₈-tar₂",
                  "id": "P252260.l01307",
                  "ref": "P252260.5.2",
                  "inst": "+Iddin-Ištar[]PN/i-din-{d}iš₈-tar₂#~",
                  "sig": "@obmc%sux:i-din-{d}iš₈-tar₂=Iddin-Ištar[1//1]PN'PN$Iddin-Ištar/i-din-{d}iš₈-tar₂#~",
                  "f": {
                    "lang": "sux",
                    "form": "i-din-{d}iš₈-tar₂",
                    "gdl": [
                      {
                        "v": "i",
                        "id": "P252260.5.2.0",
                        "delim": "-"
                      },
                      {
                        "v": "din",
                        "id": "P252260.5.2.1",
                        "delim": "-"
                      },
                      {
                        "det": "semantic",
                        "pos": "pre",
                        "seq": [
                          {
                            "v": "d",
                            "id": "P252260.5.2.2"
                          }
                        ]
                      },
                      {
                        "v": "iš₈",
                        "id": "P252260.5.2.3",
                        "delim": "-"
                      },
                      {
                        "v": "tar₂",
                        "id": "P252260.5.2.4"
                      }
                    ],
                    "cf": "Iddin-Ištar",
                    "gw": "1",
                    "sense": "1",
                    "norm0": "Iddin-Ištar",
                    "pos": "PN",
                    "epos": "PN",
                    "base": "i-din-{d}iš₈-tar₂",
                    "morph": "~"
                  }
                },
                {
                  "node": "d",
                  "type": "line-start",
                  "ref": "P252260.6",
                  "n": "4",
                  "label": "o 4"
                },
                {
                  "node": "l",
                  "frag": "[an]-tuku-am₃",
                  "id": "P252260.l01308",
                  "ref": "P252260.6.1",
                  "inst": "tuku[to acquire, get]V/t",
                  "sig": "@obmc%sux:an-tuku-am₃=tuku[acquire//to acquire, get]V/t'V/t$V.n:tuku;am/tuku#V.n:~;am",
                  "f": {
                    "lang": "sux",
                    "form": "an-tuku-am₃",
                    "gdl": [
                      {
                        "v": "an",
                        "id": "P252260.6.1.0",
                        "breakStart": "1",
                        "o": "]",
                        "break": "missing",
                        "breakEnd": "P252260.6.1.0",
                        "delim": "-"
                      },
                      {
                        "v": "tuku",
                        "id": "P252260.6.1.1",
                        "delim": "-"
                      },
                      {
                        "v": "am₃",
                        "id": "P252260.6.1.2"
                      }
                    ],
                    "cf": "tuku",
                    "gw": "acquire",
                    "sense": "to acquire, get",
                    "norm0": "V.n:tuku;am",
                    "pos": "V/t",
                    "epos": "V/t",
                    "base": "tuku",
                    "morph": "V.n:~;am"
                  }
                },
                {
                  "node": "d",
                  "type": "line-start",
                  "ref": "P252260.7",
                  "n": "5",
                  "label": "o 5"
                },
                {
                  "node": "l",
                  "frag": "šag₄",
                  "id": "P252260.l01309",
                  "ref": "P252260.7.1",
                  "inst": "šag[heart]N",
                  "sig": "@obmc%sux:šag₄=šag[heart//heart]N'N$šag/šag₄#~",
                  "f": {
                    "lang": "sux",
                    "form": "šag₄",
                    "delim": "",
                    "gdl": [
                      {
                        "v": "šag₄",
                        "id": "P252260.7.1.0"
                      }
                    ],
                    "cf": "šag",
                    "gw": "heart",
                    "sense": "heart",
                    "norm0": "šag",
                    "pos": "N",
                    "epos": "N",
                    "base": "šag₄",
                    "morph": "~"
                  }
                },
                {
                  "node": "l",
                  "frag": "be-li₂-šu-nu",
                  "id": "P252260.l0130a",
                  "ref": "P252260.7.2",
                  "inst": "Belšunu[1]PN",
                  "sig": "@obmc%sux:be-li₂-šu-nu=Belšunu[1//1]PN'PN$Belšunu/be-li₂-šu-nu#~",
                  "f": {
                    "lang": "sux",
                    "form": "be-li₂-šu-nu",
                    "gdl": [
                      {
                        "v": "be",
                        "id": "P252260.7.2.0",
                        "delim": "-"
                      },
                      {
                        "v": "li₂",
                        "id": "P252260.7.2.1",
                        "delim": "-"
                      },
                      {
                        "v": "šu",
                        "id": "P252260.7.2.2",
                        "delim": "-"
                      },
                      {
                        "v": "nu",
                        "id": "P252260.7.2.3"
                      }
                    ],
                    "cf": "Belšunu",
                    "gw": "1",
                    "sense": "1",
                    "norm0": "Belšunu",
                    "pos": "PN",
                    "epos": "PN",
                    "base": "be-li₂-šu-nu",
                    "morph": "~"
                  }
                },
                {
                  "node": "d",
                  "type": "line-start",
                  "ref": "P252260.8",
                  "n": "6",
                  "label": "o 6"
                },
                {
                  "node": "d",
                  "frag": "<<ugu>>",
                  "type": "excised",
                  "ref": "P252260.8.1",
                  "lang": "sux",
                  "delim": ""
                },
                {
                  "node": "l",
                  "frag": "i-din-{d}iš₈-tar₂",
                  "id": "P252260.l0130b",
                  "ref": "P252260.8.2",
                  "inst": "Iddin-Ištar[1]PN",
                  "sig": "@obmc%sux:i-din-{d}iš₈-tar₂=Iddin-Ištar[1//1]PN'PN$Iddin-Ištar/i-din-{d}iš₈-tar₂#~",
                  "f": {
                    "lang": "sux",
                    "form": "i-din-{d}iš₈-tar₂",
                    "gdl": [
                      {
                        "v": "i",
                        "id": "P252260.8.2.0",
                        "delim": "-"
                      },
                      {
                        "v": "din",
                        "id": "P252260.8.2.1",
                        "delim": "-"
                      },
                      {
                        "det": "semantic",
                        "pos": "pre",
                        "seq": [
                          {
                            "v": "d",
                            "id": "P252260.8.2.2"
                          }
                        ]
                      },
                      {
                        "v": "iš₈",
                        "id": "P252260.8.2.3",
                        "delim": "-"
                      },
                      {
                        "v": "tar₂",
                        "id": "P252260.8.2.4"
                      }
                    ],
                    "cf": "Iddin-Ištar",
                    "gw": "1",
                    "sense": "1",
                    "norm0": "Iddin-Ištar",
                    "pos": "PN",
                    "epos": "PN",
                    "base": "i-din-{d}iš₈-tar₂",
                    "morph": "~"
                  }
                },
                {
                  "node": "d",
                  "type": "line-start",
                  "ref": "P252260.9",
                  "n": "7",
                  "label": "o 7"
                },
                {
                  "node": "l",
                  "frag": "ba-an-dug₃",
                  "id": "P252260.l0130c",
                  "ref": "P252260.9.1",
                  "inst": "dug[good]",
                  "sig": "@obmc%sux:ba-an-dug₃=dug[good//good]V/i'V/i$ba.n:dug/dug₃#ba.n:~",
                  "f": {
                    "lang": "sux",
                    "form": "ba-an-dug₃",
                    "gdl": [
                      {
                        "v": "ba",
                        "id": "P252260.9.1.0",
                        "delim": "-"
                      },
                      {
                        "v": "an",
                        "id": "P252260.9.1.1",
                        "delim": "-"
                      },
                      {
                        "v": "dug₃",
                        "id": "P252260.9.1.2"
                      }
                    ],
                    "cf": "dug",
                    "gw": "good",
                    "sense": "good",
                    "norm0": "ba.n:dug",
                    "pos": "V/i",
                    "epos": "V/i",
                    "base": "dug₃",
                    "morph": "ba.n:~"
                  }
                },
                {
                  "node": "d",
                  "type": "line-start",
                  "ref": "P252260.10",
                  "n": "8",
                  "label": "o 8"
                },
                {
                  "node": "l",
                  "frag": "⸢lu₂-na⸣-me-en",
                  "id": "P252260.l0130d",
                  "ref": "P252260.10.1",
                  "inst": "luname[someone]",
                  "sig": "@obmc%sux:lu₂-na-me-en=luname[someone//someone]N'N$luname/lu₂-na-me-en#~",
                  "f": {
                    "lang": "sux",
                    "form": "lu₂-na-me-en",
                    "delim": "",
                    "gdl": [
                      {
                        "v": "lu₂",
                        "id": "P252260.10.1.0",
                        "break": "damaged",
                        "ho": "1",
                        "delim": "-"
                      },
                      {
                        "v": "na",
                        "id": "P252260.10.1.1",
                        "break": "damaged",
                        "delim": "-",
                        "hc": "1"
                      },
                      {
                        "v": "me",
                        "id": "P252260.10.1.2",
                        "delim": "-"
                      },
                      {
                        "v": "en",
                        "id": "P252260.10.1.3"
                      }
                    ],
                    "cf": "luname",
                    "gw": "someone",
                    "sense": "someone",
                    "norm0": "luname",
                    "pos": "N",
                    "epos": "N",
                    "base": "lu₂-na-me-en",
                    "morph": "~"
                  }
                },
                {
                  "node": "l",
                  "frag": "niŋ₂-na-me-en",
                  "id": "P252260.l0130e",
                  "ref": "P252260.10.2",
                  "inst": "niŋname[anything]",
                  "sig": "@obmc%sux:niŋ₂-na-me-en=niŋname[anything//anything]N'N$niŋname/niŋ-na-me-en#~",
                  "f": {
                    "lang": "sux",
                    "form": "niŋ₂-na-me-en",
                    "gdl": [
                      {
                        "v": "niŋ₂",
                        "id": "P252260.10.2.0",
                        "delim": "-"
                      },
                      {
                        "v": "na",
                        "id": "P252260.10.2.1",
                        "delim": "-"
                      },
                      {
                        "v": "me",
                        "id": "P252260.10.2.2",
                        "delim": "-"
                      },
                      {
                        "v": "en",
                        "id": "P252260.10.2.3"
                      }
                    ],
                    "cf": "niŋname",
                    "gw": "anything",
                    "sense": "anything",
                    "norm0": "niŋname",
                    "pos": "N",
                    "epos": "N",
                    "base": "niŋ-na-me-en",
                    "morph": "~"
                  }
                },
                {
                  "node": "d",
                  "type": "line-start",
                  "ref": "P252260.11",
                  "n": "9",
                  "label": "o 9"
                },
                {
                  "node": "l",
                  "frag": "ugu-ni",
                  "id": "P252260.l0130f",
                  "ref": "P252260.11.1",
                  "inst": "ugu[against]",
                  "sig": "@obmc%sux:ugu-ni=ugu[skull//against]N'N$ugu,ani/ugu#~,ani",
                  "f": {
                    "lang": "sux",
                    "form": "ugu-ni",
                    "delim": "",
                    "gdl": [
                      {
                        "v": "ugu",
                        "id": "P252260.11.1.0",
                        "delim": "-"
                      },
                      {
                        "v": "ni",
                        "id": "P252260.11.1.1"
                      }
                    ],
                    "cf": "ugu",
                    "gw": "skull",
                    "sense": "against",
                    "norm0": "ugu,ani",
                    "pos": "N",
                    "epos": "N",
                    "base": "ugu",
                    "morph": "~,ani"
                  }
                },
                {
                  "node": "l",
                  "frag": "nu-tuku",
                  "id": "P252260.l01310",
                  "ref": "P252260.11.2",
                  "inst": "tuku[to acquire, get]V/t",
                  "sig": "@obmc%sux:nu-tuku=tuku[acquire//to acquire, get]V/t'V/t$nu:tuku/tuku#nu:~",
                  "f": {
                    "lang": "sux",
                    "form": "nu-tuku",
                    "gdl": [
                      {
                        "v": "nu",
                        "id": "P252260.11.2.0",
                        "delim": "-"
                      },
                      {
                        "v": "tuku",
                        "id": "P252260.11.2.1"
                      }
                    ],
                    "cf": "tuku",
                    "gw": "acquire",
                    "sense": "to acquire, get",
                    "norm0": "nu:tuku",
                    "pos": "V/t",
                    "epos": "V/t",
                    "base": "tuku",
                    "morph": "nu:~"
                  }
                },
                {
                  "node": "d",
                  "type": "line-start",
                  "ref": "P252260.12",
                  "n": "10",
                  "label": "o 10"
                },
                {
                  "node": "l",
                  "frag": "mu",
                  "id": "P252260.l01311",
                  "ref": "P252260.12.1",
                  "inst": "mu[name]N",
                  "sig": "@obmc%sux:mu=mu[name//name]N'N$mu/mu#~",
                  "f": {
                    "lang": "sux",
                    "form": "mu",
                    "delim": "",
                    "gdl": [
                      {
                        "v": "mu",
                        "id": "P252260.12.1.0"
                      }
                    ],
                    "cf": "mu",
                    "gw": "name",
                    "sense": "name",
                    "norm0": "mu",
                    "pos": "N",
                    "epos": "N",
                    "base": "mu",
                    "morph": "~"
                  }
                },
                {
                  "node": "l",
                  "frag": "i-din-{d}iš₈-tar₂",
                  "id": "P252260.l01312",
                  "ref": "P252260.12.2",
                  "inst": "+Iddin-Ištar[]PN/i-din-{d}iš₈-tar₂#~",
                  "sig": "@obmc%sux:i-din-{d}iš₈-tar₂=Iddin-Ištar[1//1]PN'PN$Iddin-Ištar/i-din-{d}iš₈-tar₂#~",
                  "f": {
                    "lang": "sux",
                    "form": "i-din-{d}iš₈-tar₂",
                    "gdl": [
                      {
                        "v": "i",
                        "id": "P252260.12.2.0",
                        "delim": "-"
                      },
                      {
                        "v": "din",
                        "id": "P252260.12.2.1",
                        "delim": "-"
                      },
                      {
                        "det": "semantic",
                        "pos": "pre",
                        "seq": [
                          {
                            "v": "d",
                            "id": "P252260.12.2.2"
                          }
                        ]
                      },
                      {
                        "v": "iš₈",
                        "id": "P252260.12.2.3",
                        "delim": "-"
                      },
                      {
                        "v": "tar₂",
                        "id": "P252260.12.2.4"
                      }
                    ],
                    "cf": "Iddin-Ištar",
                    "gw": "1",
                    "sense": "1",
                    "norm0": "Iddin-Ištar",
                    "pos": "PN",
                    "epos": "PN",
                    "base": "i-din-{d}iš₈-tar₂",
                    "morph": "~"
                  }
                },
                {
                  "node": "d",
                  "type": "line-start",
                  "ref": "P252260.13",
                  "n": "11",
                  "label": "o 11"
                },
                {
                  "node": "l",
                  "frag": "kišib",
                  "id": "P252260.l01313",
                  "ref": "P252260.13.1",
                  "inst": "kišib[seal]N",
                  "sig": "@obmc%sux:kišib=kišib[seal//seal]N'N$kišib/kišib#~",
                  "f": {
                    "lang": "sux",
                    "form": "kišib",
                    "delim": "",
                    "gdl": [
                      {
                        "v": "kišib",
                        "id": "P252260.13.1.0"
                      }
                    ],
                    "cf": "kišib",
                    "gw": "seal",
                    "sense": "seal",
                    "norm0": "kišib",
                    "pos": "N",
                    "epos": "N",
                    "base": "kišib",
                    "morph": "~"
                  }
                },
                {
                  "node": "l",
                  "frag": "nu-⸢ub⸣-[tuku]",
                  "id": "P252260.l01314",
                  "ref": "P252260.13.2",
                  "inst": "tuku[to acquire, get]V/t",
                  "sig": "@obmc%sux:nu-ub-tuku=tuku[acquire//to acquire, get]V/t'V/t$nu.V.b:tuku/tuku#nu.V.b:~",
                  "f": {
                    "lang": "sux",
                    "form": "nu-ub-tuku",
                    "gdl": [
                      {
                        "v": "nu",
                        "id": "P252260.13.2.0",
                        "delim": "-"
                      },
                      {
                        "v": "ub",
                        "id": "P252260.13.2.1",
                        "break": "damaged",
                        "ho": "1",
                        "delim": "-",
                        "hc": "1"
                      },
                      {
                        "v": "tuku",
                        "id": "P252260.13.2.2",
                        "breakStart": "1",
                        "o": "]",
                        "break": "missing",
                        "breakEnd": "P252260.13.2.2"
                      }
                    ],
                    "cf": "tuku",
                    "gw": "acquire",
                    "sense": "to acquire, get",
                    "norm0": "nu.V.b:tuku",
                    "pos": "V/t",
                    "epos": "V/t",
                    "base": "tuku",
                    "morph": "nu.V.b:~"
                  }
                },
                {
                  "node": "d",
                  "subtype": "reverse",
                  "type": "reverse",
                  "ref": "P252260.r.14",
                  "label": "r"
                },
                {
                  "node": "d",
                  "type": "line-start",
                  "ref": "P252260.15",
                  "n": "1",
                  "label": "r 1"
                },
                {
                  "node": "l",
                  "frag": "{m}{d}nanna-lu₂-ti",
                  "id": "P252260.l01315",
                  "ref": "P252260.15.1",
                  "inst": "Nanna-luti[]PN",
                  "sig": "@obmc%sux:{m}{d}nanna-lu₂-ti=Nanna-luti[1//1]PN'PN$Nanna-luti/{m}{d}nanna-lu₂-ti#~",
                  "f": {
                    "lang": "sux",
                    "form": "{m}{d}nanna-lu₂-ti",
                    "gdl": [
                      {
                        "det": "semantic",
                        "pos": "pre",
                        "seq": [
                          {
                            "v": "m",
                            "id": "P252260.15.1.0"
                          }
                        ]
                      },
                      {
                        "det": "semantic",
                        "pos": "pre",
                        "seq": [
                          {
                            "v": "d",
                            "id": "P252260.15.1.1"
                          }
                        ]
                      },
                      {
                        "v": "nanna",
                        "id": "P252260.15.1.2",
                        "delim": "-"
                      },
                      {
                        "v": "lu₂",
                        "id": "P252260.15.1.3",
                        "delim": "-"
                      },
                      {
                        "v": "ti",
                        "id": "P252260.15.1.4"
                      }
                    ],
                    "cf": "Nanna-luti",
                    "gw": "1",
                    "sense": "1",
                    "norm0": "Nanna-luti",
                    "pos": "PN",
                    "epos": "PN",
                    "base": "{m}{d}nanna-lu₂-ti",
                    "morph": "~"
                  }
                },
                {
                  "node": "d",
                  "type": "line-start",
                  "ref": "P252260.16",
                  "n": "2",
                  "label": "r 2"
                },
                {
                  "node": "l",
                  "frag": "kišib-a-ni",
                  "id": "P252260.l01316",
                  "ref": "P252260.16.1",
                  "inst": "kišib[seal]",
                  "sig": "@obmc%sux:kišib-a-ni=kišib[seal//seal]N'N$kišib,ani/kišib#~,ani",
                  "f": {
                    "lang": "sux",
                    "form": "kišib-a-ni",
                    "delim": "",
                    "gdl": [
                      {
                        "v": "kišib",
                        "id": "P252260.16.1.0",
                        "delim": "-"
                      },
                      {
                        "v": "a",
                        "id": "P252260.16.1.1",
                        "delim": "-"
                      },
                      {
                        "v": "ni",
                        "id": "P252260.16.1.2"
                      }
                    ],
                    "cf": "kišib",
                    "gw": "seal",
                    "sense": "seal",
                    "norm0": "kišib,ani",
                    "pos": "N",
                    "epos": "N",
                    "base": "kišib",
                    "morph": "~,ani"
                  }
                },
                {
                  "node": "d",
                  "frag": "(<<NE.NE>>)",
                  "type": "excised",
                  "ref": "P252260.16.2",
                  "lang": "sux"
                },
                {
                  "node": "d",
                  "type": "line-start",
                  "ref": "P252260.17",
                  "n": "3",
                  "label": "r 3"
                },
                {
                  "node": "l",
                  "frag": "ib₂-rah₂",
                  "id": "P252260.l01317",
                  "ref": "P252260.17.1",
                  "inst": "rah[beat]",
                  "sig": "@obmc%sux:ib₂-rah₂=rah[beat//beat]V/t'V/t$V.b:rah/rah₂#V.b:~",
                  "f": {
                    "lang": "sux",
                    "form": "ib₂-rah₂",
                    "gdl": [
                      {
                        "v": "ib₂",
                        "id": "P252260.17.1.0",
                        "delim": "-"
                      },
                      {
                        "v": "rah₂",
                        "id": "P252260.17.1.1"
                      }
                    ],
                    "cf": "rah",
                    "gw": "beat",
                    "sense": "beat",
                    "norm0": "V.b:rah",
                    "pos": "V/t",
                    "epos": "V/t",
                    "base": "rah₂",
                    "morph": "V.b:~"
                  }
                },
                {
                  "node": "d",
                  "type": "line-start",
                  "ref": "P252260.18",
                  "n": "4",
                  "label": "r 4"
                },
                {
                  "node": "l",
                  "frag": "mu",
                  "id": "P252260.l01318",
                  "ref": "P252260.18.1",
                  "inst": "mu[name]N",
                  "sig": "@obmc%sux:mu=mu[name//name]N'N$mu/mu#~",
                  "f": {
                    "lang": "sux",
                    "form": "mu",
                    "delim": "",
                    "gdl": [
                      {
                        "v": "mu",
                        "id": "P252260.18.1.0"
                      }
                    ],
                    "cf": "mu",
                    "gw": "name",
                    "sense": "name",
                    "norm0": "mu",
                    "pos": "N",
                    "epos": "N",
                    "base": "mu",
                    "morph": "~"
                  }
                },
                {
                  "node": "l",
                  "frag": "lugal-la-bi",
                  "id": "P252260.l01319",
                  "ref": "P252260.18.2",
                  "inst": "lugal[king]N",
                  "sig": "@obmc%sux:lugal-la-bi=lugal[king//king]N'N$lugal,ak.bi/lugal#~,ak.bi",
                  "f": {
                    "lang": "sux",
                    "form": "lugal-la-bi",
                    "gdl": [
                      {
                        "v": "lugal",
                        "id": "P252260.18.2.0",
                        "delim": "-"
                      },
                      {
                        "v": "la",
                        "id": "P252260.18.2.1",
                        "delim": "-"
                      },
                      {
                        "v": "bi",
                        "id": "P252260.18.2.2"
                      }
                    ],
                    "cf": "lugal",
                    "gw": "king",
                    "sense": "king",
                    "norm0": "lugal,ak.bi",
                    "pos": "N",
                    "epos": "N",
                    "base": "lugal",
                    "morph": "~,ak.bi"
                  }
                },
                {
                  "node": "d",
                  "type": "line-start",
                  "ref": "P252260.19",
                  "n": "5",
                  "label": "r 5"
                },
                {
                  "node": "l",
                  "frag": "in-pad₃",
                  "id": "P252260.l0131a",
                  "ref": "P252260.19.1",
                  "inst": "pad[swear]V/t",
                  "sig": "@obmc%sux:in-pad₃=pad[find//to swear]V/t'V/t$V.n:pad/pad₃#V.n:~",
                  "f": {
                    "lang": "sux",
                    "form": "in-pad₃",
                    "gdl": [
                      {
                        "v": "in",
                        "id": "P252260.19.1.0",
                        "delim": "-"
                      },
                      {
                        "v": "pad₃",
                        "id": "P252260.19.1.1"
                      }
                    ],
                    "cf": "pad",
                    "gw": "find",
                    "sense": "to swear",
                    "norm0": "V.n:pad",
                    "pos": "V/t",
                    "epos": "V/t",
                    "base": "pad₃",
                    "morph": "V.n:~"
                  }
                },
                {
                  "node": "d",
                  "type": "nonx",
                  "ref": "P252260.20",
                  "strict": "1",
                  "extent": "1",
                  "scope": "line",
                  "state": "ruling"
                },
                {
                  "node": "d",
                  "type": "nonx",
                  "ref": "P252260.21",
                  "strict": "1",
                  "extent": "n",
                  "scope": "line",
                  "state": "blank"
                },
                {
                  "node": "d",
                  "type": "line-start",
                  "ref": "P252260.22",
                  "n": "6",
                  "label": "r 6"
                },
                {
                  "node": "l",
                  "frag": "⸢im-gid₂⸣-da",
                  "id": "P252260.l0131b",
                  "ref": "P252260.22.1",
                  "inst": "imgida[a type of tablet]N",
                  "sig": "@obmc%sux:im-gid₂-da=imgida[tablet//a type of tablet]N'N$imgida/im-gid₂-da#~",
                  "f": {
                    "lang": "sux",
                    "form": "im-gid₂-da",
                    "delim": "",
                    "gdl": [
                      {
                        "v": "im",
                        "id": "P252260.22.1.0",
                        "break": "damaged",
                        "ho": "1",
                        "delim": "-"
                      },
                      {
                        "v": "gid₂",
                        "id": "P252260.22.1.1",
                        "break": "damaged",
                        "delim": "-",
                        "hc": "1"
                      },
                      {
                        "v": "da",
                        "id": "P252260.22.1.2"
                      }
                    ],
                    "cf": "imgida",
                    "gw": "tablet",
                    "sense": "a type of tablet",
                    "norm0": "imgida",
                    "pos": "N",
                    "epos": "N",
                    "base": "im-gid₂-da",
                    "morph": "~"
                  }
                },
                {
                  "node": "l",
                  "frag": "la-a-lum",
                  "id": "P252260.l0131c",
                  "ref": "P252260.22.2",
                  "inst": "Lalum[]PN/la-a-lum#~",
                  "sig": "@obmc%sux:la-a-lum=Lalum[1//1]PN'PN$Lalum/la-a-lum#~",
                  "f": {
                    "lang": "sux",
                    "form": "la-a-lum",
                    "gdl": [
                      {
                        "v": "la",
                        "id": "P252260.22.2.0",
                        "delim": "-"
                      },
                      {
                        "v": "a",
                        "id": "P252260.22.2.1",
                        "delim": "-"
                      },
                      {
                        "v": "lum",
                        "id": "P252260.22.2.2"
                      }
                    ],
                    "cf": "Lalum",
                    "gw": "1",
                    "sense": "1",
                    "norm0": "Lalum",
                    "pos": "PN",
                    "epos": "PN",
                    "base": "la-a-lum",
                    "morph": "~"
                  }
                },
                {
                  "node": "d",
                  "type": "line-start",
                  "ref": "P252260.23",
                  "n": "7",
                  "label": "r 7"
                },
                {
                  "node": "l",
                  "frag": "{[iti}du₆]-⸢kug⸣",
                  "id": "P252260.l0131d",
                  "ref": "P252260.23.1",
                  "inst": "Dukug[1]MN",
                  "sig": "@obmc%sux:{iti}du₆-kug=Dukug[1//1]MN'MN$Dukug/{iti}du₆-kug#~",
                  "f": {
                    "lang": "sux",
                    "form": "{iti}du₆-kug",
                    "delim": "",
                    "gdl": [
                      {
                        "det": "semantic",
                        "pos": "pre",
                        "seq": [
                          {
                            "v": "iti",
                            "id": "P252260.23.1.0",
                            "breakStart": "1",
                            "o": "[",
                            "break": "missing"
                          }
                        ]
                      },
                      {
                        "v": "du₆",
                        "id": "P252260.23.1.1",
                        "break": "missing",
                        "o": "]",
                        "breakEnd": "P252260.23.1.0",
                        "delim": "-"
                      },
                      {
                        "v": "kug",
                        "id": "P252260.23.1.2",
                        "break": "damaged",
                        "ho": "1",
                        "hc": "1"
                      }
                    ],
                    "cf": "Dukug",
                    "gw": "1",
                    "sense": "1",
                    "norm0": "Dukug",
                    "pos": "MN",
                    "epos": "MN",
                    "base": "{iti}du₆-kug",
                    "morph": "~"
                  }
                },
                {
                  "node": "l",
                  "frag": "ud",
                  "id": "P252260.l0131e",
                  "ref": "P252260.23.2",
                  "inst": "ud[day]N",
                  "sig": "@obmc%sux:ud=ud[sun//day]N'N$ud/ud#~",
                  "f": {
                    "lang": "sux",
                    "form": "ud",
                    "delim": "",
                    "gdl": [
                      {
                        "v": "ud",
                        "id": "P252260.23.2.0"
                      }
                    ],
                    "cf": "ud",
                    "gw": "sun",
                    "sense": "day",
                    "norm0": "ud",
                    "pos": "N",
                    "epos": "N",
                    "base": "ud",
                    "morph": "~"
                  }
                },
                {
                  "node": "l",
                  "frag": "9-⸢kam",
                  "id": "P252260.l0131f",
                  "ref": "P252260.23.3",
                  "inst": "n",
                  "f": {
                    "lang": "sux",
                    "form": "9-kam",
                    "delim": "",
                    "gdl": [
                      {
                        "n": "n",
                        "sexified": "9(diš)",
                        "form": "9",
                        "id": "P252260.23.3.0",
                        "delim": "-",
                        "seq": [
                          {
                            "r": "9"
                          }
                        ]
                      },
                      {
                        "v": "kam",
                        "id": "P252260.23.3.1",
                        "break": "damaged",
                        "ho": "1"
                      }
                    ],
                    "pos": "n"
                  }
                },
                {
                  "node": "l",
                  "frag": "til₃-la⸣",
                  "id": "P252260.l01320",
                  "ref": "P252260.23.4",
                  "inst": "+til[complete]V/t/til₃#~;a",
                  "sig": "@obmc%sux:til₃-la=til[complete//to make complete, end, finish (off)]V/i'V/t$til;a/til₃+-la=l.a#~;a",
                  "f": {
                    "lang": "sux",
                    "form": "til₃-la",
                    "gdl": [
                      {
                        "v": "til₃",
                        "id": "P252260.23.4.0",
                        "break": "damaged",
                        "delim": "-"
                      },
                      {
                        "v": "la",
                        "id": "P252260.23.4.1",
                        "break": "damaged",
                        "hc": "1"
                      }
                    ],
                    "cf": "til",
                    "gw": "complete",
                    "sense": "to make complete, end, finish (off)",
                    "norm0": "til;a",
                    "pos": "V/i",
                    "epos": "V/t",
                    "base": "til₃",
                    "cont": "-la=l.a",
                    "morph": "~;a"
                  }
                },
                {
                  "node": "d",
                  "type": "nonx",
                  "ref": "P252260.24",
                  "strict": "1",
                  "extent": "1",
                  "scope": "line",
                  "state": "ruling"
                },
                {
                  "node": "d",
                  "type": "nonx",
                  "ref": "P252260.25",
                  "strict": "1",
                  "extent": "rest",
                  "scope": "tablet",
                  "state": "erased"
                }
              ]
            }
          ]
        }
      ]
    }
  ]
}
