{
  "type": "cdl",
  "project": "obmc",
  "source": "http://oracc.org/obmc",
  "license": "This data is released under the CC0 license",
  "license-url": "https://creativecommons.org/publicdomain/zero/1.0/",
  "more-info": "http://oracc.org/doc/opendata/",
  "UTC-timestamp": "2019-02-04T17:10:44",
  "textid": "P252262",
  "cdl": [
    {
      "node": "c",
      "type": "text",
      "id": "P252262.U0",
      "cdl": [
        {
          "node": "d",
          "subtype": "tablet",
          "type": "tablet",
          "ref": "P252262.x79.1",
          "label": "x79"
        },
        {
          "node": "d",
          "subtype": "obverse",
          "type": "obverse",
          "ref": "P252262.o.2",
          "label": "o"
        },
        {
          "node": "d",
          "type": "nonx",
          "ref": "P252262.3",
          "strict": "0",
          "extent": "0",
          "scope": "tablet",
          "state": "other"
        },
        {
          "node": "c",
          "type": "discourse",
          "subtype": "body",
          "id": "P252262.U1",
          "cdl": [
            {
              "node": "c",
              "type": "sentence",
              "implicit": "yes",
              "id": "P252262.U2",
              "label": "o 1 - r 16",
              "cdl": [
                {
                  "node": "d",
                  "type": "line-start",
                  "ref": "P252262.4",
                  "n": "1",
                  "label": "o 1"
                },
                {
                  "node": "l",
                  "frag": "1(aš)",
                  "id": "P252262.l01321",
                  "ref": "P252262.4.1",
                  "inst": "n",
                  "f": {
                    "lang": "sux",
                    "form": "1(aš)",
                    "delim": "",
                    "gdl": [
                      {
                        "n": "n",
                        "form": "1(aš)",
                        "id": "P252262.4.1.0",
                        "breakStart": "1",
                        "o": "[",
                        "break": "missing",
                        "seq": [
                          {
                            "r": "1"
                          },
                          {
                            "v": "aš"
                          }
                        ]
                      }
                    ],
                    "pos": "n"
                  }
                },
                {
                  "node": "l",
                  "frag": "gur",
                  "id": "P252262.l01322",
                  "ref": "P252262.4.2",
                  "inst": "gur[unit of capacity]N",
                  "sig": "@obmc%sux:gur=gur[unit//unit of capacity]N'N$gur/gur#~",
                  "f": {
                    "lang": "sux",
                    "form": "gur",
                    "delim": "",
                    "gdl": [
                      {
                        "v": "gur",
                        "id": "P252262.4.2.0",
                        "break": "missing"
                      }
                    ],
                    "cf": "gur",
                    "gw": "unit",
                    "sense": "unit of capacity",
                    "norm0": "gur",
                    "pos": "N",
                    "epos": "N",
                    "base": "gur",
                    "morph": "~"
                  }
                },
                {
                  "node": "l",
                  "frag": "še]",
                  "id": "P252262.l01323",
                  "ref": "P252262.4.3",
                  "inst": "še[barley]N",
                  "sig": "@obmc%sux:še=še[barley//barley]N'N$še/še#~",
                  "f": {
                    "lang": "sux",
                    "form": "še",
                    "gdl": [
                      {
                        "v": "še",
                        "id": "P252262.4.3.0",
                        "break": "missing",
                        "o": "]",
                        "breakEnd": "P252262.4.1.0"
                      }
                    ],
                    "cf": "še",
                    "gw": "barley",
                    "sense": "barley",
                    "norm0": "še",
                    "pos": "N",
                    "epos": "N",
                    "base": "še",
                    "morph": "~"
                  }
                },
                {
                  "node": "d",
                  "type": "line-start",
                  "ref": "P252262.5",
                  "n": "2",
                  "label": "o 2"
                },
                {
                  "node": "l",
                  "frag": "[maš₂",
                  "id": "P252262.l01324",
                  "ref": "P252262.5.1",
                  "inst": "maš[interest (on a loan)]N",
                  "sig": "@obmc%sux:maš₂=maš[interest//interest (on a loan)]N'N$maš/maš₂#~",
                  "f": {
                    "lang": "sux",
                    "form": "maš₂",
                    "delim": "",
                    "gdl": [
                      {
                        "v": "maš₂",
                        "id": "P252262.5.1.0",
                        "breakStart": "1",
                        "o": "[",
                        "break": "missing"
                      }
                    ],
                    "cf": "maš",
                    "gw": "interest",
                    "sense": "interest (on a loan)",
                    "norm0": "maš",
                    "pos": "N",
                    "epos": "N",
                    "base": "maš₂",
                    "morph": "~"
                  }
                },
                {
                  "node": "l",
                  "frag": "1(aš)",
                  "id": "P252262.l01325",
                  "ref": "P252262.5.2",
                  "inst": "n",
                  "f": {
                    "lang": "sux",
                    "form": "1(aš)",
                    "delim": "",
                    "gdl": [
                      {
                        "n": "n",
                        "form": "1(aš)",
                        "id": "P252262.5.2.0",
                        "break": "missing",
                        "seq": [
                          {
                            "r": "1"
                          },
                          {
                            "v": "aš"
                          }
                        ]
                      }
                    ],
                    "pos": "n"
                  }
                },
                {
                  "node": "l",
                  "frag": "gur",
                  "id": "P252262.l01326",
                  "ref": "P252262.5.3",
                  "inst": "gur[unit of capacity]N",
                  "sig": "@obmc%sux:gur=gur[unit//unit of capacity]N'N$gur/gur#~",
                  "f": {
                    "lang": "sux",
                    "form": "gur",
                    "delim": "",
                    "gdl": [
                      {
                        "v": "gur",
                        "id": "P252262.5.3.0",
                        "break": "missing"
                      }
                    ],
                    "cf": "gur",
                    "gw": "unit",
                    "sense": "unit of capacity",
                    "norm0": "gur",
                    "pos": "N",
                    "epos": "N",
                    "base": "gur",
                    "morph": "~"
                  }
                },
                {
                  "node": "l",
                  "frag": "1(barig)",
                  "id": "P252262.l01327",
                  "ref": "P252262.5.4",
                  "inst": "n",
                  "f": {
                    "lang": "sux",
                    "form": "1(barig)",
                    "delim": "",
                    "gdl": [
                      {
                        "n": "n",
                        "form": "1(barig)",
                        "id": "P252262.5.4.0",
                        "break": "missing",
                        "seq": [
                          {
                            "r": "1"
                          },
                          {
                            "v": "barig"
                          }
                        ]
                      }
                    ],
                    "pos": "n"
                  }
                },
                {
                  "node": "l",
                  "frag": "4(ban₂)",
                  "id": "P252262.l01328",
                  "ref": "P252262.5.5",
                  "inst": "n",
                  "f": {
                    "lang": "sux",
                    "form": "4(ban₂)",
                    "delim": "",
                    "gdl": [
                      {
                        "n": "n",
                        "form": "4(ban₂)",
                        "id": "P252262.5.5.0",
                        "break": "missing",
                        "seq": [
                          {
                            "r": "4"
                          },
                          {
                            "v": "ban₂"
                          }
                        ]
                      }
                    ],
                    "pos": "n"
                  }
                },
                {
                  "node": "l",
                  "frag": "še-ta-am₃]",
                  "id": "P252262.l01329",
                  "ref": "P252262.5.6",
                  "inst": "še[barley]N",
                  "sig": "@obmc%sux:še-ta-am₃=še[barley//barley]N'N$še,ta.am/še#~,ta.am",
                  "f": {
                    "lang": "sux",
                    "form": "še-ta-am₃",
                    "gdl": [
                      {
                        "v": "še",
                        "id": "P252262.5.6.0",
                        "break": "missing",
                        "delim": "-"
                      },
                      {
                        "v": "ta",
                        "id": "P252262.5.6.1",
                        "break": "missing",
                        "delim": "-"
                      },
                      {
                        "v": "am₃",
                        "id": "P252262.5.6.2",
                        "break": "missing",
                        "o": "]",
                        "breakEnd": "P252262.5.1.0"
                      }
                    ],
                    "cf": "še",
                    "gw": "barley",
                    "sense": "barley",
                    "norm0": "še,ta.am",
                    "pos": "N",
                    "epos": "N",
                    "base": "še",
                    "morph": "~,ta.am"
                  }
                },
                {
                  "node": "d",
                  "type": "line-start",
                  "ref": "P252262.6",
                  "n": "3",
                  "label": "o 3"
                },
                {
                  "node": "l",
                  "frag": "ba-⸢ab⸣-[tah-e]",
                  "id": "P252262.l0132a",
                  "ref": "P252262.6.1",
                  "inst": "tah[to add, increase]V/t",
                  "sig": "@obmc%sux:ba-ab-tah-e=tah[add//to add, increase]V/t'V/t$ba.b:tah;e/tah#ba.b:~;e",
                  "f": {
                    "lang": "sux",
                    "form": "ba-ab-tah-e",
                    "gdl": [
                      {
                        "v": "ba",
                        "id": "P252262.6.1.0",
                        "delim": "-"
                      },
                      {
                        "v": "ab",
                        "id": "P252262.6.1.1",
                        "break": "damaged",
                        "ho": "1",
                        "delim": "-",
                        "hc": "1"
                      },
                      {
                        "v": "tah",
                        "id": "P252262.6.1.2",
                        "breakStart": "1",
                        "o": "[",
                        "break": "missing",
                        "delim": "-"
                      },
                      {
                        "v": "e",
                        "id": "P252262.6.1.3",
                        "break": "missing",
                        "o": "]",
                        "breakEnd": "P252262.6.1.2"
                      }
                    ],
                    "cf": "tah",
                    "gw": "add",
                    "sense": "to add, increase",
                    "norm0": "ba.b:tah;e",
                    "pos": "V/t",
                    "epos": "V/t",
                    "base": "tah",
                    "morph": "ba.b:~;e"
                  }
                },
                {
                  "node": "d",
                  "type": "line-start",
                  "ref": "P252262.7",
                  "n": "4",
                  "label": "o 4"
                },
                {
                  "node": "l",
                  "frag": "ki",
                  "id": "P252262.l0132b",
                  "ref": "P252262.7.1",
                  "inst": "ki[place]N",
                  "sig": "@obmc%sux:ki=ki[place//place]N'N$ki/ki#~",
                  "f": {
                    "lang": "sux",
                    "form": "ki",
                    "delim": "",
                    "gdl": [
                      {
                        "v": "ki",
                        "id": "P252262.7.1.0"
                      }
                    ],
                    "cf": "ki",
                    "gw": "place",
                    "sense": "place",
                    "norm0": "ki",
                    "pos": "N",
                    "epos": "N",
                    "base": "ki",
                    "morph": "~"
                  }
                },
                {
                  "node": "l",
                  "frag": "lu₂-[...-ta]",
                  "id": "P252262.l0132c",
                  "ref": "P252262.7.2",
                  "inst": "u",
                  "f": {
                    "lang": "sux",
                    "form": "lu₂-x-ta",
                    "gdl": [
                      {
                        "v": "lu₂",
                        "id": "P252262.7.2.0",
                        "delim": "-"
                      },
                      {
                        "x": "ellipsis",
                        "id": "P252262.7.2.1",
                        "breakStart": "1",
                        "break": "missing",
                        "o": "[",
                        "delim": "-"
                      },
                      {
                        "v": "ta",
                        "id": "P252262.7.2.2",
                        "break": "missing",
                        "o": "]",
                        "breakEnd": "P252262.7.2.1"
                      }
                    ],
                    "pos": "u"
                  }
                },
                {
                  "node": "d",
                  "type": "line-start",
                  "ref": "P252262.8",
                  "n": "5",
                  "label": "o 5"
                },
                {
                  "node": "l",
                  "frag": "{m}e₂-a-⸢x⸣-[x]",
                  "id": "P252262.l0132d",
                  "ref": "P252262.8.1",
                  "inst": "u",
                  "f": {
                    "lang": "sux",
                    "form": "{m}e₂-a-x-x",
                    "gdl": [
                      {
                        "det": "semantic",
                        "pos": "pre",
                        "seq": [
                          {
                            "v": "m",
                            "id": "P252262.8.1.0"
                          }
                        ]
                      },
                      {
                        "v": "e₂",
                        "id": "P252262.8.1.1",
                        "delim": "-"
                      },
                      {
                        "v": "a",
                        "id": "P252262.8.1.2",
                        "delim": "-"
                      },
                      {
                        "v": "x",
                        "id": "P252262.8.1.3",
                        "break": "damaged",
                        "ho": "1",
                        "delim": "-",
                        "hc": "1"
                      },
                      {
                        "v": "x",
                        "id": "P252262.8.1.4",
                        "breakStart": "1",
                        "o": "]",
                        "break": "missing",
                        "breakEnd": "P252262.8.1.4"
                      }
                    ],
                    "pos": "u"
                  }
                },
                {
                  "node": "d",
                  "type": "line-start",
                  "ref": "P252262.9",
                  "n": "6",
                  "label": "o 6"
                },
                {
                  "node": "c",
                  "type": "phrase",
                  "tag": "phr",
                  "id": "P252262.U4",
                  "ref": "P252262.ls00000",
                  "cdl": [
                    {
                      "node": "l",
                      "frag": "šu",
                      "id": "P252262.l0132e",
                      "ref": "P252262.9.1",
                      "inst": "šu[hand]N",
                      "sig": "@obmc%sux:šu=šu[hand//hand]N'N$šu/šu#~",
                      "f": {
                        "lang": "sux",
                        "form": "šu",
                        "delim": "",
                        "gdl": [
                          {
                            "v": "šu",
                            "id": "P252262.9.1.0"
                          }
                        ],
                        "cf": "šu",
                        "gw": "hand",
                        "sense": "hand",
                        "norm0": "šu",
                        "pos": "N",
                        "epos": "N",
                        "base": "šu",
                        "morph": "~"
                      }
                    },
                    {
                      "node": "l",
                      "frag": "ba-an-ti",
                      "id": "P252262.l0132f",
                      "ref": "P252262.9.2",
                      "inst": "teŋ[approach]V/i",
                      "sig": "@obmc%sux:ba-an-ti=teŋ[approach//approach]V/i'V/i$ba.n:teŋ/teŋ₄#ba.n:~",
                      "f": {
                        "lang": "sux",
                        "form": "ba-an-ti",
                        "gdl": [
                          {
                            "v": "ba",
                            "id": "P252262.9.2.0",
                            "delim": "-"
                          },
                          {
                            "v": "an",
                            "id": "P252262.9.2.1",
                            "delim": "-"
                          },
                          {
                            "v": "ti",
                            "id": "P252262.9.2.2"
                          }
                        ],
                        "cf": "teŋ",
                        "gw": "approach",
                        "sense": "approach",
                        "norm0": "ba.n:teŋ",
                        "pos": "V/i",
                        "epos": "V/i",
                        "base": "teŋ₄",
                        "morph": "ba.n:~"
                      }
                    }
                  ]
                },
                {
                  "node": "d",
                  "type": "line-start",
                  "ref": "P252262.10",
                  "n": "7",
                  "label": "o 7"
                },
                {
                  "node": "l",
                  "frag": "{iti}gud-si-sa₂",
                  "id": "P252262.l01330",
                  "ref": "P252262.10.1",
                  "inst": "+Gud-sisa[1]MN/{iti}gud-si-sa₂#~",
                  "sig": "@obmc%sux:{iti}gud-si-sa₂=Gud-sisa[1//1]MN'MN$Gud-sisa/{iti}gud-si-sa₂#~",
                  "f": {
                    "lang": "sux",
                    "form": "{iti}gud-si-sa₂",
                    "gdl": [
                      {
                        "det": "semantic",
                        "pos": "pre",
                        "seq": [
                          {
                            "v": "iti",
                            "id": "P252262.10.1.0"
                          }
                        ]
                      },
                      {
                        "v": "gud",
                        "id": "P252262.10.1.1",
                        "delim": "-"
                      },
                      {
                        "v": "si",
                        "id": "P252262.10.1.2",
                        "delim": "-"
                      },
                      {
                        "v": "sa₂",
                        "id": "P252262.10.1.3"
                      }
                    ],
                    "cf": "Gud-sisa",
                    "gw": "1",
                    "sense": "1",
                    "norm0": "Gud-sisa",
                    "pos": "MN",
                    "epos": "MN",
                    "base": "{iti}gud-si-sa₂",
                    "morph": "~"
                  }
                },
                {
                  "node": "d",
                  "type": "line-start",
                  "ref": "P252262.11",
                  "n": "8",
                  "label": "o 8"
                },
                {
                  "node": "l",
                  "frag": "gur-ru-dam",
                  "id": "P252262.l01331",
                  "ref": "P252262.11.1",
                  "inst": "gur[to turn, return, come back]V/i",
                  "sig": "@obmc%sux:gur-ru-dam=gur[turn//to return]V/i'V/t$gur;ed.am/gur+-ru=r.u#~;ed.am",
                  "f": {
                    "lang": "sux",
                    "form": "gur-ru-dam",
                    "gdl": [
                      {
                        "v": "gur",
                        "id": "P252262.11.1.0",
                        "delim": "-"
                      },
                      {
                        "v": "ru",
                        "id": "P252262.11.1.1",
                        "delim": "-"
                      },
                      {
                        "v": "dam",
                        "id": "P252262.11.1.2"
                      }
                    ],
                    "cf": "gur",
                    "gw": "turn",
                    "sense": "to return",
                    "norm0": "gur;ed.am",
                    "pos": "V/i",
                    "epos": "V/t",
                    "base": "gur",
                    "cont": "-ru=r.u",
                    "morph": "~;ed.am"
                  }
                },
                {
                  "node": "d",
                  "type": "line-start",
                  "ref": "P252262.12",
                  "n": "9",
                  "label": "o 9"
                },
                {
                  "node": "l",
                  "frag": "lu₂-ki-inim-ma",
                  "id": "P252262.l01332",
                  "ref": "P252262.12.1",
                  "inst": "lukiʾinimak[witness]N",
                  "sig": "@obmc%sux:lu₂-ki-inim-ma=lukiʾinimak[witness//witness]N'N$lukiʾinimak/lu₂-ki-inim-ma#~",
                  "f": {
                    "lang": "sux",
                    "form": "lu₂-ki-inim-ma",
                    "gdl": [
                      {
                        "v": "lu₂",
                        "id": "P252262.12.1.0",
                        "delim": "-"
                      },
                      {
                        "v": "ki",
                        "id": "P252262.12.1.1",
                        "delim": "-"
                      },
                      {
                        "v": "inim",
                        "id": "P252262.12.1.2",
                        "delim": "-"
                      },
                      {
                        "v": "ma",
                        "id": "P252262.12.1.3"
                      }
                    ],
                    "cf": "lukiʾinimak",
                    "gw": "witness",
                    "sense": "witness",
                    "norm0": "lukiʾinimak",
                    "pos": "N",
                    "epos": "N",
                    "base": "lu₂-ki-inim-ma",
                    "morph": "~"
                  }
                },
                {
                  "node": "d",
                  "type": "nonx",
                  "ref": "P252262.13",
                  "strict": "0",
                  "extent": "4",
                  "state": "traces"
                },
                {
                  "node": "d",
                  "type": "line-start",
                  "ref": "P252262.14",
                  "n": "10",
                  "label": "o 10"
                },
                {
                  "node": "l",
                  "frag": "itud-bi",
                  "id": "P252262.l01333",
                  "ref": "P252262.14.1",
                  "inst": "itud[month]N",
                  "sig": "@obmc%sux:itud-bi=itud[moon//month]N'N$itud,bi/itud#~,bi",
                  "f": {
                    "lang": "sux",
                    "form": "itud-bi",
                    "delim": "",
                    "gdl": [
                      {
                        "v": "itud",
                        "id": "P252262.14.1.0",
                        "delim": "-"
                      },
                      {
                        "v": "bi",
                        "id": "P252262.14.1.1"
                      }
                    ],
                    "cf": "itud",
                    "gw": "moon",
                    "sense": "month",
                    "norm0": "itud,bi",
                    "pos": "N",
                    "epos": "N",
                    "base": "itud",
                    "morph": "~,bi"
                  }
                },
                {
                  "node": "l",
                  "frag": "mu-bi",
                  "id": "P252262.l01334",
                  "ref": "P252262.14.2",
                  "inst": "mu[year]N",
                  "sig": "@obmc%sux:mu-bi=mu[year//year]N'N$mu,bi/mu#~,bi",
                  "f": {
                    "lang": "sux",
                    "form": "mu-bi",
                    "gdl": [
                      {
                        "v": "mu",
                        "id": "P252262.14.2.0",
                        "delim": "-"
                      },
                      {
                        "v": "bi",
                        "id": "P252262.14.2.1"
                      }
                    ],
                    "cf": "mu",
                    "gw": "year",
                    "sense": "year",
                    "norm0": "mu,bi",
                    "pos": "N",
                    "epos": "N",
                    "base": "mu",
                    "morph": "~,bi"
                  }
                },
                {
                  "node": "d",
                  "type": "nonx",
                  "ref": "P252262.15",
                  "strict": "1",
                  "extent": "1",
                  "scope": "line",
                  "state": "ruling"
                },
                {
                  "node": "d",
                  "type": "line-start",
                  "ref": "P252262.16",
                  "n": "11",
                  "label": "o 11"
                },
                {
                  "node": "l",
                  "frag": "1(aš)",
                  "id": "P252262.l01335",
                  "ref": "P252262.16.1",
                  "inst": "n",
                  "f": {
                    "lang": "sux",
                    "form": "1(aš)",
                    "delim": "",
                    "gdl": [
                      {
                        "n": "n",
                        "form": "1(aš)",
                        "id": "P252262.16.1.0",
                        "seq": [
                          {
                            "r": "1"
                          },
                          {
                            "v": "aš"
                          }
                        ]
                      }
                    ],
                    "pos": "n"
                  }
                },
                {
                  "node": "l",
                  "frag": "gur",
                  "id": "P252262.l01336",
                  "ref": "P252262.16.2",
                  "inst": "gur[unit of capacity]N",
                  "sig": "@obmc%sux:gur=gur[unit//unit of capacity]N'N$gur/gur#~",
                  "f": {
                    "lang": "sux",
                    "form": "gur",
                    "delim": "",
                    "gdl": [
                      {
                        "v": "gur",
                        "id": "P252262.16.2.0"
                      }
                    ],
                    "cf": "gur",
                    "gw": "unit",
                    "sense": "unit of capacity",
                    "norm0": "gur",
                    "pos": "N",
                    "epos": "N",
                    "base": "gur",
                    "morph": "~"
                  }
                },
                {
                  "node": "l",
                  "frag": "še",
                  "id": "P252262.l01337",
                  "ref": "P252262.16.3",
                  "inst": "še[barley]N",
                  "sig": "@obmc%sux:še=še[barley//barley]N'N$še/še#~",
                  "f": {
                    "lang": "sux",
                    "form": "še",
                    "gdl": [
                      {
                        "v": "še",
                        "id": "P252262.16.3.0"
                      }
                    ],
                    "cf": "še",
                    "gw": "barley",
                    "sense": "barley",
                    "norm0": "še",
                    "pos": "N",
                    "epos": "N",
                    "base": "še",
                    "morph": "~"
                  }
                },
                {
                  "node": "d",
                  "type": "line-start",
                  "ref": "P252262.17",
                  "n": "12",
                  "label": "o 12"
                },
                {
                  "node": "l",
                  "frag": "maš₂",
                  "id": "P252262.l01338",
                  "ref": "P252262.17.1",
                  "inst": "maš[interest (on a loan)]N",
                  "sig": "@obmc%sux:maš₂=maš[interest//interest (on a loan)]N'N$maš/maš₂#~",
                  "f": {
                    "lang": "sux",
                    "form": "maš₂",
                    "delim": "",
                    "gdl": [
                      {
                        "v": "maš₂",
                        "id": "P252262.17.1.0"
                      }
                    ],
                    "cf": "maš",
                    "gw": "interest",
                    "sense": "interest (on a loan)",
                    "norm0": "maš",
                    "pos": "N",
                    "epos": "N",
                    "base": "maš₂",
                    "morph": "~"
                  }
                },
                {
                  "node": "l",
                  "frag": "1(aš)",
                  "id": "P252262.l01339",
                  "ref": "P252262.17.2",
                  "inst": "n",
                  "f": {
                    "lang": "sux",
                    "form": "1(aš)",
                    "delim": "",
                    "gdl": [
                      {
                        "n": "n",
                        "form": "1(aš)",
                        "id": "P252262.17.2.0",
                        "seq": [
                          {
                            "r": "1"
                          },
                          {
                            "v": "aš"
                          }
                        ]
                      }
                    ],
                    "pos": "n"
                  }
                },
                {
                  "node": "l",
                  "frag": "gur",
                  "id": "P252262.l0133a",
                  "ref": "P252262.17.3",
                  "inst": "gur[unit of capacity]N",
                  "sig": "@obmc%sux:gur=gur[unit//unit of capacity]N'N$gur/gur#~",
                  "f": {
                    "lang": "sux",
                    "form": "gur",
                    "delim": "",
                    "gdl": [
                      {
                        "v": "gur",
                        "id": "P252262.17.3.0"
                      }
                    ],
                    "cf": "gur",
                    "gw": "unit",
                    "sense": "unit of capacity",
                    "norm0": "gur",
                    "pos": "N",
                    "epos": "N",
                    "base": "gur",
                    "morph": "~"
                  }
                },
                {
                  "node": "l",
                  "frag": "1(barig)",
                  "id": "P252262.l0133b",
                  "ref": "P252262.17.4",
                  "inst": "n",
                  "f": {
                    "lang": "sux",
                    "form": "1(barig)",
                    "delim": "",
                    "gdl": [
                      {
                        "n": "n",
                        "form": "1(barig)",
                        "id": "P252262.17.4.0",
                        "seq": [
                          {
                            "r": "1"
                          },
                          {
                            "v": "barig"
                          }
                        ]
                      }
                    ],
                    "pos": "n"
                  }
                },
                {
                  "node": "l",
                  "frag": "4(ban₂)",
                  "id": "P252262.l0133c",
                  "ref": "P252262.17.5",
                  "inst": "n",
                  "f": {
                    "lang": "sux",
                    "form": "4(ban₂)",
                    "delim": "",
                    "gdl": [
                      {
                        "n": "n",
                        "form": "4(ban₂)",
                        "id": "P252262.17.5.0",
                        "seq": [
                          {
                            "r": "4"
                          },
                          {
                            "v": "ban₂"
                          }
                        ]
                      }
                    ],
                    "pos": "n"
                  }
                },
                {
                  "node": "l",
                  "frag": "še-ta-am₃",
                  "id": "P252262.l0133d",
                  "ref": "P252262.17.6",
                  "inst": "še[barley]N",
                  "sig": "@obmc%sux:še-ta-am₃=še[barley//barley]N'N$še,ta.am/še#~,ta.am",
                  "f": {
                    "lang": "sux",
                    "form": "še-ta-am₃",
                    "gdl": [
                      {
                        "v": "še",
                        "id": "P252262.17.6.0",
                        "delim": "-"
                      },
                      {
                        "v": "ta",
                        "id": "P252262.17.6.1",
                        "delim": "-"
                      },
                      {
                        "v": "am₃",
                        "id": "P252262.17.6.2"
                      }
                    ],
                    "cf": "še",
                    "gw": "barley",
                    "sense": "barley",
                    "norm0": "še,ta.am",
                    "pos": "N",
                    "epos": "N",
                    "base": "še",
                    "morph": "~,ta.am"
                  }
                },
                {
                  "node": "d",
                  "type": "line-start",
                  "ref": "P252262.18",
                  "n": "13",
                  "label": "o 13"
                },
                {
                  "node": "l",
                  "frag": "ba-ab-tah-e",
                  "id": "P252262.l0133e",
                  "ref": "P252262.18.1",
                  "inst": "tah[to add, increase]V/t",
                  "sig": "@obmc%sux:ba-ab-tah-e=tah[add//to add, increase]V/t'V/t$ba.b:tah;e/tah#ba.b:~;e",
                  "f": {
                    "lang": "sux",
                    "form": "ba-ab-tah-e",
                    "gdl": [
                      {
                        "v": "ba",
                        "id": "P252262.18.1.0",
                        "delim": "-"
                      },
                      {
                        "v": "ab",
                        "id": "P252262.18.1.1",
                        "delim": "-"
                      },
                      {
                        "v": "tah",
                        "id": "P252262.18.1.2",
                        "delim": "-"
                      },
                      {
                        "v": "e",
                        "id": "P252262.18.1.3"
                      }
                    ],
                    "cf": "tah",
                    "gw": "add",
                    "sense": "to add, increase",
                    "norm0": "ba.b:tah;e",
                    "pos": "V/t",
                    "epos": "V/t",
                    "base": "tah",
                    "morph": "ba.b:~;e"
                  }
                },
                {
                  "node": "d",
                  "type": "line-start",
                  "ref": "P252262.19",
                  "n": "14",
                  "label": "o 14"
                },
                {
                  "node": "l",
                  "frag": "ki",
                  "id": "P252262.l0133f",
                  "ref": "P252262.19.1",
                  "inst": "ki[place]N",
                  "sig": "@obmc%sux:ki=ki[place//place]N'N$ki/ki#~",
                  "f": {
                    "lang": "sux",
                    "form": "ki",
                    "delim": "",
                    "gdl": [
                      {
                        "v": "ki",
                        "id": "P252262.19.1.0"
                      }
                    ],
                    "cf": "ki",
                    "gw": "place",
                    "sense": "place",
                    "norm0": "ki",
                    "pos": "N",
                    "epos": "N",
                    "base": "ki",
                    "morph": "~"
                  }
                },
                {
                  "node": "l",
                  "frag": "a-hu-wa-qar",
                  "id": "P252262.l01340",
                  "ref": "P252262.19.2",
                  "inst": "+Ahuwaqar[]PN/a-hu-wa-qar#~",
                  "sig": "@obmc%sux:a-hu-wa-qar=Ahuwaqar[1//1]PN'PN$Ahuwaqar/a-hu-wa-qar#~",
                  "f": {
                    "lang": "sux",
                    "form": "a-hu-wa-qar",
                    "gdl": [
                      {
                        "v": "a",
                        "id": "P252262.19.2.0",
                        "delim": "-"
                      },
                      {
                        "v": "hu",
                        "id": "P252262.19.2.1",
                        "delim": "-"
                      },
                      {
                        "v": "wa",
                        "id": "P252262.19.2.2",
                        "delim": "-"
                      },
                      {
                        "v": "qar",
                        "id": "P252262.19.2.3"
                      }
                    ],
                    "cf": "Ahuwaqar",
                    "gw": "1",
                    "sense": "1",
                    "norm0": "Ahuwaqar",
                    "pos": "PN",
                    "epos": "PN",
                    "base": "a-hu-wa-qar",
                    "morph": "~"
                  }
                },
                {
                  "node": "d",
                  "type": "line-start",
                  "ref": "P252262.20",
                  "n": "15",
                  "label": "o 15"
                },
                {
                  "node": "l",
                  "frag": "{m}a-hu-ni",
                  "id": "P252262.l01341",
                  "ref": "P252262.20.1",
                  "inst": "Ahuni[]PN/{m}a-hu-ni#~",
                  "sig": "@obmc%sux:{m}a-hu-ni=Ahuni[1//1]PN'PN$Ahuni/{m}a-hu-ni#~",
                  "f": {
                    "lang": "sux",
                    "form": "{m}a-hu-ni",
                    "gdl": [
                      {
                        "det": "semantic",
                        "pos": "pre",
                        "seq": [
                          {
                            "v": "m",
                            "id": "P252262.20.1.0"
                          }
                        ]
                      },
                      {
                        "v": "a",
                        "id": "P252262.20.1.1",
                        "delim": "-"
                      },
                      {
                        "v": "hu",
                        "id": "P252262.20.1.2",
                        "delim": "-"
                      },
                      {
                        "v": "ni",
                        "id": "P252262.20.1.3"
                      }
                    ],
                    "cf": "Ahuni",
                    "gw": "1",
                    "sense": "1",
                    "norm0": "Ahuni",
                    "pos": "PN",
                    "epos": "PN",
                    "base": "{m}a-hu-ni",
                    "morph": "~"
                  }
                },
                {
                  "node": "d",
                  "type": "line-start",
                  "ref": "P252262.21",
                  "n": "16",
                  "label": "o 16"
                },
                {
                  "node": "c",
                  "type": "phrase",
                  "tag": "phr",
                  "id": "P252262.U5",
                  "ref": "P252262.ls00001",
                  "cdl": [
                    {
                      "node": "l",
                      "frag": "šu",
                      "id": "P252262.l01342",
                      "ref": "P252262.21.1",
                      "inst": "šu[hand]N",
                      "sig": "@obmc%sux:šu=šu[hand//hand]N'N$šu/šu#~",
                      "f": {
                        "lang": "sux",
                        "form": "šu",
                        "delim": "",
                        "gdl": [
                          {
                            "v": "šu",
                            "id": "P252262.21.1.0"
                          }
                        ],
                        "cf": "šu",
                        "gw": "hand",
                        "sense": "hand",
                        "norm0": "šu",
                        "pos": "N",
                        "epos": "N",
                        "base": "šu",
                        "morph": "~"
                      }
                    },
                    {
                      "node": "l",
                      "frag": "ba-an-ti",
                      "id": "P252262.l01343",
                      "ref": "P252262.21.2",
                      "inst": "teŋ[approach]V/i",
                      "sig": "@obmc%sux:ba-an-ti=teŋ[approach//approach]V/i'V/i$ba.n:teŋ/teŋ₄#ba.n:~",
                      "f": {
                        "lang": "sux",
                        "form": "ba-an-ti",
                        "gdl": [
                          {
                            "v": "ba",
                            "id": "P252262.21.2.0",
                            "delim": "-"
                          },
                          {
                            "v": "an",
                            "id": "P252262.21.2.1",
                            "delim": "-"
                          },
                          {
                            "v": "ti",
                            "id": "P252262.21.2.2"
                          }
                        ],
                        "cf": "teŋ",
                        "gw": "approach",
                        "sense": "approach",
                        "norm0": "ba.n:teŋ",
                        "pos": "V/i",
                        "epos": "V/i",
                        "base": "teŋ₄",
                        "morph": "ba.n:~"
                      }
                    }
                  ]
                },
                {
                  "node": "d",
                  "type": "line-start",
                  "ref": "P252262.22",
                  "n": "17",
                  "label": "o 17"
                },
                {
                  "node": "l",
                  "frag": "{iti}šeg₁₂-a",
                  "id": "P252262.l01344",
                  "ref": "P252262.22.1",
                  "inst": "Šega[1]MN",
                  "sig": "@obmc%sux:{iti}šeg₁₂-a=Šega[1//1]MN'MN$Šega/{iti}šeg₁₂-a#~",
                  "f": {
                    "lang": "sux",
                    "form": "{iti}šeg₁₂-a",
                    "gdl": [
                      {
                        "det": "semantic",
                        "pos": "pre",
                        "seq": [
                          {
                            "v": "iti",
                            "id": "P252262.22.1.0"
                          }
                        ]
                      },
                      {
                        "v": "šeg₁₂",
                        "id": "P252262.22.1.1",
                        "delim": "-"
                      },
                      {
                        "v": "a",
                        "id": "P252262.22.1.2"
                      }
                    ],
                    "cf": "Šega",
                    "gw": "1",
                    "sense": "1",
                    "norm0": "Šega",
                    "pos": "MN",
                    "epos": "MN",
                    "base": "{iti}šeg₁₂-a",
                    "morph": "~"
                  }
                },
                {
                  "node": "d",
                  "type": "line-start",
                  "ref": "P252262.23",
                  "n": "18",
                  "label": "o 18"
                },
                {
                  "node": "l",
                  "frag": "šum₂-mu-dam",
                  "id": "P252262.l01345",
                  "ref": "P252262.23.1",
                  "inst": "šum[to give]V/t",
                  "sig": "@obmc%sux:šum₂-mu-dam=šum[give//to give]V/t'V/t$šum;ed.am/šum₂+-mu=m.u#~;ed.am",
                  "f": {
                    "lang": "sux",
                    "form": "šum₂-mu-dam",
                    "gdl": [
                      {
                        "v": "šum₂",
                        "id": "P252262.23.1.0",
                        "delim": "-"
                      },
                      {
                        "v": "mu",
                        "id": "P252262.23.1.1",
                        "delim": "-"
                      },
                      {
                        "v": "dam",
                        "id": "P252262.23.1.2"
                      }
                    ],
                    "cf": "šum",
                    "gw": "give",
                    "sense": "to give",
                    "norm0": "šum;ed.am",
                    "pos": "V/t",
                    "epos": "V/t",
                    "base": "šum₂",
                    "cont": "-mu=m.u",
                    "morph": "~;ed.am"
                  }
                },
                {
                  "node": "d",
                  "subtype": "reverse",
                  "type": "reverse",
                  "ref": "P252262.r.24",
                  "label": "r"
                },
                {
                  "node": "d",
                  "type": "line-start",
                  "ref": "P252262.25",
                  "n": "1",
                  "label": "r 1"
                },
                {
                  "node": "l",
                  "frag": "1(aš)",
                  "id": "P252262.l01346",
                  "ref": "P252262.25.1",
                  "inst": "n",
                  "f": {
                    "lang": "sux",
                    "form": "1(aš)",
                    "delim": "",
                    "gdl": [
                      {
                        "n": "n",
                        "form": "1(aš)",
                        "id": "P252262.25.1.0",
                        "seq": [
                          {
                            "r": "1"
                          },
                          {
                            "v": "aš"
                          }
                        ]
                      }
                    ],
                    "pos": "n"
                  }
                },
                {
                  "node": "l",
                  "frag": "gur",
                  "id": "P252262.l01347",
                  "ref": "P252262.25.2",
                  "inst": "gur[unit of capacity]N",
                  "sig": "@obmc%sux:gur=gur[unit//unit of capacity]N'N$gur/gur#~",
                  "f": {
                    "lang": "sux",
                    "form": "gur",
                    "delim": "",
                    "gdl": [
                      {
                        "v": "gur",
                        "id": "P252262.25.2.0"
                      }
                    ],
                    "cf": "gur",
                    "gw": "unit",
                    "sense": "unit of capacity",
                    "norm0": "gur",
                    "pos": "N",
                    "epos": "N",
                    "base": "gur",
                    "morph": "~"
                  }
                },
                {
                  "node": "l",
                  "frag": "še",
                  "id": "P252262.l01348",
                  "ref": "P252262.25.3",
                  "inst": "še[barley]N",
                  "sig": "@obmc%sux:še=še[barley//barley]N'N$še/še#~",
                  "f": {
                    "lang": "sux",
                    "form": "še",
                    "gdl": [
                      {
                        "v": "še",
                        "id": "P252262.25.3.0"
                      }
                    ],
                    "cf": "še",
                    "gw": "barley",
                    "sense": "barley",
                    "norm0": "še",
                    "pos": "N",
                    "epos": "N",
                    "base": "še",
                    "morph": "~"
                  }
                },
                {
                  "node": "d",
                  "type": "line-start",
                  "ref": "P252262.26",
                  "n": "2",
                  "label": "r 2"
                },
                {
                  "node": "l",
                  "frag": "maš₂",
                  "id": "P252262.l01349",
                  "ref": "P252262.26.1",
                  "inst": "maš[interest (on a loan)]N",
                  "sig": "@obmc%sux:maš₂=maš[interest//interest (on a loan)]N'N$maš/maš₂#~",
                  "f": {
                    "lang": "sux",
                    "form": "maš₂",
                    "delim": "",
                    "gdl": [
                      {
                        "v": "maš₂",
                        "id": "P252262.26.1.0"
                      }
                    ],
                    "cf": "maš",
                    "gw": "interest",
                    "sense": "interest (on a loan)",
                    "norm0": "maš",
                    "pos": "N",
                    "epos": "N",
                    "base": "maš₂",
                    "morph": "~"
                  }
                },
                {
                  "node": "l",
                  "frag": "1(aš)",
                  "id": "P252262.l0134a",
                  "ref": "P252262.26.2",
                  "inst": "n",
                  "f": {
                    "lang": "sux",
                    "form": "1(aš)",
                    "delim": "",
                    "gdl": [
                      {
                        "n": "n",
                        "form": "1(aš)",
                        "id": "P252262.26.2.0",
                        "seq": [
                          {
                            "r": "1"
                          },
                          {
                            "v": "aš"
                          }
                        ]
                      }
                    ],
                    "pos": "n"
                  }
                },
                {
                  "node": "l",
                  "frag": "gur",
                  "id": "P252262.l0134b",
                  "ref": "P252262.26.3",
                  "inst": "gur[unit of capacity]N",
                  "sig": "@obmc%sux:gur=gur[unit//unit of capacity]N'N$gur/gur#~",
                  "f": {
                    "lang": "sux",
                    "form": "gur",
                    "delim": "",
                    "gdl": [
                      {
                        "v": "gur",
                        "id": "P252262.26.3.0"
                      }
                    ],
                    "cf": "gur",
                    "gw": "unit",
                    "sense": "unit of capacity",
                    "norm0": "gur",
                    "pos": "N",
                    "epos": "N",
                    "base": "gur",
                    "morph": "~"
                  }
                },
                {
                  "node": "l",
                  "frag": "1(barig)",
                  "id": "P252262.l0134c",
                  "ref": "P252262.26.4",
                  "inst": "n",
                  "f": {
                    "lang": "sux",
                    "form": "1(barig)",
                    "delim": "",
                    "gdl": [
                      {
                        "n": "n",
                        "form": "1(barig)",
                        "id": "P252262.26.4.0",
                        "seq": [
                          {
                            "r": "1"
                          },
                          {
                            "v": "barig"
                          }
                        ]
                      }
                    ],
                    "pos": "n"
                  }
                },
                {
                  "node": "l",
                  "frag": "4(ban₂)",
                  "id": "P252262.l0134d",
                  "ref": "P252262.26.5",
                  "inst": "n",
                  "f": {
                    "lang": "sux",
                    "form": "4(ban₂)",
                    "delim": "",
                    "gdl": [
                      {
                        "n": "n",
                        "form": "4(ban₂)",
                        "id": "P252262.26.5.0",
                        "seq": [
                          {
                            "r": "4"
                          },
                          {
                            "v": "ban₂"
                          }
                        ]
                      }
                    ],
                    "pos": "n"
                  }
                },
                {
                  "node": "l",
                  "frag": "še-ta-am₃",
                  "id": "P252262.l0134e",
                  "ref": "P252262.26.6",
                  "inst": "še[barley]N",
                  "sig": "@obmc%sux:še-ta-am₃=še[barley//barley]N'N$še,ta.am/še#~,ta.am",
                  "f": {
                    "lang": "sux",
                    "form": "še-ta-am₃",
                    "gdl": [
                      {
                        "v": "še",
                        "id": "P252262.26.6.0",
                        "delim": "-"
                      },
                      {
                        "v": "ta",
                        "id": "P252262.26.6.1",
                        "delim": "-"
                      },
                      {
                        "v": "am₃",
                        "id": "P252262.26.6.2"
                      }
                    ],
                    "cf": "še",
                    "gw": "barley",
                    "sense": "barley",
                    "norm0": "še,ta.am",
                    "pos": "N",
                    "epos": "N",
                    "base": "še",
                    "morph": "~,ta.am"
                  }
                },
                {
                  "node": "d",
                  "type": "line-start",
                  "ref": "P252262.27",
                  "n": "3",
                  "label": "r 3"
                },
                {
                  "node": "l",
                  "frag": "ba-ab-tah-e",
                  "id": "P252262.l0134f",
                  "ref": "P252262.27.1",
                  "inst": "tah[to add, increase]V/t",
                  "sig": "@obmc%sux:ba-ab-tah-e=tah[add//to add, increase]V/t'V/t$ba.b:tah;e/tah#ba.b:~;e",
                  "f": {
                    "lang": "sux",
                    "form": "ba-ab-tah-e",
                    "gdl": [
                      {
                        "v": "ba",
                        "id": "P252262.27.1.0",
                        "delim": "-"
                      },
                      {
                        "v": "ab",
                        "id": "P252262.27.1.1",
                        "delim": "-"
                      },
                      {
                        "v": "tah",
                        "id": "P252262.27.1.2",
                        "delim": "-"
                      },
                      {
                        "v": "e",
                        "id": "P252262.27.1.3"
                      }
                    ],
                    "cf": "tah",
                    "gw": "add",
                    "sense": "to add, increase",
                    "norm0": "ba.b:tah;e",
                    "pos": "V/t",
                    "epos": "V/t",
                    "base": "tah",
                    "morph": "ba.b:~;e"
                  }
                },
                {
                  "node": "d",
                  "type": "line-start",
                  "ref": "P252262.28",
                  "n": "4",
                  "label": "r 4"
                },
                {
                  "node": "l",
                  "frag": "ki",
                  "id": "P252262.l01350",
                  "ref": "P252262.28.1",
                  "inst": "ki[place]N",
                  "sig": "@obmc%sux:ki=ki[place//place]N'N$ki/ki#~",
                  "f": {
                    "lang": "sux",
                    "form": "ki",
                    "delim": "",
                    "gdl": [
                      {
                        "v": "ki",
                        "id": "P252262.28.1.0"
                      }
                    ],
                    "cf": "ki",
                    "gw": "place",
                    "sense": "place",
                    "norm0": "ki",
                    "pos": "N",
                    "epos": "N",
                    "base": "ki",
                    "morph": "~"
                  }
                },
                {
                  "node": "l",
                  "frag": "{d}⸢UTU⸣-[ba]-⸢ni⸣",
                  "id": "P252262.l01351",
                  "ref": "P252262.28.2",
                  "inst": "Šamaš-bani[1]PN",
                  "sig": "@obmc%sux:{d}UTU-ba-ni=Šamaš-bani[1//1]PN'PN$Šamaš-bani/{d}UTU-ba-ni#~",
                  "f": {
                    "lang": "sux",
                    "form": "{d}UTU-ba-ni",
                    "gdl": [
                      {
                        "det": "semantic",
                        "pos": "pre",
                        "seq": [
                          {
                            "v": "d",
                            "id": "P252262.28.2.0"
                          }
                        ]
                      },
                      {
                        "s": "UTU",
                        "id": "P252262.28.2.1",
                        "break": "damaged",
                        "ho": "1",
                        "delim": "-",
                        "hc": "1"
                      },
                      {
                        "v": "ba",
                        "id": "P252262.28.2.2",
                        "breakStart": "1",
                        "o": "]",
                        "break": "missing",
                        "breakEnd": "P252262.28.2.2",
                        "delim": "-"
                      },
                      {
                        "v": "ni",
                        "id": "P252262.28.2.3",
                        "break": "damaged",
                        "ho": "1",
                        "hc": "1"
                      }
                    ],
                    "cf": "Šamaš-bani",
                    "gw": "1",
                    "sense": "1",
                    "norm0": "Šamaš-bani",
                    "pos": "PN",
                    "epos": "PN",
                    "base": "{d}UTU-ba-ni",
                    "morph": "~"
                  }
                },
                {
                  "node": "d",
                  "type": "line-start",
                  "ref": "P252262.29",
                  "n": "5",
                  "label": "r 5"
                },
                {
                  "node": "l",
                  "frag": "{m}⸢AN-še⸣-mi",
                  "id": "P252262.l01352",
                  "ref": "P252262.29.1",
                  "inst": "Ilum-šemi[1]PN",
                  "sig": "@obmc%sux:{m}AN-še-mi=Ilum-šemi[1//1]PN'PN$Ilum-šemi/{m}AN-še-mi#~",
                  "f": {
                    "lang": "sux",
                    "form": "{m}AN-še-mi",
                    "gdl": [
                      {
                        "det": "semantic",
                        "pos": "pre",
                        "seq": [
                          {
                            "v": "m",
                            "id": "P252262.29.1.0"
                          }
                        ]
                      },
                      {
                        "s": "AN",
                        "id": "P252262.29.1.1",
                        "break": "damaged",
                        "ho": "1",
                        "delim": "-"
                      },
                      {
                        "v": "še",
                        "id": "P252262.29.1.2",
                        "break": "damaged",
                        "delim": "-",
                        "hc": "1"
                      },
                      {
                        "v": "mi",
                        "id": "P252262.29.1.3"
                      }
                    ],
                    "cf": "Ilum-šemi",
                    "gw": "1",
                    "sense": "1",
                    "norm0": "Ilum-šemi",
                    "pos": "PN",
                    "epos": "PN",
                    "base": "{m}AN-še-mi",
                    "morph": "~"
                  }
                },
                {
                  "node": "d",
                  "type": "line-start",
                  "ref": "P252262.30",
                  "n": "6",
                  "label": "r 6"
                },
                {
                  "node": "c",
                  "type": "phrase",
                  "tag": "phr",
                  "id": "P252262.U6",
                  "ref": "P252262.ls00002",
                  "cdl": [
                    {
                      "node": "l",
                      "frag": "šu",
                      "id": "P252262.l01353",
                      "ref": "P252262.30.1",
                      "inst": "šu[hand]N",
                      "sig": "@obmc%sux:šu=šu[hand//hand]N'N$šu/šu#~",
                      "f": {
                        "lang": "sux",
                        "form": "šu",
                        "delim": "",
                        "gdl": [
                          {
                            "v": "šu",
                            "id": "P252262.30.1.0"
                          }
                        ],
                        "cf": "šu",
                        "gw": "hand",
                        "sense": "hand",
                        "norm0": "šu",
                        "pos": "N",
                        "epos": "N",
                        "base": "šu",
                        "morph": "~"
                      }
                    },
                    {
                      "node": "l",
                      "frag": "ba-an-ti",
                      "id": "P252262.l01354",
                      "ref": "P252262.30.2",
                      "inst": "teŋ[approach]V/i",
                      "sig": "@obmc%sux:ba-an-ti=teŋ[approach//approach]V/i'V/i$ba.n:teŋ/teŋ₄#ba.n:~",
                      "f": {
                        "lang": "sux",
                        "form": "ba-an-ti",
                        "gdl": [
                          {
                            "v": "ba",
                            "id": "P252262.30.2.0",
                            "delim": "-"
                          },
                          {
                            "v": "an",
                            "id": "P252262.30.2.1",
                            "delim": "-"
                          },
                          {
                            "v": "ti",
                            "id": "P252262.30.2.2"
                          }
                        ],
                        "cf": "teŋ",
                        "gw": "approach",
                        "sense": "approach",
                        "norm0": "ba.n:teŋ",
                        "pos": "V/i",
                        "epos": "V/i",
                        "base": "teŋ₄",
                        "morph": "ba.n:~"
                      }
                    }
                  ]
                },
                {
                  "node": "d",
                  "type": "line-start",
                  "ref": "P252262.31",
                  "n": "7",
                  "label": "r 7"
                },
                {
                  "node": "l",
                  "frag": "{iti}šeg₁₂-a",
                  "id": "P252262.l01355",
                  "ref": "P252262.31.1",
                  "inst": "Šega[1]MN",
                  "sig": "@obmc%sux:{iti}šeg₁₂-a=Šega[1//1]MN'MN$Šega/{iti}šeg₁₂-a#~",
                  "f": {
                    "lang": "sux",
                    "form": "{iti}šeg₁₂-a",
                    "gdl": [
                      {
                        "det": "semantic",
                        "pos": "pre",
                        "seq": [
                          {
                            "v": "iti",
                            "id": "P252262.31.1.0"
                          }
                        ]
                      },
                      {
                        "v": "šeg₁₂",
                        "id": "P252262.31.1.1",
                        "delim": "-"
                      },
                      {
                        "v": "a",
                        "id": "P252262.31.1.2"
                      }
                    ],
                    "cf": "Šega",
                    "gw": "1",
                    "sense": "1",
                    "norm0": "Šega",
                    "pos": "MN",
                    "epos": "MN",
                    "base": "{iti}šeg₁₂-a",
                    "morph": "~"
                  }
                },
                {
                  "node": "d",
                  "type": "line-start",
                  "ref": "P252262.32",
                  "n": "8",
                  "label": "r 8"
                },
                {
                  "node": "l",
                  "frag": "še",
                  "id": "P252262.l01356",
                  "ref": "P252262.32.1",
                  "inst": "še[barley]N",
                  "sig": "@obmc%sux:še=še[barley//barley]N'N$še/še#~",
                  "f": {
                    "lang": "sux",
                    "form": "še",
                    "delim": "",
                    "gdl": [
                      {
                        "v": "še",
                        "id": "P252262.32.1.0"
                      }
                    ],
                    "cf": "še",
                    "gw": "barley",
                    "sense": "barley",
                    "norm0": "še",
                    "pos": "N",
                    "epos": "N",
                    "base": "še",
                    "morph": "~"
                  }
                },
                {
                  "node": "l",
                  "frag": "i₃-aŋ₂-e",
                  "id": "P252262.l01357",
                  "ref": "P252262.32.2",
                  "inst": "aŋ[measure]V/t",
                  "sig": "@obmc%sux:i₃-aŋ₂-e=aŋ[measure//measure]V/t'V/t$V:aŋ;e/aŋ₂#V:~;e",
                  "f": {
                    "lang": "sux",
                    "form": "i₃-aŋ₂-e",
                    "gdl": [
                      {
                        "v": "i₃",
                        "id": "P252262.32.2.0",
                        "delim": "-"
                      },
                      {
                        "v": "aŋ₂",
                        "id": "P252262.32.2.1",
                        "delim": "-"
                      },
                      {
                        "v": "e",
                        "id": "P252262.32.2.2"
                      }
                    ],
                    "cf": "aŋ",
                    "gw": "measure",
                    "sense": "measure",
                    "norm0": "V:aŋ;e",
                    "pos": "V/t",
                    "epos": "V/t",
                    "base": "aŋ₂",
                    "morph": "V:~;e"
                  }
                },
                {
                  "node": "d",
                  "type": "nonx",
                  "ref": "P252262.33",
                  "strict": "1",
                  "extent": "1",
                  "scope": "line",
                  "state": "ruling"
                },
                {
                  "node": "d",
                  "type": "line-start",
                  "ref": "P252262.34",
                  "n": "9",
                  "label": "r 9"
                },
                {
                  "node": "l",
                  "frag": "1(aš)",
                  "id": "P252262.l01358",
                  "ref": "P252262.34.1",
                  "inst": "n",
                  "f": {
                    "lang": "sux",
                    "form": "1(aš)",
                    "delim": "",
                    "gdl": [
                      {
                        "n": "n",
                        "form": "1(aš)",
                        "id": "P252262.34.1.0",
                        "break": "damaged",
                        "ho": "1",
                        "hc": "1",
                        "seq": [
                          {
                            "r": "1"
                          },
                          {
                            "v": "aš"
                          }
                        ]
                      }
                    ],
                    "pos": "n"
                  }
                },
                {
                  "node": "l",
                  "frag": "gur",
                  "id": "P252262.l01359",
                  "ref": "P252262.34.2",
                  "inst": "gur[unit of capacity]N",
                  "sig": "@obmc%sux:gur=gur[unit//unit of capacity]N'N$gur/gur#~",
                  "f": {
                    "lang": "sux",
                    "form": "gur",
                    "delim": "",
                    "gdl": [
                      {
                        "v": "gur",
                        "id": "P252262.34.2.0"
                      }
                    ],
                    "cf": "gur",
                    "gw": "unit",
                    "sense": "unit of capacity",
                    "norm0": "gur",
                    "pos": "N",
                    "epos": "N",
                    "base": "gur",
                    "morph": "~"
                  }
                },
                {
                  "node": "l",
                  "frag": "še",
                  "id": "P252262.l0135a",
                  "ref": "P252262.34.3",
                  "inst": "še[barley]N",
                  "sig": "@obmc%sux:še=še[barley//barley]N'N$še/še#~",
                  "f": {
                    "lang": "sux",
                    "form": "še",
                    "gdl": [
                      {
                        "v": "še",
                        "id": "P252262.34.3.0"
                      }
                    ],
                    "cf": "še",
                    "gw": "barley",
                    "sense": "barley",
                    "norm0": "še",
                    "pos": "N",
                    "epos": "N",
                    "base": "še",
                    "morph": "~"
                  }
                },
                {
                  "node": "d",
                  "type": "line-start",
                  "ref": "P252262.35",
                  "n": "10",
                  "label": "r 10"
                },
                {
                  "node": "l",
                  "frag": "⸢maš₂⸣",
                  "id": "P252262.l0135b",
                  "ref": "P252262.35.1",
                  "inst": "maš[interest (on a loan)]N",
                  "sig": "@obmc%sux:maš₂=maš[interest//interest (on a loan)]N'N$maš/maš₂#~",
                  "f": {
                    "lang": "sux",
                    "form": "maš₂",
                    "delim": "",
                    "gdl": [
                      {
                        "v": "maš₂",
                        "id": "P252262.35.1.0",
                        "break": "damaged",
                        "ho": "1",
                        "hc": "1"
                      }
                    ],
                    "cf": "maš",
                    "gw": "interest",
                    "sense": "interest (on a loan)",
                    "norm0": "maš",
                    "pos": "N",
                    "epos": "N",
                    "base": "maš₂",
                    "morph": "~"
                  }
                },
                {
                  "node": "l",
                  "frag": "1(aš)",
                  "id": "P252262.l0135c",
                  "ref": "P252262.35.2",
                  "inst": "n",
                  "f": {
                    "lang": "sux",
                    "form": "1(aš)",
                    "delim": "",
                    "gdl": [
                      {
                        "n": "n",
                        "form": "1(aš)",
                        "id": "P252262.35.2.0",
                        "seq": [
                          {
                            "r": "1"
                          },
                          {
                            "v": "aš"
                          }
                        ]
                      }
                    ],
                    "pos": "n"
                  }
                },
                {
                  "node": "l",
                  "frag": "gur",
                  "id": "P252262.l0135d",
                  "ref": "P252262.35.3",
                  "inst": "gur[unit of capacity]N",
                  "sig": "@obmc%sux:gur=gur[unit//unit of capacity]N'N$gur/gur#~",
                  "f": {
                    "lang": "sux",
                    "form": "gur",
                    "delim": "",
                    "gdl": [
                      {
                        "v": "gur",
                        "id": "P252262.35.3.0"
                      }
                    ],
                    "cf": "gur",
                    "gw": "unit",
                    "sense": "unit of capacity",
                    "norm0": "gur",
                    "pos": "N",
                    "epos": "N",
                    "base": "gur",
                    "morph": "~"
                  }
                },
                {
                  "node": "l",
                  "frag": "1(barig)",
                  "id": "P252262.l0135e",
                  "ref": "P252262.35.4",
                  "inst": "n",
                  "f": {
                    "lang": "sux",
                    "form": "1(barig)",
                    "delim": "",
                    "gdl": [
                      {
                        "n": "n",
                        "form": "1(barig)",
                        "id": "P252262.35.4.0",
                        "seq": [
                          {
                            "r": "1"
                          },
                          {
                            "v": "barig"
                          }
                        ]
                      }
                    ],
                    "pos": "n"
                  }
                },
                {
                  "node": "l",
                  "frag": "še-ta-am₃",
                  "id": "P252262.l0135f",
                  "ref": "P252262.35.5",
                  "inst": "še[barley]N",
                  "sig": "@obmc%sux:še-ta-am₃=še[barley//barley]N'N$še,ta.am/še#~,ta.am",
                  "f": {
                    "lang": "sux",
                    "form": "še-ta-am₃",
                    "gdl": [
                      {
                        "v": "še",
                        "id": "P252262.35.5.0",
                        "delim": "-"
                      },
                      {
                        "v": "ta",
                        "id": "P252262.35.5.1",
                        "delim": "-"
                      },
                      {
                        "v": "am₃",
                        "id": "P252262.35.5.2"
                      }
                    ],
                    "cf": "še",
                    "gw": "barley",
                    "sense": "barley",
                    "norm0": "še,ta.am",
                    "pos": "N",
                    "epos": "N",
                    "base": "še",
                    "morph": "~,ta.am"
                  }
                },
                {
                  "node": "d",
                  "type": "line-start",
                  "ref": "P252262.36",
                  "n": "11",
                  "label": "r 11"
                },
                {
                  "node": "l",
                  "frag": "ba-ab-tah-e",
                  "id": "P252262.l01360",
                  "ref": "P252262.36.1",
                  "inst": "tah[to add, increase]V/t",
                  "sig": "@obmc%sux:ba-ab-tah-e=tah[add//to add, increase]V/t'V/t$ba.b:tah;e/tah#ba.b:~;e",
                  "f": {
                    "lang": "sux",
                    "form": "ba-ab-tah-e",
                    "gdl": [
                      {
                        "v": "ba",
                        "id": "P252262.36.1.0",
                        "delim": "-"
                      },
                      {
                        "v": "ab",
                        "id": "P252262.36.1.1",
                        "delim": "-"
                      },
                      {
                        "v": "tah",
                        "id": "P252262.36.1.2",
                        "delim": "-"
                      },
                      {
                        "v": "e",
                        "id": "P252262.36.1.3"
                      }
                    ],
                    "cf": "tah",
                    "gw": "add",
                    "sense": "to add, increase",
                    "norm0": "ba.b:tah;e",
                    "pos": "V/t",
                    "epos": "V/t",
                    "base": "tah",
                    "morph": "ba.b:~;e"
                  }
                },
                {
                  "node": "d",
                  "type": "line-start",
                  "ref": "P252262.37",
                  "n": "12",
                  "label": "r 12"
                },
                {
                  "node": "l",
                  "frag": "ki",
                  "id": "P252262.l01361",
                  "ref": "P252262.37.1",
                  "inst": "ki[place]N",
                  "sig": "@obmc%sux:ki=ki[place//place]N'N$ki/ki#~",
                  "f": {
                    "lang": "sux",
                    "form": "ki",
                    "delim": "",
                    "gdl": [
                      {
                        "v": "ki",
                        "id": "P252262.37.1.0"
                      }
                    ],
                    "cf": "ki",
                    "gw": "place",
                    "sense": "place",
                    "norm0": "ki",
                    "pos": "N",
                    "epos": "N",
                    "base": "ki",
                    "morph": "~"
                  }
                },
                {
                  "node": "l",
                  "frag": "{d}SUEN-APIN",
                  "id": "P252262.l01362",
                  "ref": "P252262.37.2",
                  "inst": "Sin-ereš[]PN/{d}SUEN-APIN#~",
                  "sig": "@obmc%sux:{d}SUEN-APIN=Sin-ereš[1//1]PN'PN$Sin-ereš/{d}SUEN-APIN#~",
                  "f": {
                    "lang": "sux",
                    "form": "{d}SUEN-APIN",
                    "gdl": [
                      {
                        "det": "semantic",
                        "pos": "pre",
                        "seq": [
                          {
                            "v": "d",
                            "id": "P252262.37.2.0"
                          }
                        ]
                      },
                      {
                        "s": "SUEN",
                        "id": "P252262.37.2.1",
                        "delim": "-"
                      },
                      {
                        "s": "APIN",
                        "id": "P252262.37.2.2"
                      }
                    ],
                    "cf": "Sin-ereš",
                    "gw": "1",
                    "sense": "1",
                    "norm0": "Sin-ereš",
                    "pos": "PN",
                    "epos": "PN",
                    "base": "{d}SUEN-APIN",
                    "morph": "~"
                  }
                },
                {
                  "node": "d",
                  "type": "line-start",
                  "ref": "P252262.38",
                  "n": "13",
                  "label": "r 13"
                },
                {
                  "node": "l",
                  "frag": "{m}su-⸢ka⸣-lum",
                  "id": "P252262.l01363",
                  "ref": "P252262.38.1",
                  "inst": "+Sukallum[]PN/{m}su-ka-lum#~",
                  "sig": "@obmc%sux:{m}su-ka-lum=Sukallum[1//1]PN'PN$Sukallum/{m}su-ka-lum#~",
                  "f": {
                    "lang": "sux",
                    "form": "{m}su-ka-lum",
                    "gdl": [
                      {
                        "det": "semantic",
                        "pos": "pre",
                        "seq": [
                          {
                            "v": "m",
                            "id": "P252262.38.1.0"
                          }
                        ]
                      },
                      {
                        "v": "su",
                        "id": "P252262.38.1.1",
                        "delim": "-"
                      },
                      {
                        "v": "ka",
                        "id": "P252262.38.1.2",
                        "break": "damaged",
                        "ho": "1",
                        "delim": "-",
                        "hc": "1"
                      },
                      {
                        "v": "lum",
                        "id": "P252262.38.1.3"
                      }
                    ],
                    "cf": "Sukallum",
                    "gw": "1",
                    "sense": "1",
                    "norm0": "Sukallum",
                    "pos": "PN",
                    "epos": "PN",
                    "base": "{m}su-ka-lum",
                    "morph": "~"
                  }
                },
                {
                  "node": "d",
                  "type": "line-start",
                  "ref": "P252262.39",
                  "n": "14",
                  "label": "r 14"
                },
                {
                  "node": "c",
                  "type": "phrase",
                  "tag": "phr",
                  "id": "P252262.U7",
                  "ref": "P252262.ls00003",
                  "cdl": [
                    {
                      "node": "l",
                      "frag": "šu",
                      "id": "P252262.l01364",
                      "ref": "P252262.39.1",
                      "inst": "šu[hand]N",
                      "sig": "@obmc%sux:šu=šu[hand//hand]N'N$šu/šu#~",
                      "f": {
                        "lang": "sux",
                        "form": "šu",
                        "delim": "",
                        "gdl": [
                          {
                            "v": "šu",
                            "id": "P252262.39.1.0"
                          }
                        ],
                        "cf": "šu",
                        "gw": "hand",
                        "sense": "hand",
                        "norm0": "šu",
                        "pos": "N",
                        "epos": "N",
                        "base": "šu",
                        "morph": "~"
                      }
                    },
                    {
                      "node": "l",
                      "frag": "ba-[an-ti]",
                      "id": "P252262.l01365",
                      "ref": "P252262.39.2",
                      "inst": "teŋ[approach]V/i",
                      "sig": "@obmc%sux:ba-an-ti=teŋ[approach//approach]V/i'V/i$ba.n:teŋ/teŋ₄#ba.n:~",
                      "f": {
                        "lang": "sux",
                        "form": "ba-an-ti",
                        "gdl": [
                          {
                            "v": "ba",
                            "id": "P252262.39.2.0",
                            "delim": "-"
                          },
                          {
                            "v": "an",
                            "id": "P252262.39.2.1",
                            "breakStart": "1",
                            "o": "[",
                            "break": "missing",
                            "delim": "-"
                          },
                          {
                            "v": "ti",
                            "id": "P252262.39.2.2",
                            "break": "missing",
                            "o": "]",
                            "breakEnd": "P252262.39.2.1"
                          }
                        ],
                        "cf": "teŋ",
                        "gw": "approach",
                        "sense": "approach",
                        "norm0": "ba.n:teŋ",
                        "pos": "V/i",
                        "epos": "V/i",
                        "base": "teŋ₄",
                        "morph": "ba.n:~"
                      }
                    }
                  ]
                },
                {
                  "node": "d",
                  "type": "line-start",
                  "ref": "P252262.40",
                  "n": "15",
                  "label": "r 15"
                },
                {
                  "node": "l",
                  "frag": "{iti}[šeg₁₂-a]",
                  "id": "P252262.l01366",
                  "ref": "P252262.40.1",
                  "inst": "Šega[1]MN",
                  "sig": "@obmc%sux:{iti}šeg₁₂-a=Šega[1//1]MN'MN$Šega/{iti}šeg₁₂-a#~",
                  "f": {
                    "lang": "sux",
                    "form": "{iti}šeg₁₂-a",
                    "gdl": [
                      {
                        "det": "semantic",
                        "pos": "pre",
                        "seq": [
                          {
                            "v": "iti",
                            "id": "P252262.40.1.0"
                          }
                        ]
                      },
                      {
                        "v": "šeg₁₂",
                        "id": "P252262.40.1.1",
                        "breakStart": "1",
                        "o": "[",
                        "break": "missing",
                        "delim": "-"
                      },
                      {
                        "v": "a",
                        "id": "P252262.40.1.2",
                        "queried": "1",
                        "break": "missing",
                        "o": "]",
                        "breakEnd": "P252262.40.1.1"
                      }
                    ],
                    "cf": "Šega",
                    "gw": "1",
                    "sense": "1",
                    "norm0": "Šega",
                    "pos": "MN",
                    "epos": "MN",
                    "base": "{iti}šeg₁₂-a",
                    "morph": "~"
                  }
                },
                {
                  "node": "d",
                  "type": "line-start",
                  "ref": "P252262.41",
                  "n": "16",
                  "label": "r 16"
                },
                {
                  "node": "l",
                  "frag": "še",
                  "id": "P252262.l01367",
                  "ref": "P252262.41.1",
                  "inst": "še[barley]N",
                  "sig": "@obmc%sux:še=še[barley//barley]N'N$še/še#~",
                  "f": {
                    "lang": "sux",
                    "form": "še",
                    "delim": "",
                    "gdl": [
                      {
                        "v": "še",
                        "id": "P252262.41.1.0"
                      }
                    ],
                    "cf": "še",
                    "gw": "barley",
                    "sense": "barley",
                    "norm0": "še",
                    "pos": "N",
                    "epos": "N",
                    "base": "še",
                    "morph": "~"
                  }
                },
                {
                  "node": "l",
                  "frag": "[i₃-aŋ₂-e]",
                  "id": "P252262.l01368",
                  "ref": "P252262.41.2",
                  "inst": "aŋ[measure]V/t",
                  "sig": "@obmc%sux:i₃-aŋ₂-e=aŋ[measure//measure]V/t'V/t$V:aŋ;e/aŋ₂#V:~;e",
                  "f": {
                    "lang": "sux",
                    "form": "i₃-aŋ₂-e",
                    "gdl": [
                      {
                        "v": "i₃",
                        "id": "P252262.41.2.0",
                        "breakStart": "1",
                        "o": "[",
                        "break": "missing",
                        "delim": "-"
                      },
                      {
                        "v": "aŋ₂",
                        "id": "P252262.41.2.1",
                        "break": "missing",
                        "delim": "-"
                      },
                      {
                        "v": "e",
                        "id": "P252262.41.2.2",
                        "break": "missing",
                        "o": "]",
                        "breakEnd": "P252262.41.2.0"
                      }
                    ],
                    "cf": "aŋ",
                    "gw": "measure",
                    "sense": "measure",
                    "norm0": "V:aŋ;e",
                    "pos": "V/t",
                    "epos": "V/t",
                    "base": "aŋ₂",
                    "morph": "V:~;e"
                  }
                },
                {
                  "node": "d",
                  "type": "nonx",
                  "ref": "P252262.42",
                  "strict": "0",
                  "state": "missing"
                }
              ]
            }
          ]
        }
      ]
    },
    {
      "linkbase": [
        {
          "type": "linkset",
          "xlink_title": "šu teŋ[accept//to accept]V/t'V/t",
          "id": "P252262.ls00000",
          "xlink_type": "extended",
          "xlink_role": "psu",
          "sig": "{šu ba-an-ti = šu[hand]N teŋ[approach]V/i += šu teŋ[accept//to accept]V/t'V/t}::@obmc%sux:šu=šu[hand//hand]N'N$šu/šu#~++@obmc%sux:ba-an-ti=teŋ[approach//to approach]V/i'V/i$ba.n:teŋ/teŋ₄#ba.n:~",
          "links": [
            {
              "type": "link",
              "xlink_title": "šu",
              "xlink_type": "locator",
              "xlink_href": "#P252262.l0132e",
              "xlink_role": "elt"
            },
            {
              "type": "link",
              "xlink_title": "teŋ",
              "xlink_type": "locator",
              "xlink_href": "#P252262.l0132f",
              "xlink_role": "elt"
            }
          ]
        },
        {
          "type": "linkset",
          "xlink_title": "šu teŋ[accept//to accept]V/t'V/t",
          "id": "P252262.ls00001",
          "xlink_type": "extended",
          "xlink_role": "psu",
          "sig": "{šu ba-an-ti = šu[hand]N teŋ[approach]V/i += šu teŋ[accept//to accept]V/t'V/t}::@obmc%sux:šu=šu[hand//hand]N'N$šu/šu#~++@obmc%sux:ba-an-ti=teŋ[approach//to approach]V/i'V/i$ba.n:teŋ/teŋ₄#ba.n:~",
          "links": [
            {
              "type": "link",
              "xlink_title": "šu",
              "xlink_type": "locator",
              "xlink_href": "#P252262.l01342",
              "xlink_role": "elt"
            },
            {
              "type": "link",
              "xlink_title": "teŋ",
              "xlink_type": "locator",
              "xlink_href": "#P252262.l01343",
              "xlink_role": "elt"
            }
          ]
        },
        {
          "type": "linkset",
          "xlink_title": "šu teŋ[accept//to accept]V/t'V/t",
          "id": "P252262.ls00002",
          "xlink_type": "extended",
          "xlink_role": "psu",
          "sig": "{šu ba-an-ti = šu[hand]N teŋ[approach]V/i += šu teŋ[accept//to accept]V/t'V/t}::@obmc%sux:šu=šu[hand//hand]N'N$šu/šu#~++@obmc%sux:ba-an-ti=teŋ[approach//to approach]V/i'V/i$ba.n:teŋ/teŋ₄#ba.n:~",
          "links": [
            {
              "type": "link",
              "xlink_title": "šu",
              "xlink_type": "locator",
              "xlink_href": "#P252262.l01353",
              "xlink_role": "elt"
            },
            {
              "type": "link",
              "xlink_title": "teŋ",
              "xlink_type": "locator",
              "xlink_href": "#P252262.l01354",
              "xlink_role": "elt"
            }
          ]
        },
        {
          "type": "linkset",
          "xlink_title": "šu teŋ[accept//to accept]V/t'V/t",
          "id": "P252262.ls00003",
          "xlink_type": "extended",
          "xlink_role": "psu",
          "sig": "{šu ba-an-ti = šu[hand]N teŋ[approach]V/i += šu teŋ[accept//to accept]V/t'V/t}::@obmc%sux:šu=šu[hand//hand]N'N$šu/šu#~++@obmc%sux:ba-an-ti=teŋ[approach//to approach]V/i'V/i$ba.n:teŋ/teŋ₄#ba.n:~",
          "links": [
            {
              "type": "link",
              "xlink_title": "šu",
              "xlink_type": "locator",
              "xlink_href": "#P252262.l01364",
              "xlink_role": "elt"
            },
            {
              "type": "link",
              "xlink_title": "teŋ",
              "xlink_type": "locator",
              "xlink_href": "#P252262.l01365",
              "xlink_role": "elt"
            }
          ]
        }
      ]
    }
  ]
}
