{
  "type": "cdl",
  "project": "obmc",
  "source": "http://oracc.org/obmc",
  "license": "This data is released under the CC0 license",
  "license-url": "https://creativecommons.org/publicdomain/zero/1.0/",
  "more-info": "http://oracc.org/doc/opendata/",
  "UTC-timestamp": "2019-02-04T17:10:47",
  "textid": "P368911",
  "cdl": [
    {
      "node": "c",
      "type": "text",
      "id": "P368911.U0",
      "cdl": [
        {
          "node": "d",
          "subtype": "tablet",
          "type": "tablet",
          "ref": "P368911.x94.1",
          "label": "x94"
        },
        {
          "node": "d",
          "subtype": "obverse",
          "type": "obverse",
          "ref": "P368911.o.2",
          "label": "o"
        },
        {
          "node": "d",
          "subtype": "column 1o",
          "type": "column",
          "ref": "P368911.o.i.3",
          "n": "1",
          "label": "o i"
        },
        {
          "node": "c",
          "type": "discourse",
          "subtype": "body",
          "id": "P368911.U1",
          "cdl": [
            {
              "node": "c",
              "type": "sentence",
              "implicit": "yes",
              "id": "P368911.U2",
              "label": "o i 1 - o i 8",
              "cdl": [
                {
                  "node": "d",
                  "type": "line-start",
                  "ref": "P368911.4",
                  "n": "1",
                  "label": "o i 1"
                },
                {
                  "node": "l",
                  "frag": "8",
                  "id": "P368911.l01829",
                  "ref": "P368911.4.1",
                  "inst": "n",
                  "f": {
                    "lang": "sux",
                    "form": "8",
                    "delim": "",
                    "gdl": [
                      {
                        "n": "n",
                        "sexified": "8(diš)",
                        "form": "8",
                        "id": "P368911.4.1.0",
                        "seq": [
                          {
                            "r": "8"
                          }
                        ]
                      }
                    ],
                    "pos": "n"
                  }
                },
                {
                  "node": "l",
                  "frag": "giŋ₄",
                  "id": "P368911.l0182a",
                  "ref": "P368911.4.2",
                  "inst": "giŋ[a unit of weight, shekel]N",
                  "sig": "@obmc%sux:giŋ₄=giŋ[unit//a unit of weight, shekel]N'N$giŋ/giŋ₄#~",
                  "f": {
                    "lang": "sux",
                    "form": "giŋ₄",
                    "delim": "",
                    "gdl": [
                      {
                        "v": "giŋ₄",
                        "id": "P368911.4.2.0"
                      }
                    ],
                    "cf": "giŋ",
                    "gw": "unit",
                    "sense": "a unit of weight, shekel",
                    "norm0": "giŋ",
                    "pos": "N",
                    "epos": "N",
                    "base": "giŋ₄",
                    "morph": "~"
                  }
                },
                {
                  "node": "l",
                  "frag": "kug-⸢babbar⸣",
                  "id": "P368911.l0182b",
                  "ref": "P368911.4.3",
                  "inst": "kugbabbar[silver]N",
                  "sig": "@obmc%sux:kug-babbar=kugbabbar[silver//silver]N'N$kugbabbar/kug-babbar#~",
                  "f": {
                    "lang": "sux",
                    "form": "kug-babbar",
                    "gdl": [
                      {
                        "v": "kug",
                        "id": "P368911.4.3.0",
                        "delim": "-"
                      },
                      {
                        "v": "babbar",
                        "id": "P368911.4.3.1",
                        "break": "damaged",
                        "ho": "1",
                        "hc": "1"
                      }
                    ],
                    "cf": "kugbabbar",
                    "gw": "silver",
                    "sense": "silver",
                    "norm0": "kugbabbar",
                    "pos": "N",
                    "epos": "N",
                    "base": "kug-babbar",
                    "morph": "~"
                  }
                },
                {
                  "node": "d",
                  "type": "line-start",
                  "ref": "P368911.5",
                  "n": "2",
                  "label": "o i 2"
                },
                {
                  "node": "l",
                  "frag": "ki",
                  "id": "P368911.l0182c",
                  "ref": "P368911.5.1",
                  "inst": "ki[place]N",
                  "sig": "@obmc%sux:ki=ki[place//place]N'N$ki/ki#~",
                  "f": {
                    "lang": "sux",
                    "form": "ki",
                    "delim": "",
                    "gdl": [
                      {
                        "v": "ki",
                        "id": "P368911.5.1.0"
                      }
                    ],
                    "cf": "ki",
                    "gw": "place",
                    "sense": "place",
                    "norm0": "ki",
                    "pos": "N",
                    "epos": "N",
                    "base": "ki",
                    "morph": "~"
                  }
                },
                {
                  "node": "l",
                  "frag": "a-li₂-AN-ta",
                  "id": "P368911.l0182d",
                  "ref": "P368911.5.2",
                  "inst": "Ali-ilum[]PN/a-li₂-AN#~,ta",
                  "sig": "@obmc%sux:a-li₂-AN-ta=Ali-ilum[1//1]PN'PN$Ali-ilum,ta/a-li₂-AN#~,ta",
                  "f": {
                    "lang": "sux",
                    "form": "a-li₂-AN-ta",
                    "gdl": [
                      {
                        "v": "a",
                        "id": "P368911.5.2.0",
                        "delim": "-"
                      },
                      {
                        "v": "li₂",
                        "id": "P368911.5.2.1",
                        "delim": "-"
                      },
                      {
                        "s": "AN",
                        "id": "P368911.5.2.2",
                        "delim": "-"
                      },
                      {
                        "v": "ta",
                        "id": "P368911.5.2.3"
                      }
                    ],
                    "cf": "Ali-ilum",
                    "gw": "1",
                    "sense": "1",
                    "norm0": "Ali-ilum,ta",
                    "pos": "PN",
                    "epos": "PN",
                    "base": "a-li₂-AN",
                    "morph": "~,ta"
                  }
                },
                {
                  "node": "d",
                  "type": "line-start",
                  "ref": "P368911.6",
                  "n": "3",
                  "label": "o i 3"
                },
                {
                  "node": "l",
                  "frag": "{m}i-din-{d}šakkan₂-ke₄",
                  "id": "P368911.l0182e",
                  "ref": "P368911.6.1",
                  "inst": "+Iddin-Šakkan[1]PN/{m}i-din-{d}šakkan₂#~,ak.e",
                  "sig": "@obmc%sux:{m}i-din-{d}šakkan₂-ke₄=Iddin-Šakkan[1//1]PN'PN$Iddin-Šakkan,ak.e/{m}i-din-{d}šakkan₂#~,ak.e",
                  "f": {
                    "lang": "sux",
                    "form": "{m}i-din-{d}šakkan₂-ke₄",
                    "gdl": [
                      {
                        "det": "semantic",
                        "pos": "pre",
                        "seq": [
                          {
                            "v": "m",
                            "id": "P368911.6.1.0"
                          }
                        ]
                      },
                      {
                        "v": "i",
                        "id": "P368911.6.1.1",
                        "delim": "-"
                      },
                      {
                        "v": "din",
                        "id": "P368911.6.1.2",
                        "delim": "-"
                      },
                      {
                        "det": "semantic",
                        "pos": "pre",
                        "seq": [
                          {
                            "v": "d",
                            "id": "P368911.6.1.3"
                          }
                        ]
                      },
                      {
                        "v": "šakkan₂",
                        "id": "P368911.6.1.4",
                        "delim": "-"
                      },
                      {
                        "v": "ke₄",
                        "id": "P368911.6.1.5"
                      }
                    ],
                    "cf": "Iddin-Šakkan",
                    "gw": "1",
                    "sense": "1",
                    "norm0": "Iddin-Šakkan,ak.e",
                    "pos": "PN",
                    "epos": "PN",
                    "base": "{m}i-din-{d}šakkan₂",
                    "morph": "~,ak.e"
                  }
                },
                {
                  "node": "d",
                  "type": "line-start",
                  "ref": "P368911.7",
                  "n": "4",
                  "label": "o i 4"
                },
                {
                  "node": "c",
                  "type": "phrase",
                  "tag": "phr",
                  "id": "P368911.U4",
                  "ref": "P368911.ls00000",
                  "cdl": [
                    {
                      "node": "l",
                      "frag": "šu",
                      "id": "P368911.l0182f",
                      "ref": "P368911.7.1",
                      "inst": "šu[hand]N",
                      "sig": "@obmc%sux:šu=šu[hand//hand]N'N$šu/šu#~",
                      "f": {
                        "lang": "sux",
                        "form": "šu",
                        "delim": "",
                        "gdl": [
                          {
                            "v": "šu",
                            "id": "P368911.7.1.0"
                          }
                        ],
                        "cf": "šu",
                        "gw": "hand",
                        "sense": "hand",
                        "norm0": "šu",
                        "pos": "N",
                        "epos": "N",
                        "base": "šu",
                        "morph": "~"
                      }
                    },
                    {
                      "node": "l",
                      "frag": "ba-an-ti",
                      "id": "P368911.l01830",
                      "ref": "P368911.7.2",
                      "inst": "teŋ[approach]V/i",
                      "sig": "@obmc%sux:ba-an-ti=teŋ[approach//approach]V/i'V/i$ba.n:teŋ/teŋ₄#ba.n:~",
                      "f": {
                        "lang": "sux",
                        "form": "ba-an-ti",
                        "gdl": [
                          {
                            "v": "ba",
                            "id": "P368911.7.2.0",
                            "delim": "-"
                          },
                          {
                            "v": "an",
                            "id": "P368911.7.2.1",
                            "delim": "-"
                          },
                          {
                            "v": "ti",
                            "id": "P368911.7.2.2"
                          }
                        ],
                        "cf": "teŋ",
                        "gw": "approach",
                        "sense": "approach",
                        "norm0": "ba.n:teŋ",
                        "pos": "V/i",
                        "epos": "V/i",
                        "base": "teŋ₄",
                        "morph": "ba.n:~"
                      }
                    }
                  ]
                },
                {
                  "node": "d",
                  "type": "line-start",
                  "ref": "P368911.8",
                  "n": "5",
                  "label": "o i 5"
                },
                {
                  "node": "l",
                  "frag": "⸢maš₂⸣-bi-še₃",
                  "id": "P368911.l01831",
                  "ref": "P368911.8.1",
                  "inst": "maš[interest (on a loan)]N",
                  "sig": "@obmc%sux:maš₂-bi-še₃=maš[interest//interest (on a loan)]N'N$maš,bi.eše/maš₂#~,bi.eše",
                  "f": {
                    "lang": "sux",
                    "form": "maš₂-bi-še₃",
                    "delim": "",
                    "gdl": [
                      {
                        "v": "maš₂",
                        "id": "P368911.8.1.0",
                        "break": "damaged",
                        "ho": "1",
                        "delim": "-",
                        "hc": "1"
                      },
                      {
                        "v": "bi",
                        "id": "P368911.8.1.1",
                        "delim": "-"
                      },
                      {
                        "v": "še₃",
                        "id": "P368911.8.1.2"
                      }
                    ],
                    "cf": "maš",
                    "gw": "interest",
                    "sense": "interest (on a loan)",
                    "norm0": "maš,bi.eše",
                    "pos": "N",
                    "epos": "N",
                    "base": "maš₂",
                    "morph": "~,bi.eše"
                  }
                },
                {
                  "node": "l",
                  "frag": "1",
                  "id": "P368911.l01832",
                  "ref": "P368911.8.2",
                  "inst": "n",
                  "f": {
                    "lang": "sux",
                    "form": "1",
                    "delim": "",
                    "gdl": [
                      {
                        "n": "n",
                        "sexified": "1(diš)",
                        "form": "1",
                        "id": "P368911.8.2.0",
                        "seq": [
                          {
                            "r": "1"
                          }
                        ]
                      }
                    ],
                    "pos": "n"
                  }
                },
                {
                  "node": "l",
                  "frag": "saŋ-munus",
                  "id": "P368911.l01833",
                  "ref": "P368911.8.3",
                  "inst": "saŋmunus[woman]N",
                  "sig": "@obmc%sux:saŋ-munus=saŋmunus[woman//woman]N'N$saŋmunus/saŋ-munus#~",
                  "f": {
                    "lang": "sux",
                    "form": "saŋ-munus",
                    "gdl": [
                      {
                        "v": "saŋ",
                        "id": "P368911.8.3.0",
                        "delim": "-"
                      },
                      {
                        "v": "munus",
                        "id": "P368911.8.3.1"
                      }
                    ],
                    "cf": "saŋmunus",
                    "gw": "woman",
                    "sense": "woman",
                    "norm0": "saŋmunus",
                    "pos": "N",
                    "epos": "N",
                    "base": "saŋ-munus",
                    "morph": "~"
                  }
                },
                {
                  "node": "d",
                  "type": "line-start",
                  "ref": "P368911.9",
                  "n": "6",
                  "label": "o i 6"
                },
                {
                  "node": "l",
                  "frag": "[a]-ma-at-{d}šakkan₂",
                  "id": "P368911.l01834",
                  "ref": "P368911.9.1",
                  "inst": "Amat-Šakkan[]PN/a-ma-at-{d}šakkan₂#~",
                  "sig": "@obmc%sux:a-ma-at-{d}šakkan₂=Amat-Šakkan[1//1]PN'PN$Amat-Šakkan/a-ma-at-{d}šakkan₂#~",
                  "f": {
                    "lang": "sux",
                    "form": "a-ma-at-{d}šakkan₂",
                    "gdl": [
                      {
                        "v": "a",
                        "id": "P368911.9.1.0",
                        "breakStart": "1",
                        "o": "]",
                        "break": "missing",
                        "breakEnd": "P368911.9.1.0",
                        "delim": "-"
                      },
                      {
                        "v": "ma",
                        "id": "P368911.9.1.1",
                        "delim": "-"
                      },
                      {
                        "v": "at",
                        "id": "P368911.9.1.2",
                        "delim": "-"
                      },
                      {
                        "det": "semantic",
                        "pos": "pre",
                        "seq": [
                          {
                            "v": "d",
                            "id": "P368911.9.1.3"
                          }
                        ]
                      },
                      {
                        "v": "šakkan₂",
                        "id": "P368911.9.1.4"
                      }
                    ],
                    "cf": "Amat-Šakkan",
                    "gw": "1",
                    "sense": "1",
                    "norm0": "Amat-Šakkan",
                    "pos": "PN",
                    "epos": "PN",
                    "base": "a-ma-at-{d}šakkan₂",
                    "morph": "~"
                  }
                },
                {
                  "node": "d",
                  "type": "line-start",
                  "ref": "P368911.10",
                  "n": "7",
                  "label": "o i 7"
                },
                {
                  "node": "l",
                  "frag": "[mu]-⸢ni⸣-im",
                  "id": "P368911.l01835",
                  "ref": "P368911.10.1",
                  "inst": "mu[name]N",
                  "sig": "@obmc%sux:mu-ni-im=mu[name//name]N'N$mu,ani.am/mu#~,ani.am",
                  "f": {
                    "lang": "sux",
                    "form": "mu-ni-im",
                    "gdl": [
                      {
                        "v": "mu",
                        "id": "P368911.10.1.0",
                        "breakStart": "1",
                        "o": "]",
                        "break": "missing",
                        "breakEnd": "P368911.10.1.0",
                        "delim": "-"
                      },
                      {
                        "v": "ni",
                        "id": "P368911.10.1.1",
                        "break": "damaged",
                        "ho": "1",
                        "delim": "-",
                        "hc": "1"
                      },
                      {
                        "v": "im",
                        "id": "P368911.10.1.2"
                      }
                    ],
                    "cf": "mu",
                    "gw": "name",
                    "sense": "name",
                    "norm0": "mu,ani.am",
                    "pos": "N",
                    "epos": "N",
                    "base": "mu",
                    "morph": "~,ani.am"
                  }
                },
                {
                  "node": "d",
                  "type": "line-start",
                  "ref": "P368911.11",
                  "n": "8",
                  "label": "o i 8"
                },
                {
                  "node": "l",
                  "frag": "[geme₂",
                  "id": "P368911.l01836",
                  "ref": "P368911.11.1",
                  "inst": "geme[female servant, slave]N",
                  "sig": "@obmc%sux:geme₂=geme[worker//female servant, slave]N'N$geme/geme₂#~",
                  "f": {
                    "lang": "sux",
                    "form": "geme₂",
                    "delim": "",
                    "gdl": [
                      {
                        "v": "geme₂",
                        "id": "P368911.11.1.0",
                        "breakStart": "1",
                        "o": "[",
                        "break": "missing"
                      }
                    ],
                    "cf": "geme",
                    "gw": "worker",
                    "sense": "female servant, slave",
                    "norm0": "geme",
                    "pos": "N",
                    "epos": "N",
                    "base": "geme₂",
                    "morph": "~"
                  }
                },
                {
                  "node": "l",
                  "frag": "i]-⸢din⸣-{d}šakkan₂",
                  "id": "P368911.l01837",
                  "ref": "P368911.11.2",
                  "inst": "Iddin-Šakkan[]PN/i-din-{d}šakkan₂#~",
                  "sig": "@obmc%sux:i-din-{d}šakkan₂=Iddin-Šakkan[1//1]PN'PN$Iddin-Šakkan/i-din-{d}šakkan₂#~",
                  "f": {
                    "lang": "sux",
                    "form": "i-din-{d}šakkan₂",
                    "gdl": [
                      {
                        "v": "i",
                        "id": "P368911.11.2.0",
                        "break": "missing",
                        "o": "]",
                        "breakEnd": "P368911.11.1.0",
                        "delim": "-"
                      },
                      {
                        "v": "din",
                        "id": "P368911.11.2.1",
                        "break": "damaged",
                        "ho": "1",
                        "delim": "-",
                        "hc": "1"
                      },
                      {
                        "det": "semantic",
                        "pos": "pre",
                        "seq": [
                          {
                            "v": "d",
                            "id": "P368911.11.2.2"
                          }
                        ]
                      },
                      {
                        "v": "šakkan₂",
                        "id": "P368911.11.2.3"
                      }
                    ],
                    "cf": "Iddin-Šakkan",
                    "gw": "1",
                    "sense": "1",
                    "norm0": "Iddin-Šakkan",
                    "pos": "PN",
                    "epos": "PN",
                    "base": "i-din-{d}šakkan₂",
                    "morph": "~"
                  }
                },
                {
                  "node": "d",
                  "type": "nonx",
                  "ref": "P368911.12",
                  "strict": "1",
                  "extent": "rest",
                  "scope": "column",
                  "state": "missing"
                }
              ]
            }
          ]
        }
      ]
    },
    {
      "linkbase": [
        {
          "type": "linkset",
          "xlink_title": "šu teŋ[accept//to accept]V/t'V/t",
          "id": "P368911.ls00000",
          "xlink_type": "extended",
          "xlink_role": "psu",
          "sig": "{šu ba-an-ti = šu[hand]N teŋ[approach]V/i += šu teŋ[accept//to accept]V/t'V/t}::@obmc%sux:šu=šu[hand//hand]N'N$šu/šu#~++@obmc%sux:ba-an-ti=teŋ[approach//to approach]V/i'V/i$ba.n:teŋ/teŋ₄#ba.n:~",
          "links": [
            {
              "type": "link",
              "xlink_title": "šu",
              "xlink_type": "locator",
              "xlink_href": "#P368911.l0182f",
              "xlink_role": "elt"
            },
            {
              "type": "link",
              "xlink_title": "teŋ",
              "xlink_type": "locator",
              "xlink_href": "#P368911.l01830",
              "xlink_role": "elt"
            }
          ]
        }
      ]
    }
  ]
}
