{
  "type": "cdl",
  "project": "obmc",
  "source": "http://oracc.org/obmc",
  "license": "This data is released under the CC0 license",
  "license-url": "https://creativecommons.org/publicdomain/zero/1.0/",
  "more-info": "http://oracc.org/doc/opendata/",
  "UTC-timestamp": "2019-01-31T16:13:02",
  "textid": "X000007",
  "cdl": [
    {
      "node": "c",
      "type": "text",
      "id": "X000007.U0",
      "cdl": [
        {
          "node": "d",
          "subtype": "tablet",
          "type": "tablet",
          "ref": "X000007.x101.1",
          "label": "x101"
        },
        {
          "node": "d",
          "subtype": "obverse",
          "type": "obverse",
          "ref": "X000007.o.2",
          "label": "o"
        },
        {
          "node": "c",
          "type": "discourse",
          "subtype": "body",
          "id": "X000007.U1",
          "cdl": [
            {
              "node": "c",
              "type": "sentence",
              "implicit": "yes",
              "id": "X000007.U2",
              "label": "o 1 - o 11",
              "cdl": [
                {
                  "node": "d",
                  "type": "line-start",
                  "ref": "X000007.3",
                  "n": "1",
                  "label": "o 1"
                },
                {
                  "node": "l",
                  "frag": "1",
                  "id": "X000007.l019da",
                  "ref": "X000007.3.1",
                  "inst": "n",
                  "f": {
                    "lang": "sux",
                    "form": "1",
                    "delim": "",
                    "gdl": [
                      {
                        "n": "n",
                        "sexified": "1(diš)",
                        "form": "1",
                        "id": "X000007.3.1.0",
                        "seq": [
                          {
                            "r": "1"
                          }
                        ]
                      }
                    ],
                    "pos": "n"
                  }
                },
                {
                  "node": "l",
                  "frag": "saŋ-nita₂",
                  "id": "X000007.l019db",
                  "ref": "X000007.3.2",
                  "inst": "saŋnita[man]N",
                  "sig": "@obmc%sux:saŋ-nita₂=saŋnita[man//man]N'N$saŋnita/saŋ-nita₂#~",
                  "f": {
                    "lang": "sux",
                    "form": "saŋ-nita₂",
                    "gdl": [
                      {
                        "v": "saŋ",
                        "id": "X000007.3.2.0",
                        "delim": "-"
                      },
                      {
                        "v": "nita₂",
                        "id": "X000007.3.2.1"
                      }
                    ],
                    "cf": "saŋnita",
                    "gw": "man",
                    "sense": "man",
                    "norm0": "saŋnita",
                    "pos": "N",
                    "epos": "N",
                    "base": "saŋ-nita₂",
                    "morph": "~"
                  }
                },
                {
                  "node": "d",
                  "type": "line-start",
                  "ref": "X000007.4",
                  "n": "2",
                  "label": "o 2"
                },
                {
                  "node": "l",
                  "frag": "{m}an-ta-lu₂",
                  "id": "X000007.l019dc",
                  "ref": "X000007.4.1",
                  "inst": "Antalu[1]PN",
                  "sig": "@obmc%sux:{m}an-ta-lu₂=Antalu[1//1]PN'PN$Antalu/{m}an-ta-lu₂#~",
                  "f": {
                    "lang": "sux",
                    "form": "{m}an-ta-lu₂",
                    "gdl": [
                      {
                        "det": "semantic",
                        "pos": "pre",
                        "seq": [
                          {
                            "v": "m",
                            "id": "X000007.4.1.0"
                          }
                        ]
                      },
                      {
                        "v": "an",
                        "id": "X000007.4.1.1",
                        "delim": "-"
                      },
                      {
                        "v": "ta",
                        "id": "X000007.4.1.2",
                        "delim": "-"
                      },
                      {
                        "v": "lu₂",
                        "id": "X000007.4.1.3"
                      }
                    ],
                    "cf": "Antalu",
                    "gw": "1",
                    "sense": "1",
                    "norm0": "Antalu",
                    "pos": "PN",
                    "epos": "PN",
                    "base": "{m}an-ta-lu₂",
                    "morph": "~"
                  }
                },
                {
                  "node": "d",
                  "type": "line-start",
                  "ref": "X000007.5",
                  "n": "3",
                  "label": "o 3"
                },
                {
                  "node": "l",
                  "frag": "mu-ni-⸢im⸣",
                  "id": "X000007.l019dd",
                  "ref": "X000007.5.1",
                  "inst": "mu[name]N",
                  "sig": "@obmc%sux:mu-ni-im=mu[name//name]N'N$mu,ani.am/mu#~,ani.am",
                  "f": {
                    "lang": "sux",
                    "form": "mu-ni-im",
                    "gdl": [
                      {
                        "v": "mu",
                        "id": "X000007.5.1.0",
                        "delim": "-"
                      },
                      {
                        "v": "ni",
                        "id": "X000007.5.1.1",
                        "delim": "-"
                      },
                      {
                        "v": "im",
                        "id": "X000007.5.1.2",
                        "break": "damaged",
                        "ho": "1",
                        "hc": "1"
                      }
                    ],
                    "cf": "mu",
                    "gw": "name",
                    "sense": "name",
                    "norm0": "mu,ani.am",
                    "pos": "N",
                    "epos": "N",
                    "base": "mu",
                    "morph": "~,ani.am"
                  }
                },
                {
                  "node": "d",
                  "type": "line-start",
                  "ref": "X000007.6",
                  "n": "4",
                  "label": "o 4"
                },
                {
                  "node": "l",
                  "frag": "arad",
                  "id": "X000007.l019de",
                  "ref": "X000007.6.1",
                  "inst": "arad[slave]N",
                  "sig": "@obmc%sux:arad=arad[slave//slave]N'N$arad/arad#~",
                  "f": {
                    "lang": "sux",
                    "form": "arad",
                    "delim": "",
                    "gdl": [
                      {
                        "v": "arad",
                        "id": "X000007.6.1.0"
                      }
                    ],
                    "cf": "arad",
                    "gw": "slave",
                    "sense": "slave",
                    "norm0": "arad",
                    "pos": "N",
                    "epos": "N",
                    "base": "arad",
                    "morph": "~"
                  }
                },
                {
                  "node": "l",
                  "frag": "šeš-ba-an-[tuku]",
                  "id": "X000007.l019df",
                  "ref": "X000007.6.2",
                  "inst": "Šeš-bantuku[1]PN",
                  "sig": "@obmc%sux:šeš-ba-an-tuku=Šeš-bantuku[1//1]PN'PN$Šeš-bantuku/šeš-ba-an-tuku#~",
                  "f": {
                    "lang": "sux",
                    "form": "šeš-ba-an-tuku",
                    "gdl": [
                      {
                        "v": "šeš",
                        "id": "X000007.6.2.0",
                        "delim": "-"
                      },
                      {
                        "v": "ba",
                        "id": "X000007.6.2.1",
                        "delim": "-"
                      },
                      {
                        "v": "an",
                        "id": "X000007.6.2.2",
                        "delim": "-"
                      },
                      {
                        "v": "tuku",
                        "id": "X000007.6.2.3",
                        "breakStart": "1",
                        "o": "]",
                        "break": "missing",
                        "breakEnd": "X000007.6.2.3"
                      }
                    ],
                    "cf": "Šeš-bantuku",
                    "gw": "1",
                    "sense": "1",
                    "norm0": "Šeš-bantuku",
                    "pos": "PN",
                    "epos": "PN",
                    "base": "šeš-ba-an-tuku",
                    "morph": "~"
                  }
                },
                {
                  "node": "d",
                  "type": "line-start",
                  "ref": "X000007.7",
                  "n": "5",
                  "label": "o 5"
                },
                {
                  "node": "l",
                  "frag": "ki",
                  "id": "X000007.l019e0",
                  "ref": "X000007.7.1",
                  "inst": "ki[place]N",
                  "sig": "@obmc%sux:ki=ki[place//place]N'N$ki/ki#~",
                  "f": {
                    "lang": "sux",
                    "form": "ki",
                    "delim": "",
                    "gdl": [
                      {
                        "v": "ki",
                        "id": "X000007.7.1.0"
                      }
                    ],
                    "cf": "ki",
                    "gw": "place",
                    "sense": "place",
                    "norm0": "ki",
                    "pos": "N",
                    "epos": "N",
                    "base": "ki",
                    "morph": "~"
                  }
                },
                {
                  "node": "l",
                  "frag": "šeš-ba-an-⸢tuku⸣",
                  "id": "X000007.l019e1",
                  "ref": "X000007.7.2",
                  "inst": "Šeš-bantuku[1]PN",
                  "sig": "@obmc%sux:šeš-ba-an-tuku=Šeš-bantuku[1//1]PN'PN$Šeš-bantuku/šeš-ba-an-tuku#~",
                  "f": {
                    "lang": "sux",
                    "form": "šeš-ba-an-tuku",
                    "gdl": [
                      {
                        "v": "šeš",
                        "id": "X000007.7.2.0",
                        "delim": "-"
                      },
                      {
                        "v": "ba",
                        "id": "X000007.7.2.1",
                        "delim": "-"
                      },
                      {
                        "v": "an",
                        "id": "X000007.7.2.2",
                        "delim": "-"
                      },
                      {
                        "v": "tuku",
                        "id": "X000007.7.2.3",
                        "break": "damaged",
                        "ho": "1",
                        "hc": "1"
                      }
                    ],
                    "cf": "Šeš-bantuku",
                    "gw": "1",
                    "sense": "1",
                    "norm0": "Šeš-bantuku",
                    "pos": "PN",
                    "epos": "PN",
                    "base": "šeš-ba-an-tuku",
                    "morph": "~"
                  }
                },
                {
                  "node": "d",
                  "type": "line-start",
                  "ref": "X000007.8",
                  "n": "6",
                  "label": "o 6"
                },
                {
                  "node": "l",
                  "frag": "lugal-a-ni-ir",
                  "id": "X000007.l019e2",
                  "ref": "X000007.8.1",
                  "inst": "lugal[owner]N",
                  "sig": "@obmc%sux:lugal-a-ni-ir=lugal[king//owner]N'N$lugal,ani.ra/lugal#~,ani.ra",
                  "f": {
                    "lang": "sux",
                    "form": "lugal-a-ni-ir",
                    "gdl": [
                      {
                        "v": "lugal",
                        "id": "X000007.8.1.0",
                        "delim": "-"
                      },
                      {
                        "v": "a",
                        "id": "X000007.8.1.1",
                        "delim": "-"
                      },
                      {
                        "v": "ni",
                        "id": "X000007.8.1.2",
                        "gdl_remarked": "1",
                        "delim": "-"
                      },
                      {
                        "v": "ir",
                        "id": "X000007.8.1.3",
                        "gdl_remarked": "1"
                      }
                    ],
                    "cf": "lugal",
                    "gw": "king",
                    "sense": "owner",
                    "norm0": "lugal,ani.ra",
                    "pos": "N",
                    "epos": "N",
                    "base": "lugal",
                    "morph": "~,ani.ra"
                  }
                },
                {
                  "node": "d",
                  "type": "line-start",
                  "ref": "X000007.9",
                  "n": "7",
                  "label": "o 7"
                },
                {
                  "node": "l",
                  "frag": "ni₂-ta-a-ni",
                  "id": "X000007.l019e3",
                  "ref": "X000007.9.1",
                  "inst": "mete[one's own]RP",
                  "sig": "@obmc%sux:ni₂-ta-a-ni=mete[one's own//one's own]RP'RP$mete,ani/ni₂-ta#~,ani",
                  "f": {
                    "lang": "sux",
                    "form": "ni₂-ta-a-ni",
                    "delim": "",
                    "gdl": [
                      {
                        "v": "ni₂",
                        "id": "X000007.9.1.0",
                        "delim": "-"
                      },
                      {
                        "v": "ta",
                        "id": "X000007.9.1.1",
                        "delim": "-"
                      },
                      {
                        "v": "a",
                        "id": "X000007.9.1.2",
                        "delim": "-"
                      },
                      {
                        "v": "ni",
                        "id": "X000007.9.1.3"
                      }
                    ],
                    "cf": "mete",
                    "gw": "one's own",
                    "sense": "one's own",
                    "norm0": "mete,ani",
                    "pos": "RP",
                    "epos": "RP",
                    "base": "ni₂-ta",
                    "morph": "~,ani"
                  }
                },
                {
                  "node": "l",
                  "frag": "in-duh",
                  "id": "X000007.l019e4",
                  "ref": "X000007.9.2",
                  "inst": "duh[to loosen, release]V/t",
                  "sig": "@obmc%sux:in-duh=duh[loosen//to loosen, release]V/t'V/t$V.n:duh/duh#V.n:~",
                  "f": {
                    "lang": "sux",
                    "form": "in-duh",
                    "gdl": [
                      {
                        "v": "in",
                        "id": "X000007.9.2.0",
                        "delim": "-"
                      },
                      {
                        "v": "duh",
                        "id": "X000007.9.2.1"
                      }
                    ],
                    "cf": "duh",
                    "gw": "loosen",
                    "sense": "to loosen, release",
                    "norm0": "V.n:duh",
                    "pos": "V/t",
                    "epos": "V/t",
                    "base": "duh",
                    "morph": "V.n:~"
                  }
                },
                {
                  "node": "d",
                  "type": "line-start",
                  "ref": "X000007.10",
                  "n": "8",
                  "label": "o 8"
                },
                {
                  "node": "l",
                  "frag": "saŋ-ki-a-ni",
                  "id": "X000007.l019e5",
                  "ref": "X000007.10.1",
                  "inst": "saŋki[forehead, brow]N",
                  "sig": "@obmc%sux:saŋ-ki-a-ni=saŋki[forehead//forehead, brow]N'N$saŋki,ani/saŋ-ki#~,ani",
                  "f": {
                    "lang": "sux",
                    "form": "saŋ-ki-a-ni",
                    "delim": "",
                    "gdl": [
                      {
                        "v": "saŋ",
                        "id": "X000007.10.1.0",
                        "delim": "-"
                      },
                      {
                        "v": "ki",
                        "id": "X000007.10.1.1",
                        "delim": "-"
                      },
                      {
                        "v": "a",
                        "id": "X000007.10.1.2",
                        "delim": "-"
                      },
                      {
                        "v": "ni",
                        "id": "X000007.10.1.3"
                      }
                    ],
                    "cf": "saŋki",
                    "gw": "forehead",
                    "sense": "forehead, brow",
                    "norm0": "saŋki,ani",
                    "pos": "N",
                    "epos": "N",
                    "base": "saŋ-ki",
                    "morph": "~,ani"
                  }
                },
                {
                  "node": "l",
                  "frag": "in-dadag",
                  "id": "X000007.l019e6",
                  "ref": "X000007.10.2",
                  "inst": "dadag[bright]V/i",
                  "sig": "@obmc%sux:in-dadag=dadag[bright//bright]V/i'V/i$V.n:dadag/dadag#V.n:~",
                  "f": {
                    "lang": "sux",
                    "form": "in-dadag",
                    "gdl": [
                      {
                        "v": "in",
                        "id": "X000007.10.2.0",
                        "delim": "-"
                      },
                      {
                        "v": "dadag",
                        "id": "X000007.10.2.1"
                      }
                    ],
                    "cf": "dadag",
                    "gw": "bright",
                    "sense": "bright",
                    "norm0": "V.n:dadag",
                    "pos": "V/i",
                    "epos": "V/i",
                    "base": "dadag",
                    "morph": "V.n:~"
                  }
                },
                {
                  "node": "d",
                  "type": "line-start",
                  "ref": "X000007.11",
                  "n": "9",
                  "label": "o 9"
                },
                {
                  "node": "l",
                  "frag": "ŋeš-⸢ŋiri₃⸣-a-ni",
                  "id": "X000007.l019e7",
                  "ref": "X000007.11.1",
                  "inst": "ŋešŋiri[fetters]N",
                  "sig": "@obmc%sux:ŋeš-ŋiri₃-a-ni=ŋešŋiri[fetters//fetters]N'N$ŋešŋiri,ani/ŋeš-ŋiri₃#~,ani",
                  "f": {
                    "lang": "sux",
                    "form": "ŋeš-ŋiri₃-a-ni",
                    "delim": "",
                    "gdl": [
                      {
                        "v": "ŋeš",
                        "id": "X000007.11.1.0",
                        "delim": "-"
                      },
                      {
                        "v": "ŋiri₃",
                        "id": "X000007.11.1.1",
                        "break": "damaged",
                        "ho": "1",
                        "delim": "-",
                        "hc": "1"
                      },
                      {
                        "v": "a",
                        "id": "X000007.11.1.2",
                        "delim": "-"
                      },
                      {
                        "v": "ni",
                        "id": "X000007.11.1.3"
                      }
                    ],
                    "cf": "ŋešŋiri",
                    "gw": "fetters",
                    "sense": "fetters",
                    "norm0": "ŋešŋiri,ani",
                    "pos": "N",
                    "epos": "N",
                    "base": "ŋeš-ŋiri₃",
                    "morph": "~,ani"
                  }
                },
                {
                  "node": "l",
                  "frag": "in-duh",
                  "id": "X000007.l019e8",
                  "ref": "X000007.11.2",
                  "inst": "duh[to loosen, release]V/t",
                  "sig": "@obmc%sux:in-duh=duh[loosen//to loosen, release]V/t'V/t$V.n:duh/duh#V.n:~",
                  "f": {
                    "lang": "sux",
                    "form": "in-duh",
                    "gdl": [
                      {
                        "v": "in",
                        "id": "X000007.11.2.0",
                        "delim": "-"
                      },
                      {
                        "v": "duh",
                        "id": "X000007.11.2.1"
                      }
                    ],
                    "cf": "duh",
                    "gw": "loosen",
                    "sense": "to loosen, release",
                    "norm0": "V.n:duh",
                    "pos": "V/t",
                    "epos": "V/t",
                    "base": "duh",
                    "morph": "V.n:~"
                  }
                },
                {
                  "node": "d",
                  "type": "line-start",
                  "ref": "X000007.12",
                  "n": "10",
                  "label": "o 10"
                },
                {
                  "node": "l",
                  "frag": "gar₃-<<bi>>-a-ni",
                  "id": "X000007.l019e9",
                  "ref": "X000007.12.1",
                  "inst": "gar[hairstyle]N/gar₃#",
                  "sig": "@obmc%sux:gar₃-a-ni=gar[hairstyle//hairstyle]N'N$gar,ani/gar₃#~,ani",
                  "f": {
                    "lang": "sux",
                    "form": "gar₃-a-ni",
                    "delim": "",
                    "gdl": [
                      {
                        "v": "gar₃",
                        "id": "X000007.12.1.0",
                        "delim": "-"
                      },
                      {
                        "v": "bi",
                        "id": "X000007.12.1.1",
                        "statusStart": "X000007.12.1.1",
                        "o": ">>",
                        "delim": "-"
                      },
                      {
                        "v": "a",
                        "id": "X000007.12.1.2",
                        "delim": "-"
                      },
                      {
                        "v": "ni",
                        "id": "X000007.12.1.3"
                      }
                    ],
                    "cf": "gar",
                    "gw": "hairstyle",
                    "sense": "hairstyle",
                    "norm0": "gar,ani",
                    "pos": "N",
                    "epos": "N",
                    "base": "gar₃",
                    "morph": "~,ani"
                  }
                },
                {
                  "node": "l",
                  "frag": "in-kud",
                  "id": "X000007.l019ea",
                  "ref": "X000007.12.2",
                  "inst": "kud[cut]V/t/kud#V.n:~",
                  "sig": "@obmc%sux:in-kud=kud[cut//cut]V/t'V/t$V.n:kud/kud#V.n:~",
                  "f": {
                    "lang": "sux",
                    "form": "in-kud",
                    "gdl": [
                      {
                        "v": "in",
                        "id": "X000007.12.2.0",
                        "delim": "-"
                      },
                      {
                        "v": "kud",
                        "id": "X000007.12.2.1"
                      }
                    ],
                    "cf": "kud",
                    "gw": "cut",
                    "sense": "cut",
                    "norm0": "V.n:kud",
                    "pos": "V/t",
                    "epos": "V/t",
                    "base": "kud",
                    "morph": "V.n:~"
                  }
                },
                {
                  "node": "d",
                  "type": "line-start",
                  "ref": "X000007.13",
                  "n": "11",
                  "label": "o 11"
                },
                {
                  "node": "l",
                  "frag": "amar-gi-<<bi>>-a-ni",
                  "id": "X000007.l019eb",
                  "ref": "X000007.13.1",
                  "inst": "amargi[reversion]N/amar-gi#~,ani",
                  "sig": "@obmc%sux:amar-gi-a-ni=amargi[reversion//reversion]N'N$amargi,ani/amar-gi#~,ani",
                  "f": {
                    "lang": "sux",
                    "form": "amar-gi-a-ni",
                    "delim": "",
                    "gdl": [
                      {
                        "v": "amar",
                        "id": "X000007.13.1.0",
                        "delim": "-"
                      },
                      {
                        "v": "gi",
                        "id": "X000007.13.1.1",
                        "delim": "-"
                      },
                      {
                        "v": "bi",
                        "id": "X000007.13.1.2",
                        "statusStart": "X000007.13.1.2",
                        "o": ">>",
                        "delim": "-"
                      },
                      {
                        "v": "a",
                        "id": "X000007.13.1.3",
                        "delim": "-"
                      },
                      {
                        "v": "ni",
                        "id": "X000007.13.1.4"
                      }
                    ],
                    "cf": "amargi",
                    "gw": "reversion",
                    "sense": "reversion",
                    "norm0": "amargi,ani",
                    "pos": "N",
                    "epos": "N",
                    "base": "amar-gi",
                    "morph": "~,ani"
                  }
                },
                {
                  "node": "l",
                  "frag": "in-ŋar",
                  "id": "X000007.l019ec",
                  "ref": "X000007.13.2",
                  "inst": "ŋar[to place on, put on]V/t",
                  "sig": "@obmc%sux:in-ŋar=ŋar[place//to place on, put on]V/t'V/t$V.n:ŋar/ŋar#V.n:~",
                  "f": {
                    "lang": "sux",
                    "form": "in-ŋar",
                    "gdl": [
                      {
                        "v": "in",
                        "id": "X000007.13.2.0",
                        "delim": "-"
                      },
                      {
                        "v": "ŋar",
                        "id": "X000007.13.2.1"
                      }
                    ],
                    "cf": "ŋar",
                    "gw": "place",
                    "sense": "to place on, put on",
                    "norm0": "V.n:ŋar",
                    "pos": "V/t",
                    "epos": "V/t",
                    "base": "ŋar",
                    "morph": "V.n:~"
                  }
                }
              ]
            }
          ]
        }
      ]
    }
  ]
}
